Report ID,Report Version,Reporting Entity,Crash With,SV Pre-Crash Movement,CP Pre-Crash Movement,SV Precrash Speed (MPH),Narrative,Highest Injury Severity Alleged,Any Air Bags Deployed?,Was Any Vehicle Towed?,Were All Passengers Belted?,City,State,Incident Date,Incident Time (24:00),Roadway Type,Weather - Clear,Weather - Cloudy,Weather - Rain,Weather - Snow,Weather - Severe Wind,Weather - Fog/Smoke/Haze,Data Period,Manual Mode at Impact,Waymo Status,Likely Fault,Contact Initiator,Incident_Key
30270-3010,1,Waymo LLC,Animal,Proceeding Straight,"Other, see Narrative",24.0,"On April [XXX], 2022 at 11:30 PM PST a Waymo Autonomous Vehicle ('Waymo AV') operating in Phoenix, Arizona was in a collision involving an animal on [XXX] just past [XXX]. 
The Waymo AV was operating in autonomous mode on northbound [XXX] and had just passed [XXX] when a cat entered the street from the adjacent right curb. The Waymo AV then made contact with the cat. The Waymo AV braked and the Waymo AV test driver took manual control and brought the Waymo AV to a stop. At the time of the impact, the Waymo AV's Level 4 ADS was engaged in autonomous mode, and a test driver was present (in the driver's seating position). The Waymo AV did not sustain any damage and the cat was found to be deceased; the cat did not have any identification tags or other signs of ownership.
Waymo is reporting this crash under Request No. 2 of Standing General Order 2021-01. Waymo may supplement or correct its reporting with additional information as it may become available. This report was submitted from the Pacific time zone on the required date.",No Injuries Reported,No,No,Yes,Phoenix,AZ ,APR-2022,23:30,Street,Y, , , , , ,"Prior to June 16, 2025 (Amendment 2)",False,Moving,Unclear,Unclear,APR-2022_23:30_Phoenix_Animal
30270-2657,2,Waymo LLC,Motorcycle,Making Right Turn,Proceeding Straight,3.0,"The content of this report is unchanged from the initial report submitted on April [XXX], 2022 [Report ID # 30270-2657-1]. 
On April [XXX], 2022 at 6:29 PM PST a Waymo Autonomous Vehicle ('Waymo AV') operating in Phoenix, Arizona was in a collision involving a motorcycle on [XXX] at [XXX]. 
The Waymo AV was preparing to make a right turn from southbound [XXX] onto westbound [XXX], when it slowed to yield to a pedestrian crossing [XXX]. As the Waymo AV yielded, a motorcycle directly behind the Waymo AV was rear-ended by a pick-up truck. The motorcycle was pushed forward and made contact with the rear of the Waymo AV. At the time of the impact, the Waymo AV's Level 4 ADS was engaged in autonomous mode, and a test driver was present (in the driver's seating position). The Waymo AV and the motorcycle sustained damage.
Waymo is reporting this crash under Request No. 1 of Standing General Order 2021-01 because a vehicle involved was towed away and a motorcycle was damaged. Waymo may supplement or correct its reporting with additional information as it may become available. This report was submitted from the Pacific time zone on the required date.",No Injuries Reported,No,Yes,Yes,Phoenix,AZ ,APR-2022,18:29,Intersection,Y, , , , , ,"Prior to June 16, 2025 (Amendment 2)",False,Moving,Other party,Other party,APR-2022_18:29_Phoenix_Motorcycle
30270-5591,1,Waymo LLC,Van,Proceeding Straight,Proceeding Straight,1.0,"On April [XXX], 2023 at 8:02 AM PT a Waymo Autonomous Vehicle (Waymo AV) operating in Phoenix, Arizona was in a collision involving a van on [XXX] at [XXX]. 
The Waymo AV was traveling northbound on [XXX] in the leftmost lane as it was approaching the intersection with [XXX]. The signal for traffic proceeding north on [XXX] was yellow as the Waymo AV approached the intersection. The Waymo AV slowed, preparing to stop, and a van traveling directly behind the Waymo AV then made contact with the rear of the Waymo AV. At the time of the impact, the Waymo AVs Level 4 ADS was engaged in autonomous mode. Both the Waymo AV and the van sustained damage.  
Waymo is reporting this crash under Request No. 2 of Standing General Order 2021-01. Waymo may supplement or correct its reporting with additional information as it may become available.",No Injuries Reported,No,No,Yes,Phoenix,AZ ,APR-2023,8:02,Intersection,Y, , , , , ,"Prior to June 16, 2025 (Amendment 2)",False,Moving,Other party,Other party,APR-2023_8:02_Phoenix_Van
30270-5588,1,Waymo LLC,Passenger Car,Proceeding Straight,Entering Traffic,5.0,"On April [XXX], 2023 at 3:43 PM PT a Waymo Autonomous Vehicle (Waymo AV) operating in Tempe, Arizona was in a collision involving a passenger car on [XXX] at [XXX]. 
The Waymo AV was traveling southbound on [XXX] in the rightmost lane as it was approaching the intersection with [XXX]. After the Waymo AV entered the right-turn lane, a passenger car began to exit from the shopping center driveway to the right of the Waymo AV. The Waymo AV began to brake as the passenger car began to turn in front of the AV onto [XXX]. The passenger car's front bumper made contact with the front right corner of the Waymo AV. At the time of the impact, the Waymo AVs Level 4 ADS was engaged in autonomous mode. The Waymo AV did not sustain damage the passenger car sustained damage. 
Waymo is reporting this crash under Request No. 2 of Standing General Order 2021-01. Waymo may supplement or correct its reporting with additional information as it may become available.",No Injuries Reported,No,No,Yes,Tempe,AZ ,APR-2023,15:43,Intersection,Y, , , , , ,"Prior to June 16, 2025 (Amendment 2)",False,Moving,Unclear,Unclear,APR-2023_15:43_Tempe_Passenger Car
30270-7721,1,Waymo LLC,Passenger Car,Stopped,Proceeding Straight,0.0,"On April [XXX], 2024 at 3:05 PM MST a Waymo Autonomous Vehicle (Waymo AV) operating in Chandler, Arizona was in a collision involving a passenger car on [XXX] near [XXX]. 
The Waymo AV was exiting a shopping center driveway and yielding to traffic as it prepared to make a right onto eastbound [XXX] when a passenger car traveling directly behind the Waymo AV made contact with the rear of the Waymo AV. At the time of the impact, the Waymo AVs Level 4 ADS was engaged in autonomous mode. Both vehicles sustained damage.
Waymo is reporting this crash under Request No. 2 of Standing General Order 2021-01. Waymo may supplement or correct its reporting with additional information as it may become available.",No Injuries Reported,No,No,Yes,Chandler,AZ ,APR-2024,15:05,Parking Lot,Y, , , , , ,"Prior to June 16, 2025 (Amendment 2)",False,Stationary,Other party,Other party,APR-2024_15:05_Chandler_Passenger Car
30270-7720,1,Waymo LLC,Pickup Truck,Stopped,Entering Traffic,0.0,"On April [XXX], 2024 at 6:49 AM MST a Waymo Autonomous Vehicle (Waymo AV) operating in Phoenix, Arizona was in a collision involving a pickup truck on [XXX] at [XXX]. 
The Waymo AV was stopped in traffic for a red light on northbound [XXX] in the number 2 lane (of 3) when a pickup truck towing a trailer began to exit a gas station to the right of the Waymo AV. When the light turned green, the Waymo AV remained stopped, leaving space for the pickup truck-trailer combination to merge with traffic in front of the AV. As the pickup truck turned right, the front drivers side of the pickup truck made contact with the passengers side of the stopped Waymo AV.  At the time of the impact, the Waymo AVs Level 4 ADS was engaged in autonomous mode, and the passenger was not wearing a seatbelt. The Waymo AV sustained damage.
Waymo is reporting this crash under Request No. 2 of Standing General Order 2021-01. Waymo may supplement or correct its reporting with additional information as it may become available.",No Injuries Reported,No,No,"No, see Narrative",Phoenix,AZ ,APR-2024,06:49,Intersection,Y, , , , , ,"Prior to June 16, 2025 (Amendment 2)",False,Stationary,Unclear,Other party,APR-2024_06:49_Phoenix_Pickup Truck
30270-9192,1,Waymo LLC,Other Fixed Object,Proceeding Straight,,5.0,"On April [XXX], 2024 at 6:53 PM MT a Waymo Autonomous Vehicle (""Waymo AV"") operating in Paradise Valley, Arizona was in a collision involving a gate arm in a parking lot on [XXX] near [XXX]. 
The Waymo AV was traveling eastbound on [XXX] and entered a parking lot en route to a pickup located in an area of the parking lot beyond a barrier arm gate. The Waymo AV stopped outside the gate and an SUV then approached the gate from the opposite side and the gate opened. The Waymo AV yielded to the SUV as it exited the gate, then the Waymo AV entered the gate. As the Waymo AV passed through the gate, the gate arm swung downwards and the Waymo AV made contact with the gate arm. At the time of the impact, the Waymo AV's Level 4 ADS was engaged in autonomous mode. Waymo later received notice that the gate sustained damage.
Waymo is reporting this crash under Request No. 2 of Standing General Order 2021-01. Waymo may supplement or correct its reporting with additional information as it may become available.",No Injuries Reported,No,No,No Passengers in Vehicle,Paradise Valley,AZ ,APR-2024,18:53,Parking Lot,Y, , , , , ,"Prior to June 16, 2025 (Amendment 2)",False,Moving,Unclear,Unclear,APR-2024_18:53_Paradise Valley_Other Fixed Object
30270-10601,1,Waymo LLC,Passenger Car,Stopped,Proceeding Straight,0.0,"On April [XXX], 2025 at 12:22 AM MST a Waymo Autonomous Vehicle (""Waymo AV"") operating in Phoenix, Arizona was in a collision involving a passenger car on [XXX] at [XXX]. 
The Waymo AV was traveling westbound on [XXX] and came to a stop for a red light at the intersection at [XXX].  A passenger car approached the Waymo AV from behind, and the front of the passenger car made contact with the rear of the stationary Waymo AV. At the time of the impact, the Waymo AV's Level 4 ADS was engaged in autonomous mode. The Waymo AV sustained damage.
Waymo is reporting this crash under Request No. 2 of Standing General Order 2021-01. Waymo may supplement or correct its reporting with additional information as it may become available.",No Injuries Reported,No,No,Yes,Phoenix,AZ ,APR-2025,00:22,Intersection,Y, , , , , ,"Prior to June 16, 2025 (Amendment 2)",False,Stationary,Other party,Other party,APR-2025_00:22_Phoenix_Passenger Car
30270-10631,1,Waymo LLC,"Other, see Narrative",Making Right Turn,"Other, see Narrative",2.0,"On April [XXX], 2025 at 10:13 AM MST a Waymo Autonomous Vehicle (""Waymo AV"") operating in Tempe, Arizona was in a collision involving a metal chain at a parking lot entrance on [XXX] near [XXX]. 
The Waymo AV was traveling southbound on [XXX] and turned right into a parking lot entrance when the front of the Waymo AV made contact with a metal chain that was across the entrance of the lot. At the time of the impact, the Waymo AV's Level 4 ADS was engaged in autonomous mode. The Waymo AV and the metal pole holding the chain sustained damage.
Waymo is reporting this crash under Request No. 2 of Standing General Order 2021-01. Waymo may supplement or correct its reporting with additional information as it may become available.",No Injuries Reported,No,No,No Passengers in Vehicle,Tempe,AZ ,APR-2025,10:13,Parking Lot,Y, , , , , ,"Prior to June 16, 2025 (Amendment 2)",False,Moving,Waymo,Waymo,"APR-2025_10:13_Tempe_Other, see Narrative"
30270-10618,1,Waymo LLC,Passenger Car,Parked,Passing,0.0,"On April [XXX], 2025 at 11:41 PM CT a Waymo Autonomous Vehicle (""Waymo AV"") operating in Austin, Texas was in a collision involving a passenger car on [XXX] at [XXX]. 
The Waymo AV was parked with hazard lights activated at the curb for a passenger pick-up facing north on [XXX] near the intersection with [XXX]. A passenger car traveling northbound on [XXX] proceeded to pass the Waymo AV on the left, and the passenger side of the passenger car made contact with the rear driver side of the Waymo AV. At the time of the impact, the Waymo AV's Level 4 ADS was engaged in autonomous mode. Both vehicles sustained damage.
Waymo is reporting this crash under Request No. 2 of Standing General Order 2021-01. Waymo may supplement or correct its reporting with additional information as it may become available.",No Injuries Reported,No,No,No Passengers in Vehicle,Austin,TX ,APR-2025,23:41,Street,Y, , , , , ,"Prior to June 16, 2025 (Amendment 2)",False,Stationary,Unclear,Other party,APR-2025_23:41_Austin_Passenger Car
30270-10594,1,Waymo LLC,Passenger Car,Stopped,Proceeding Straight,0.0,"On April [XXX], 2025 at 12:59 AM MST a Waymo Autonomous Vehicle (""Waymo AV"") operating in Phoenix, Arizona was in a collision involving a passenger car on [XXX] at [XXX]. 
The Waymo AV was stopped facing east at a red light on [XXX] at the intersection with [XXX]. A passenger car traveling eastbound on [XXX]  directly behind the Waymo AV initially came to a stop, then began to proceed forward and the front of the passenger car made contact with the rear of the stationary Waymo AV. At the time of the impact, the Waymo AV's Level 4 ADS was engaged in autonomous mode. The passengers in the Waymo AV were not belted at the time of the collision. The Waymo AV sustained damage.
Waymo is reporting this crash under Request No. 2 of Standing General Order 2021-01. Waymo may supplement or correct its reporting with additional information as it may become available.",No Injuries Reported,No,No,"No, see Narrative",Phoenix,AZ ,APR-2025,00:59,Intersection,Y, , , , , ,"Prior to June 16, 2025 (Amendment 2)",False,Stationary,Other party,Other party,APR-2025_00:59_Phoenix_Passenger Car
30270-10595,1,Waymo LLC,Passenger Car,Stopped,Proceeding Straight,0.0,"On April [XXX], 2025 at 2:17 AM MST a Waymo Autonomous Vehicle (""Waymo AV"") operating in Tempe, Arizona was in a collision involving a passenger car on [XXX] at [XXX]. 
The Waymo AV was traveling eastbound on [XXX] and came to a stop in the right lane in a queue of traffic for a red light at the intersection of [XXX]. A passenger car traveling eastbound on [XXX] approached the Waymo AV from behind, and the front of the passenger car made contact with the rear of the stationary Waymo AV. At the time of the impact, the Waymo AV's Level 4 ADS was engaged in autonomous mode. The Waymo AV sustained damage.
Waymo is reporting this crash under Request No. 2 of Standing General Order 2021-01. Waymo may supplement or correct its reporting with additional information as it may become available.",No Injuries Reported,No,No,No Passengers in Vehicle,Tempe,AZ ,APR-2025,02:17,Street,Y, , , , , ,"Prior to June 16, 2025 (Amendment 2)",False,Stationary,Other party,Other party,APR-2025_02:17_Tempe_Passenger Car
30270-10598,1,Waymo LLC,Passenger Car,Stopped,Proceeding Straight,0.0,"On April [XXX], 2025 at 7:34 AM CST a Waymo Autonomous Vehicle (""Waymo AV"") operating in Austin, Texas was in a collision involving a passenger car on [XXX] at [XXX]. 
The Waymo AV was stopped facing east in the right turn lane on [XXX] for a red traffic light at the intersection with [XXX]. The Waymo AV began to slowly proceed forward and came to a stop to gain visibility of oncoming traffic traveling southbound on [XXX] in preparation for a right turn on red. A passenger car, which was initially stopped directly behind the Waymo AV, proceeded forward and the front of the passenger car made contact with the rear of the stationary Waymo AV. At the time of the impact, the Waymo AV's Level 4 ADS was engaged in autonomous mode. Both vehicles sustained damage.
Waymo is reporting this crash under Request No. 2 of Standing General Order 2021-01. Waymo may supplement or correct its reporting with additional information as it may become available.",No Injuries Reported,No,No,No Passengers in Vehicle,Austin,TX ,APR-2025,07:34,Intersection, , ,Y, , , ,"Prior to June 16, 2025 (Amendment 2)",False,Stationary,Other party,Other party,APR-2025_07:34_Austin_Passenger Car
30270-10558,1,Waymo LLC,"Other, see Narrative",Proceeding Straight,"Other, see Narrative",65.0,"On April [XXX], 2025 at 2:32 PM MT a Waymo Autonomous Vehicle (""Waymo AV"") operating in Scottsdale, Arizona was in a collision involving a piece of metal debris on [XXX] ([XXX]) just before Exit [XXX] to [XXX]. 
The Waymo AV was traveling north on [XXX] when its front driver side tire made contact with a piece of metal debris in the roadway and immediately deflated. At the time of the impact, the Waymo AV's Level 4 ADS was engaged in autonomous mode, and a test driver was present (in the driver's seating position). The Waymo AV sustained damage.
Waymo is reporting this crash under Request No. 1 of Standing General Order 2021-01 because a vehicle involved was towed away. Waymo may supplement or correct its reporting with additional information as it may become available.",No Injuries Reported,No,Yes,Yes,Scottsdale,AZ ,APR-2025,14:32,Highway / Freeway, ,Y, , , , ,"Prior to June 16, 2025 (Amendment 2)",False,Moving,Unclear,Unclear,"APR-2025_14:32_Scottsdale_Other, see Narrative"
30270-10471,1,Waymo LLC,"Other, see Narrative",Making Left Turn,"Other, see Narrative",25.0,"On April [XXX], 2025 at 9:42 PM MST a Waymo Autonomous Vehicle (""Waymo AV"") operating in Tempe, Arizona was in a collision involving a piece of debris on [XXX] at [XXX]. 
The Waymo AV was traveling westbound in the left turn lane of [XXX]. As the Waymo AV approached the intersection with [XXX], it made contact with a piece of debris within its lane of travel. At the time of the impact, the Waymo AV's Level 4 ADS was engaged in autonomous mode. The Waymo AV sustained damage.
Waymo is reporting this crash under Request No. 1 of Standing General Order 2021-01 because a vehicle involved was towed away. Waymo may supplement or correct its reporting with additional information as it may become available.",No Injuries Reported,No,Yes,Yes,Tempe,AZ ,APR-2025,21:42,Intersection,Y, , , , , ,"Prior to June 16, 2025 (Amendment 2)",False,Moving,Unclear,Unclear,"APR-2025_21:42_Tempe_Other, see Narrative"
30270-10527,1,Waymo LLC,Pickup Truck,Parked,Backing,0.0,"On April [XXX], 2025 at 6:25 PM MT a Waymo Autonomous Vehicle (""Waymo AV"") operating in Phoenix, Arizona was in a collision involving a pickup truck on [XXX] near [XXX]. 
The Waymo AV was parked at the curb facing east on [XXX] when a pickup truck in front of the Waymo AV began to reverse. The rear of the pickup truck then made contact with the front of the parked Waymo AV. At the time of the impact, the Waymo AV's Level 4 ADS was engaged in autonomous mode. Both vehicles sustained damage.
Waymo is reporting this crash under Request No. 1 of Standing General Order 2021-01 because a vehicle involved was towed away. Waymo may supplement or correct its reporting with additional information as it may become available.",No Injuries Reported,No,Yes,No Passengers in Vehicle,Phoenix,AZ ,APR-2025,18:25,Street, ,Y, , , , ,"Prior to June 16, 2025 (Amendment 2)",False,Stationary,Unclear,Other party,APR-2025_18:25_Phoenix_Pickup Truck
30270-10556,1,Waymo LLC,Heavy Truck,Stopped,Backing,0.0,"On April [XXX], 2025 at 1:36 PM MST a Waymo Autonomous Vehicle (""Waymo AV"") operating in Phoenix, Arizona was in a collision involving a heavy truck in a parking lot near [XXX]. 
The Waymo AV was traveling through a parking lot near [XXX] when it made a right turn between two heavy trucks partially blocking the roadway. The heavy truck to the left of the Waymo AV then began to reverse and the Waymo AV slowed to a stop to yield to the heavy truck. While the Waymo AV remained stopped, the heavy truck continued to reverse and the passenger side of the heavy trucks trailer then made contact with the front driver side of the Waymo AV. At the time of the impact, the Waymo AV's Level 4 ADS was engaged in autonomous mode. The Waymo AV sustained damage. 
Waymo is reporting this crash under Request No. 1 of Standing General Order 2021-01 because a vehicle involved was towed away. Waymo may supplement or correct its reporting with additional information as it may become available.",No Injuries Reported,No,Yes,No Passengers in Vehicle,Phoenix,AZ ,APR-2025,13:36,Parking Lot,Y, , , , , ,"Prior to June 16, 2025 (Amendment 2)",False,Stationary,Unclear,Other party,APR-2025_13:36_Phoenix_Heavy Truck
30270-10557,1,Waymo LLC,Passenger Car,Stopped,Proceeding Straight,0.0,"On April [XXX], 2025 at 1:09 PM CT a Waymo Autonomous Vehicle (""Waymo AV"") operating in Austin, Texas was in a collision involving a passenger car near [XXX] and [XXX]. 
The Waymo AV was preparing to make a right turn and merge into [XXX] from a roadway that was located south of [XXX]. While the Waymo AV remained stopped at a stop sign yielding to traffic, a passenger car traveling directly behind the Waymo AV made contact with the rear of the Waymo AV. At the time of the impact, the Waymo AV's Level 4 ADS was engaged in autonomous mode. Both vehicles sustained damage.
Waymo is reporting this crash under Request No. 1 of Standing General Order 2021-01 because a vehicle involved was towed away. Waymo may supplement or correct its reporting with additional information as it may become available.",No Injuries Reported,No,Yes,No Passengers in Vehicle,Austin,TX ,APR-2025,13:09,Intersection,Y, , , , , ,"Prior to June 16, 2025 (Amendment 2)",False,Stationary,Other party,Other party,APR-2025_13:09_Austin_Passenger Car
30270-10422,2,Waymo LLC,SUV,Stopped,Proceeding Straight,0.0,"The content of this report is unchanged from the initial report submitted on April 9, 2025 [REDACTED, MAY CONTAIN CONFIDENTIAL BUSINESS INFORMATION]. 
On April [XXX], 2025 at 2:11 AM MST a Waymo Autonomous Vehicle (""Waymo AV"") operating in Scottsdale, Arizona was in a collision involving an SUV in an alley behind [XXX]. 
The Waymo AV was stopped facing south in a narrow alley behind [XXX] following a passenger pick-up. While attempting to reverse to exit the alley, the Waymo AV yielded to multiple pedestrians in front and behind the Waymo AV. An SUV traveling northbound down the alley then began to maneuver past the Waymo AV on the right. As the SUV passed by the stationary Waymo AV, the passenger side of the SUV made contact with the rear passenger side of the Waymo AV. At the time of the impact, the Waymo AV's Level 4 ADS was engaged in autonomous mode. Both vehicles sustained damage. One of the passengers in the Waymo AV was not belted.
Waymo is reporting this crash under Request No. 1 of Standing General Order 2021-01 because on 4/9/2025 it was determined that a vulnerable road user influenced the driving task of a vehicle involved. Waymo may supplement or correct its reporting with additional information as it may become available.",No Injuries Reported,No,No,"No, see Narrative",Scottsdale,AZ ,APR-2025,02:11,Street,Y, , , , , ,"Prior to June 16, 2025 (Amendment 2)",False,Stationary,Unclear,Other party,APR-2025_02:11_Scottsdale_SUV
30270-10418,1,Waymo LLC,Bus,Stopped,Proceeding Straight,0.0,"On April [XXX], 2025 at 1:33 PM CT a Waymo Autonomous Vehicle (""Waymo AV"") operating in Austin, Texas was in a collision involving a bus on [XXX] at [XXX]. 
The Waymo AV was traveling westbound in the second from the right lane on [XXX] and stopped at a red light at the intersection at [XXX] when a bus traveling westbound in the lane directly to the left of the Waymo AV crossed partially into the lane occupied by the Waymo AV and came to a stop for the red light. As the light turned green, the bus passed the Waymo AV and the rear passenger side of the bus made contact with the driver side mirror of the Waymo AV. At the time of the impact, the Waymo AV's Level 4 ADS was engaged in autonomous mode. The Waymo AV sustained damage.
Waymo is reporting this crash under Request No. 1 of Standing General Order 2021-01 because a vehicle involved was towed away. Waymo may supplement or correct its reporting with additional information as it may become available.",No Injuries Reported,No,Yes,Yes,Austin,TX ,APR-2025,13:33,Intersection,Y, , , , , ,"Prior to June 16, 2025 (Amendment 2)",False,Stationary,Unclear,Other party,APR-2025_13:33_Austin_Bus
30270-10384,1,Waymo LLC,Passenger Car,Stopped,Making Left Turn,0.0,"On April [XXX], 2025 at 3:42 PM MST a Waymo Autonomous Vehicle (""Waymo AV"") operating in Scottsdale, Arizona was in a collision involving a passenger car on [XXX] at [XXX]. 
The Waymo AV was traveling westbound on [XXX] and preparing to make a protected left turn onto [XXX] from the rightmost of two left turn lanes, when the traffic light changed to yellow as the Waymo AV approached the entrance of the intersection. The Waymo AV entered the intersection to make the left turn, but came to a stop when the traffic light turned red, yielding to oncoming traffic in the eastbound direction that now had a green light. While the Waymo AV remained stopped, a passenger car that was turning directly behind the Waymo AV maneuvered around the left side of the Waymo AV and the front passenger side of the passenger car made contact with the rear driver side of the Waymo AV. At the time of the impact, the Waymo AV's Level 4 ADS was engaged in autonomous mode. The Waymo AV sustained damage.
Waymo is reporting this crash under Request No. 1 of Standing General Order 2021-01 because a vehicle involved was towed away. Waymo may supplement or correct its reporting with additional information as it may become available.",No Injuries Reported,No,Yes,Yes,Scottsdale,AZ ,APR-2025,15:42,Intersection,Y, , , , , ,"Prior to June 16, 2025 (Amendment 2)",False,Stationary,Unclear,Other party,APR-2025_15:42_Scottsdale_Passenger Car
30270-10561,1,Waymo LLC,Other Fixed Object,Proceeding Straight,,5.0,"On April[XXX], 2025 at 10:41 PM ET a Waymo Autonomous Vehicle (""Waymo AV"") operating in Atlanta, Georgia was in a collision involving a traffic control gate arm on [XXX] near [XXX]. 
The Waymo AV was traveling southbound on [XXX] and came to a stop behind a passenger car that had stopped for a closed traffic control gate arm. While the Waymo AV remained stopped, the gate arm rose to allow the passenger car to pass through. After the passenger car had passed through the gate, the Waymo AV began to proceed through the open gate when the gate arm lowered and made contact with the front of the Waymo AV. At the time of the impact, the Waymo AV's Level 4 ADS was engaged in autonomous mode. The Waymo AV sustained damage.
Waymo is reporting this crash under Request No. 2 of Standing General Order 2021-01. Waymo may supplement or correct its reporting with additional information as it may become available.",No Injuries Reported,No,No,No Passengers in Vehicle,Atlanta,GA ,APR-2025,22:41,Street,Y, , , , , ,"Prior to June 16, 2025 (Amendment 2)",False,Moving,Other party,Other party,APR-2025_22:41_Atlanta_Other Fixed Object
30270-10570,1,Waymo LLC,SUV,Proceeding Straight,Proceeding Straight,10.0,"On April [XXX], 2025 at 12:48 AM MST a Waymo Autonomous Vehicle (""Waymo AV"") operating in Scottsdale, Arizona was in a collision involving an SUV in an alley behind [XXX]. 
The Waymo AV was traveling northbound in the alley behind [XXX] when an SUV parked in a carport to the right of the Waymo AV began to exit its parking stall and proceed into the alley. As the Waymo AV passed the wall of the carport stall, the front driver side of the SUV made contact with the front passenger side of the Waymo AV. At the time of the impact, the Waymo AV's Level 4 ADS was engaged in autonomous mode. Both vehicles sustained damage.
Waymo is reporting this crash under Request No. 1 of Standing General Order 2021-01 because a vehicle involved was towed away. Waymo may supplement or correct its reporting with additional information as it may become available.",No Injuries Reported,No,Yes,No Passengers in Vehicle,Scottsdale,AZ ,APR-2025,00:48,Street,Y, , , , , ,"Prior to June 16, 2025 (Amendment 2)",False,Moving,Unclear,Other party,APR-2025_00:48_Scottsdale_SUV
30270-10589,2,Waymo LLC,SUV,Stopped,Passing,0.0,"The content of this report is unchanged from the initial report submitted on April 28, 2025 [REDACTED, MAY CONTAIN CONFIDENTIAL BUSINESS INFORMATION]. 
On April [XXX], 2025 at 2:43 AM MST a Waymo Autonomous Vehicle (""Waymo AV"") operating in Phoenix, Arizona was in a collision involving an SUV in a parking lot at [XXX]. 
The Waymo AV was stopped facing east in a parking lot at [XXX] after a stop for a passenger pick-up. While the Waymo AV remained stopped, an SUV began to pass the Waymo AV on the left and the passenger side of the SUV made contact with the rear driver side of the stationary Waymo AV. At the time of the impact, the Waymo AV's Level 4 ADS was engaged in autonomous mode. The SUV sustained damage.
Waymo is reporting this crash under Request No. 1 of Standing General Order 2021-01 because a vulnerable road user influenced the driving task of a vehicle involved. Waymo may supplement or correct its reporting with additional information as it may become available.",No Injuries Reported,No,No,No Passengers in Vehicle,Phoenix,AZ ,APR-2025,02:43,Parking Lot,Y, , , , , ,"Prior to June 16, 2025 (Amendment 2)",False,Stationary,Unclear,Other party,APR-2025_02:43_Phoenix_SUV
30270-10639,1,Waymo LLC,Passenger Car,Stopped,Proceeding Straight,0.0,"On April [XXX], 2025 at 7:41 AM MST a Waymo Autonomous Vehicle (""Waymo AV"") operating in Tempe, Arizona was in a collision involving a passenger car on [XXX] at an off-ramp onto [XXX]. 
The Waymo AV was stopped in a queue of traffic facing north on an off-ramp of [XXX] at the T-intersection with [XXX] in the leftmost right turn lane waiting for eastbound traffic to clear before proceeding to merge right onto [XXX]. The Waymo AV began to proceed forward once the vehicle ahead made its turn, then came to a stop as it moved forward onto [XXX]. A passenger car traveling directly behind the Waymo AV approached the Waymo AV from behind, and the front of the passenger car made contact with the rear of the Waymo AV. At the time of the impact, the Waymo AV's Level 4 ADS was engaged in autonomous mode, and a test driver was present in the driver's seating position. Both vehicles sustained damage.
Waymo is reporting this crash under Request No. 1 of Standing General Order 2021-01 because a vehicle involved was towed away. Waymo may supplement or correct its reporting with additional information as it may become available.",No Injuries Reported,No,Yes,Yes,Tempe,AZ ,APR-2025,07:41,Intersection,Y, , , , , ,"Prior to June 16, 2025 (Amendment 2)",False,Stationary,Other party,Other party,APR-2025_07:41_Tempe_Passenger Car
30270-10749,1,Waymo LLC,Pickup Truck,Stopped,Proceeding Straight,0.0,"On April [XXX], 2025 at 8:17 PM MST a Waymo Autonomous Vehicle (""Waymo AV"") operating in Phoenix, Arizona was in a collision involving a pickup truck on [XXX] at [XXX]. 
The Waymo AV was stopped facing east on [XXX] in the rightmost lane for a red light at the intersection of [XXX]. While the Waymo AV remained stopped for the red light, a pickup truck approached the Waymo AV from behind and the front of the pickup truck made contact with the rear of the stationary Waymo AV. At the time of the impact, the Waymo AV's Level 4 ADS was engaged in autonomous mode. The Waymo AV sustained damage.
Waymo is reporting this crash under Request No. 2 of Standing General Order 2021-01. Waymo may supplement or correct its reporting with additional information as it may become available.",No Injuries Reported,No,No,No Passengers in Vehicle,Phoenix,AZ ,APR-2025,20:17,Intersection,Y, , , , , ,"Prior to June 16, 2025 (Amendment 2)",False,Stationary,Other party,Other party,APR-2025_20:17_Phoenix_Pickup Truck
30270-10728,1,Waymo LLC,Pickup Truck,Stopped,Proceeding Straight,0.0,"On April [XXX], 2025 at 3:08 AM MST a Waymo Autonomous Vehicle (""Waymo AV"") operating in Phoenix, Arizona was in a collision involving a pickup truck on [XXX] at [XXX]. 
The Waymo AV was traveling southbound on [XXX] in the left turn lane and came to a stop for a red light at the intersection at [XXX]. A pickup truck traveling directly behind the Waymo AV approached the Waymo AV from behind and the front of the pickup truck made contact with the rear of the stationary Waymo AV. The passenger seated in the rear of the Waymo AV was not belted at the time of the collision, having not put the seat belt on at the start of the trip. At the time of the impact, the Waymo AV's Level 4 ADS was engaged in autonomous mode. Both vehicles sustained damage.
Waymo is reporting this crash under Request No. 2 of Standing General Order 2021-01. Waymo may supplement or correct its reporting with additional information as it may become available.",Minor,No,No,"No, see Narrative",Phoenix,AZ ,APR-2025,03:08,Intersection,Y, , , , , ,"Prior to June 16, 2025 (Amendment 2)",False,Stationary,Other party,Other party,APR-2025_03:08_Phoenix_Pickup Truck
30270-10760,1,Waymo LLC,Passenger Car,Stopped,Backing,0.0,"On April [XXX], 2025 at 4:43 PM CDT a Waymo Autonomous Vehicle (""Waymo AV"") operating in Austin, Texas was in a collision involving a passenger car on [XXX] at [XXX]. 
The Waymo AV turned right out of a parking lot onto westbound [XXX], and came to a stop in a queue of traffic at a red light at the intersection with [XXX]. A passenger car stopped directly in front of the Waymo AV reversed, and the rear of the passenger car made contact with the front of the Waymo AV. At the time of the impact, the Waymo AV's Level 4 ADS was engaged in autonomous mode. Both vehicles sustained damage.
Waymo is reporting this crash under Request No. 2 of Standing General Order 2021-01. Waymo may supplement or correct its reporting with additional information as it may become available.",No Injuries Reported,No,No,Yes,Austin,TX ,APR-2025,16:43,Street,Y, , , , , ,"Prior to June 16, 2025 (Amendment 2)",False,Stationary,Other party,Other party,APR-2025_16:43_Austin_Passenger Car