Report ID,Report Version,Reporting Entity,Crash With,SV Pre-Crash Movement,CP Pre-Crash Movement,SV Precrash Speed (MPH),Narrative,Highest Injury Severity Alleged,Any Air Bags Deployed?,Was Any Vehicle Towed?,Were All Passengers Belted?,City,State,Incident Date,Incident Time (24:00),Roadway Type,Weather - Clear,Weather - Cloudy,Weather - Rain,Weather - Snow,Weather - Severe Wind,Weather - Fog/Smoke/Haze,Data Period,Manual Mode at Impact,Waymo Status,Likely Fault,Contact Initiator,Incident_Key
30270-10800,1,Waymo LLC,Passenger Car,Parked,Backing,0.0,"On Tuesday, April [XXX], 2025 at 2:37 AM CDT, a Waymo Autonomous Vehicle (""Waymo AV"") operating in Austin, Texas was in a collision involving a passenger car on [XXX] at [XXX].
The Waymo AV was parked at the curb facing south on [XXX] when a passenger car reversed into the vacant parallel parking space in front of the Waymo AV. The rear of the passenger car made contact with the front of the Waymo AV. At the time of the impact, the Waymo AV's Level 4 ADS was engaged in autonomous mode. The Waymo AV sustained damage.
Waymo is reporting this crash under Request No. 2 of Standing General Order 2021-01. Waymo may supplement or correct its reporting with additional information as it may become available.",No Injuries Reported,No,No,No Passengers in Vehicle,Austin,TX ,APR-2025,02:37,Street,Y, , , , , ,"Prior to June 16, 2025 (Amendment 2)",False,Stationary,Other party,Other party,APR-2025_02:37_Austin_Passenger Car
30270-10640,1,Waymo LLC,SUV,Stopped,Backing,0.0,"On April [XXX], 2025 at 12:47 PM MST a Waymo Autonomous Vehicle (""Waymo AV"") operating in Phoenix, Arizona was in a collision involving an SUV in the West Parking Lot off of [XXX] at the [XXX]. 
The Waymo AV was parked facing south in a parking stall in the West Parking Lot off of [XXX}. The Waymo AV proceeded to reverse to exit the parking stall, and came to a stop to yield to an SUV that was stopped in-lane facing east to the left of the Waymo AV, at an intersection within the parking lot. As the Waymo AV was preparing to maneuver around the SUV, a second Waymo AV approached both vehicles from the south in the north-south travel lane of the parking lot and came to a stop in front of the SUV. The SUV reversed and the rear passenger side of the SUV made contact with the driver side of the Waymo AV. At the time of the impact, the Waymo AV's Level 4 ADS was engaged in autonomous mode. Both vehicles sustained damage.
Waymo is reporting this crash under Request No. 1 of Standing General Order 2021-01 because a vehicle involved was towed away. Waymo may supplement or correct its reporting with additional information as it may become available.",No Injuries Reported,No,Yes,No Passengers in Vehicle,Phoenix,AZ ,APR-2025,12:47,Parking Lot,Y, , , , , ,"Prior to June 16, 2025 (Amendment 2)",False,Stationary,Unclear,Other party,APR-2025_12:47_Phoenix_SUV
30270-10718,1,Waymo LLC,Passenger Car,Stopped,Proceeding Straight,0.0,"On April [XXX], 2025 at 8:57 PM CDT a Waymo Autonomous Vehicle (""Waymo AV"") operating in Austin, Texas was in a collision involving a passenger car on [XXX] at [XXX]. 
The Waymo AV was traveling eastbound in the right turn lane of [XXX] and came to a stop in a queue of traffic for a red traffic light at the intersection with [XXX]. A passenger car travelling directly behind the Waymo AV initially came to a stop in the queue of traffic, then began to proceed forward and the front of the passenger car made contact with the rear of the stationary Waymo AV. At the time of the impact, the Waymo AV's Level 4 ADS was engaged in autonomous mode. The Waymo AV sustained damage.
Waymo is reporting this crash under Request No. 2 of Standing General Order 2021-01. Waymo may supplement or correct its reporting with additional information as it may become available.",No Injuries Reported,No,No,No Passengers in Vehicle,Austin,TX ,APR-2025,20:57,Street,Y, , , , , ,"Prior to June 16, 2025 (Amendment 2)",False,Stationary,Other party,Other party,APR-2025_20:57_Austin_Passenger Car
30270-10667,1,Waymo LLC,SUV,Parked,Proceeding Straight,0.0,"On April [XXX], 2025 at 1:52 AM MST a Waymo Autonomous Vehicle (""Waymo AV"") operating in Scottsdale, Arizona was in a collision involving an SUV in an alley behind [XXX]. 
The Waymo AV was parked in-lane with hazard lights activated, facing north in an alley behind [XXX] for a passenger pick-up. An SUV traveling northbound in the alley came to a stop behind the Waymo AV, then began to pass the Waymo AV on the left side. As the SUV passed by the parked Waymo AV, the passenger side of the SUV made contact with the rear driver side of the Waymo AV. At the time of the impact, the Waymo AV's Level 4 ADS was engaged in autonomous mode. The SUV sustained damage.
Waymo is reporting this crash under Request No. 2 of Standing General Order 2021-01. Waymo may supplement or correct its reporting with additional information as it may become available.",No Injuries Reported,No,No,No Passengers in Vehicle,Scottsdale,AZ ,APR-2025,01:52,Street,Y, , , , , ,"Prior to June 16, 2025 (Amendment 2)",False,Stationary,Unclear,Other party,APR-2025_01:52_Scottsdale_SUV
30270-10669,1,Waymo LLC,Passenger Car,Parked,Backing,0.0,"On April [XXX], 2025 at 12:28 PM MST a Waymo Autonomous Vehicle (""Waymo AV"") operating in Scottsdale, Arizona was in a collision involving a passenger car in a parking lot near [XXX]. 
The Waymo AV was traveling westbound in a parking lot near [XXX] when it stopped for a rider pick-up. While the Waymo AV remained parked with hazard lights activated, a passenger car in a parking spot to the left of the Waymo AV reversed and the rear of the passenger car made contact with the driver side of the stationary Waymo AV. At the time of the impact, the Waymo AV's Level 4 ADS was engaged in autonomous mode. Both vehicles sustained damage.
Waymo is reporting this crash under Request No. 2 of Standing General Order 2021-01. Waymo may supplement or correct its reporting with additional information as it may become available.",No Injuries Reported,No,No,No Passengers in Vehicle,Scottsdale,AZ ,APR-2025,12:28,Parking Lot,Y, , , , , ,"Prior to June 16, 2025 (Amendment 2)",False,Stationary,Unclear,Other party,APR-2025_12:28_Scottsdale_Passenger Car
30270-10670,1,Waymo LLC,Passenger Car,Parked,Proceeding Straight,0.0,"On April [XXX], 2025 at 9:03 PM MST a Waymo Autonomous Vehicle (""Waymo AV"") operating in Tempe, Arizona was in a collision involving a passenger car in a parking lot at [XXX]. 
The Waymo AV was parked facing north in a narrow portion of a parking lot at [XXX] for a passenger drop-off. While the Waymo AV remained parked, a passenger car traveling southbound in the parking lot proceeded to pass the Waymo AV on the right, and the front passenger side of the passenger car made contact with the front passenger side of the stationary Waymo AV. A passenger, who was seated in the rear of the Waymo AV, was not belted at the time of the collision as they were preparing to exit the Waymo AV. At the time of the impact, the Waymo AV's Level 4 ADS was engaged in autonomous mode. Both vehicles sustained damage.
Waymo is reporting this crash under Request No. 2 of Standing General Order 2021-01. Waymo may supplement or correct its reporting with additional information as it may become available.",No Injuries Reported,No,No,"No, see Narrative",Tempe,AZ ,APR-2025,21:03,Parking Lot,Y, , , , , ,"Prior to June 16, 2025 (Amendment 2)",False,Stationary,Unclear,Other party,APR-2025_21:03_Tempe_Passenger Car
30270-10725,1,Waymo LLC,Pickup Truck,Parked,Proceeding Straight,0.0,"On April [XXX], 2025 at 2:42 AM CT a Waymo Autonomous Vehicle (""Waymo AV"") operating in Austin, Texas was in a collision involving a pickup truck in a parking lot off of [XXX] near [XXX]. 
The Waymo AV was stopped facing northwest with hazard lights activated in a narrow parking lot off of [XXX] for a passenger pick-up. A pickup truck traveling southeast in the parking lot began to maneuver past the Waymo AV on the right. As the pickup truck passed by the stationary Waymo AV, the passenger side of the pickup truck made contact with the rear passenger side of the Waymo AV. At the time of the impact, the Waymo AV's Level 4 ADS was engaged in autonomous mode. Both vehicles sustained damage. Both of the passengers, who were seated in the rear of the Waymo AV, were not belted at the time of the collision, having just entered the Waymo AV.
Waymo is reporting this crash under Request No. 2 of Standing General Order 2021-01. Waymo may supplement or correct its reporting with additional information as it may become available.",No Injuries Reported,No,No,"No, see Narrative",Austin,TX ,APR-2025,02:42,Parking Lot,Y, , , , , ,"Prior to June 16, 2025 (Amendment 2)",False,Stationary,Unclear,Other party,APR-2025_02:42_Austin_Pickup Truck
30270-11297,1,Waymo LLC,"Other, see Narrative",Proceeding Straight,"Other, see Narrative",5.0,"On April [XXX], 2025 at 7:21 AM MT a Waymo Autonomous Vehicle (""Waymo AV"") operating in Phoenix, Arizona was in a collision involving a chain at a parking lot entrance at [XXX]. 
The Waymo AV was traveling westbound on [XXX] when it made a left turn into a parking lot at [XXX]. As the Waymo AV proceeded to enter the parking lot, the front of the Waymo AV made contact with a chain hanging across the entrance to the parking lot. At the time of the impact, the Waymo AV's Level 4 ADS was engaged in autonomous mode. The chain sustained damage. Waymo became aware of damage to the chain on June 26th, 2025.
Waymo is reporting this crash under Request No. 2 of Standing General Order 2021-01. Waymo may supplement or correct its reporting with additional information as it may become available.",Property Damage. No Injured Reported,"No Subject Vehicle, No Crash Partner","No Subject Vehicle, No Crash Partner",Subject Vehicle - No Passenger In Vehicle,Phoenix,AZ,APR-2025,07:21,Parking Lot, ,Y, , , , ,"After June 16, 2025 (Amendment 3)",False,Moving,Waymo,Waymo,"APR-2025_07:21_Phoenix_Other, see Narrative"
30270-3837,1,Waymo LLC,Passenger Car,Proceeding Straight,Changing Lanes,45.0,"On August [XXX], 2022 at 11:03 AM PST a Waymo Autonomous Vehicle (""Waymo AV"") operating in Tempe, Arizona was in a collision involving a passenger vehicle on [XXX] near [XXX].
The Waymo AV was traveling northbound on [XXX] and had passed [XXX] when a passenger vehicle approached the Waymo AV from behind. The passenger vehicle then made a lane change into its adjacent right lane, and passed the Waymo AV. As it passed the Waymo AV, the passenger vehicle made a lane change back into the left adjacent lane, and its driver side rear quarter panel made contact with the Waymo AV's passenger side front quarter panel. At the time of the impact, the Waymo AV's Level 4 ADS was engaged in autonomous mode, and a test driver was present (in the driver's seating position). Both vehicles sustained damage.
Waymo is reporting this crash under Request No. 2 of Standing General Order 2021-01. Waymo may supplement or correct its reporting with additional information as it may become available.",No Injuries Reported,No,No,Yes,Tempe,AZ ,AUG-2022,11:03,Street,Y, , , , , ,"Prior to June 16, 2025 (Amendment 2)",False,Moving,Unclear,Unclear,AUG-2022_11:03_Tempe_Passenger Car
30270-3838,1,Waymo LLC,Pickup Truck,Stopped,Backing,0.0,"On August [XXX], 2022 at 12:23 PM PST a Waymo Autonomous Vehicle (""Waymo AV"") operating in Chandler, Arizona was in a collision involving a pick-up truck at [XXX]. 
The Waymo AV stopped in a parking lot to drop-off a passenger. Shortly after the Waymo AV pulled over, a pick-up truck that was parked perpendicular to the Waymo AV moved backward and its rear bumper made contact with the passenger side rear quarter panel of the Waymo AV. At the time of the impact, the Waymo AV's Level 4 ADS was engaged in autonomous mode, and the passenger had just unbuckled their seat belt to deboard. Both vehicles sustained damage.
Waymo is reporting this crash under Request No. 2 of Standing General Order 2021-01. Waymo may supplement or correct its reporting with additional information as it may become available.",No Injuries Reported,No,No,"No, see Narrative",Chandler,AZ ,AUG-2022,12:23,Parking Lot,Y, , , , , ,"Prior to June 16, 2025 (Amendment 2)",False,Stationary,Unclear,Other party,AUG-2022_12:23_Chandler_Pickup Truck
30270-3841,1,Waymo LLC,Animal,Proceeding Straight,"Other, see Narrative",23.0,"On August [XXX], 2022 at 11:30 PM PST a Waymo Autonomous Vehicle (""Waymo AV"") operating in Phoenix, Arizona was in a collision involving a domestic dog on the 800 block of [XXX].
The Waymo AV was traveling eastbound on [XXX] when a domestic dog ran into the street in front of the Waymo AV. The Waymo AV then made contact with the dog and the dog died at the scene. At the time of the impact, the Waymo AV's Level 4 ADS was engaged in autonomous mode, and a test driver was present (in the driver's seating position). 
Waymo is reporting this crash under Request No. 2 of Standing General Order 2021-01. Waymo may supplement or correct its reporting with additional information as it may become available.",No Injuries Reported,No,No,Yes,Phoenix,AZ ,AUG-2022,23:30,Street, , , , , , ,"Prior to June 16, 2025 (Amendment 2)",False,Moving,Unclear,Unclear,AUG-2022_23:30_Phoenix_Animal
30270-3848,1,Waymo LLC,Heavy Truck,Proceeding Straight,Changing Lanes,61.0,"On August [XXX], 2022 at 6:33 PM PST a Waymo Autonomous Vehicle (""Waymo AV"") Peterbilt Class 8 semi-truck and trailer, operating in Ennis, Texas was in a collision involving a Class 8 semi-truck and trailer on northbound [XXX] near [XXX]. 
The Waymo AV was traveling in autonomous mode in the middle lane on [XXX] when a Class 8 semi-truck and trailer began to pass it in the adjacent left lane. Before the adjacent Class 8 semi-truck and trailer had fully passed the Waymo AV, it began to execute a right lane change and its trailer (the right side, rear section) entered the lane in which the Waymo AV was traveling and made contact with the driver side of the Waymo AV cab. The Waymo AV transitioned to manual mode and the test driver took control. At the time of the impact, the Waymo AV's ADS was engaged in autonomous mode, and a test driver was present (in the driver's seating position). The Waymo AV sustained damage and the third-party Class 8 semi-truck and trailer did not stop to exchange information. 
Waymo is reporting this crash under Request No. 2 of Standing General Order 2021-01. Waymo may supplement or correct its reporting with additional information as it may become available.",No Injuries Reported,No,No,Yes,Ennis,TX ,AUG-2022,18:33,Highway / Freeway, ,Y, , , , ,"Prior to June 16, 2025 (Amendment 2)",False,Moving,Unclear,Other party,AUG-2022_18:33_Ennis_Heavy Truck
30270-3851,1,Waymo LLC,Passenger Car,Proceeding Straight,Stopped,10.0,"On August [XXX], 2022 at 12:06 AM PST a Waymo Autonomous Vehicle (""Waymo AV"") operating in Tempe, Arizona was in a collision involving a passenger vehicle near [XXX]. 
The Waymo AV was traveling eastbound on [XXX] when it approached a passenger vehicle stopped along the right shoulder in the bike lane. As the Waymo AV passed the passenger vehicle, one of the passenger vehicle's driver side doors opened and made contact with the Waymo AV. At the time of the impact, the Waymo AV's Level 4 ADS was engaged in autonomous mode, and a test driver was present (in the driver's seating position). Both vehicles sustained damage.
Waymo is reporting this crash under Request No. 2 of Standing General Order 2021-01. Waymo may supplement or correct its reporting with additional information as it may become available.",No Injuries Reported,No,No,Yes,Tempe,AZ ,AUG-2022,00:06,Street, , , , , , ,"Prior to June 16, 2025 (Amendment 2)",False,Moving,Unclear,Unclear,AUG-2022_00:06_Tempe_Passenger Car
30270-6149,2,Waymo LLC,Passenger Car,Stopped,Proceeding Straight,0.0,"The content of this report is unchanged from the initial report submitted on August 18, 2023 [REDACTED, MAY CONTAIN CONFIDENTIAL BUSINESS INFORMATION]. 
On August [XXX], 2023 at 9:37 PM PT a Waymo Autonomous Vehicle (Waymo AV) operating in Tempe, Arizona was in a collision involving a passenger vehicle on [XXX] near [XXX].
The Waymo AV was stopped in traffic at a red light for a pedestrian crosswalk, facing westbound on [XXX]. A passenger vehicle behind the Waymo AV approached and made contact with the rear of the Waymo AV. At the time of the impact, the Waymo AVs Level 4 ADS was engaged in autonomous mode. Both vehicles sustained damage.
Waymo is reporting this crash under Request No. 1 of Standing General Order 2021-01 because an individual involved was transported from the scene to a hospital for medical treatment. Waymo may supplement or correct its reporting with additional information as it may become available.",Unknown,No,Yes,No Passengers in Vehicle,Tempe,AZ ,AUG-2023,21:37,Intersection,Y, , , , , ,"Prior to June 16, 2025 (Amendment 2)",False,Stationary,Other party,Other party,AUG-2023_21:37_Tempe_Passenger Car
30270-6150,1,Waymo LLC,Pickup Truck,Changing Lanes,Making Left Turn,8.0,"On August [XXX], 2023 at 6:38 PM PT a Waymo Autonomous Vehicle (Waymo AV) operating in Phoenix, Arizona was in a collision involving a pickup truck on [XXX] at [XXX].
The Waymo AV was stopped at a red light in the middle lane, facing northbound on [XXX] at [XXX]. When the light turned green, the pickup truck in the left turn lane to the left of the Waymo AV did not immediately proceed, and the Waymo AV attempted to merge into the left lane and make a left turn onto westbound [XXX] to pick up a rider that had hailed the Waymo AV while the vehicle was waiting at the red light. As the Waymo AV moved into the left lane, the adjacent pickup truck began to proceed forward and made contact with the drivers side of the Waymo AV. At the time of the impact, the Waymo AVs Level 4 ADS was engaged in autonomous mode. Both vehicles sustained damage.
Waymo is reporting this crash under Request No. 1 of Standing General Order 2021-01 because a vehicle involved was towed away. Waymo may supplement or correct its reporting with additional information as it may become available. This report was originally submitted to NHTSA on August 19, 2023 via emailed .pdf because NHTSAs online portal was offline for maintenance. Waymo submitted this report again via the re-opened portal on August 20, 2023.",No Injuries Reported,No,Yes,No Passengers in Vehicle,Phoenix,AZ ,AUG-2023,18:38,Intersection,Y, , , , , ,"Prior to June 16, 2025 (Amendment 2)",False,Moving,Unclear,Other party,AUG-2023_18:38_Phoenix_Pickup Truck
30270-6198,1,Waymo LLC,Passenger Car,Proceeding Straight,Proceeding Straight,3.0,"On August [XXX], 2023 at 8:56 PM PT a Waymo Autonomous Vehicle (""Waymo AV"") operating in Phoenix, Arizona was in a collision involving a passenger car on [XXX] at [XXX].
The Waymo AV was traveling westbound in the center lane on [XXX].  As the AV came to a stop for a red light at the intersection with [XXX], the front of the passenger car that was traveling behind the Waymo AV made contact with the rear of the Waymo AV. At the time of the impact, the Waymo AVs Level 4 ADS was engaged in autonomous mode. Both vehicles sustained damage.
Waymo is reporting this crash under Request No. 1 of Standing General Order 2021-01 because a vehicle involved was towed away. Waymo may supplement or correct its reporting with additional information as it may become available.",No Injuries Reported,No,Yes,No Passengers in Vehicle,Phoenix,AZ ,AUG-2023,20:56,Intersection,Y, , , , , ,"Prior to June 16, 2025 (Amendment 2)",False,Moving,Other party,Other party,AUG-2023_20:56_Phoenix_Passenger Car
30270-6335,1,Waymo LLC,Passenger Car,Parked,Backing,0.0,"On August [XXX], 2023 at 7:12 PM PT a Waymo Autonomous Vehicle (""Waymo"") operating in Phoenix, Arizona was in a collision involving a passenger car on [XXX] at [XXX]. 
The Waymo AV was stationary adjacent to the curb on the south side of [XXX]. A passenger car which had been parked in front of the Waymo AV began reversing and the rear of the passenger car made contact with the front of the Waymo AV. The passenger car then left the scene. At the time of the impact, the Waymo's Level 4 ADS was engaged in autonomous mode. The Waymo AV sustained damage.
Waymo is reporting this crash under Request No. 2 of Standing General Order 2021-01. Waymo may supplement or correct its reporting with additional information as it may become available.",No Injuries Reported,No,No,No Passengers in Vehicle,Phoenix,AZ ,AUG-2023,19:12,Street,Y, , , , , ,"Prior to June 16, 2025 (Amendment 2)",False,Stationary,Other party,Other party,AUG-2023_19:12_Phoenix_Passenger Car
30270-6337,1,Waymo LLC,Pickup Truck,Parked,Proceeding Straight,0.0,"On August [XXX], 2023 at 3:36 PM PT a Waymo Autonomous Vehicle (""Waymo AV"") operating in Mesa, Arizona was in a collision involving a pickup truck on [XXX] at [XXX]. 
The Waymo AV was stationary adjacent to the curb on the West side of [XXX]. A pickup truck approached the Waymo from behind and slowed to a stop immediately behind the Waymo. The pickup truck then moved slowly forward until the front of the pickup truck was touching the rear of the Waymo AV. The pickup truck then slowly pushed into the rear of the Waymo AV for a few seconds before reversing, maneuvering around the Waymo AV, and leaving the scene. 
At the time of the impact, the Waymo AV's Level 4 ADS was engaged in autonomous mode. The Waymo AV sustained damage. 
Waymo is reporting this crash under Request No. 2 of Standing General Order 2021-01. Waymo may supplement or correct its reporting with additional information as it may become available.",No Injuries Reported,No,No,No Passengers in Vehicle,Mesa,AZ ,AUG-2023,15:36,Street,Y, , , , , ,"Prior to June 16, 2025 (Amendment 2)",False,Stationary,Unclear,Other party,AUG-2023_15:36_Mesa_Pickup Truck
30270-6338,1,Waymo LLC,SUV,Proceeding Straight,Proceeding Straight,1.0,"On August [XXX], 2023 at 7:23 PM PT a Waymo Autonomous Vehicle (""Waymo AV"") operating in Phoenix, Arizona was in a collision involving an SUV on [XXX] at [XXX].
The Waymo AV was traveling north on [XXX] through the intersection with [XXX]. An SUV traveling West on [XXX] entered the intersection without stopping at the two-way stop sign on [XXX]. The Waymo AV slowed to a stop in the intersection and the front left corner of the SUV made contact with the front right corner of the Waymo AV. 
At the time of the impact, the Waymo AV's Level 4 ADS was engaged in autonomous mode. The Waymo AV sustained damage. 
Waymo is reporting this crash under Request No. 2 of Standing General Order 2021-01. Waymo may supplement or correct its reporting with additional information as it may become available.",No Injuries Reported,No,No,No Passengers in Vehicle,Phoenix,AZ ,AUG-2023,19:23,Intersection,Y, , , , , ,"Prior to June 16, 2025 (Amendment 2)",False,Moving,Unclear,Unclear,AUG-2023_19:23_Phoenix_SUV
30270-8443,1,Waymo LLC,"Other, see Narrative",Proceeding Straight,Unknown,23.0,"On August [XXX], 2024 at 7:15 AM EDT a Waymo Autonomous Vehicle (""Waymo AV"") operating in Atlanta, Georgia was in a collision involving a fallen utility line on [XXX] near [XXX].
The Waymo AV was traveling eastbound on [XXX] when the front of the Waymo AV made contact with a fallen utility line hanging from a utility pole on the right edge of the roadway into the travel lane and laying on the ground across the left half of the roadway. At the time of the impact, the Waymo AV's Level 4 ADS was engaged in autonomous mode, and a test driver was present in the driver's seating position. The Waymo AV sustained damage from contact with the non-live line.
Waymo is reporting this crash under Request No. 1 of Standing General Order 2021-01 because a vehicle involved was towed away. Waymo may supplement or correct its reporting with additional information as it may become available.",No Injuries Reported,No,Yes,Yes,Atlanta,GA ,AUG-2024,07:15,Street, ,Y, , , , ,"Prior to June 16, 2025 (Amendment 2)",False,Moving,Waymo,Waymo,"AUG-2024_07:15_Atlanta_Other, see Narrative"
30270-8619,1,Waymo LLC,Heavy Truck,Stopped,Backing,0.0,"On August [XXX], 2024 at 10:05 AM MT a Waymo Autonomous Vehicle (""Waymo AV"") operating in Phoenix, Arizona was in a collision involving a heavy truck on [XXX] near [XXX]. 
The Waymo AV was traveling eastbound on [XXX] in the right lane of two lanes in the eastbound direction.  The AV came to a stop behind a heavy truck that had exited a parking lot driveway on the right side of the roadway and stopped across both lanes. The heavy truck then began reversing towards the parking lot driveway it had exited. While the Waymo AV remained stationary, the heavy truck continued reversing and the rear of the cab made contact with the front of the Waymo AV. At the time of the impact, the Waymo AV's Level 4 ADS was engaged in autonomous mode. The Waymo AV sustained damage.
Waymo is reporting this crash under Request No. 2 of Standing General Order 2021-01.Waymo may supplement or correct its reporting with additional information as it may become available.",No Injuries Reported,No,No,Yes,Phoenix,AZ ,AUG-2024,10:05,Street,Y, , , , , ,"Prior to June 16, 2025 (Amendment 2)",False,Stationary,Other party,Other party,AUG-2024_10:05_Phoenix_Heavy Truck
30270-8357,1,Waymo LLC,Other Fixed Object,Proceeding Straight,,1.0,"On August [XXX], 2024 at 6:25 PM PT a Waymo Autonomous Vehicle (""Waymo AV"") operating in Scottsdale, Arizona was in a collision involving a gate at [XXX]. 
The Waymo AV was proceeding east through an apartment complex parking area and began passing a metal gate as it was closing. The Waymo AV maneuvered to the left and slowed in response to the closing gate but the gate made contact with the front right sensor of the Waymo AV. At the time of the impact, the Waymo AV's Level 4 ADS was engaged in autonomous mode. The Waymo AV sustained damage.
Waymo is reporting this crash under Request No. 1 of Standing General Order 2021-01 because a vehicle involved was towed away. Waymo may supplement or correct its reporting with additional information as it may become available.",No Injuries Reported,No,No,No Passengers in Vehicle,Scottsdale,AZ ,AUG-2024,18:25,Parking Lot,Y, , , , , ,"Prior to June 16, 2025 (Amendment 2)",False,Moving,Unclear,Unclear,AUG-2024_18:25_Scottsdale_Other Fixed Object
30270-8344,1,Waymo LLC,"Other, see Narrative",Proceeding Straight,"Other, see Narrative",44.0,"On August [XXX], 2024 at 12:24 PM PT a Waymo Autonomous Vehicle (""Waymo AV"") operating in Scottsdale, Arizona was in a collision involving roadway debris on [XXX] at [XXX]. 
The Waymo AV was traveling south on [XXX] in the rightmost lane and had just crossed the intersection with [XXX] when the front passenger side wheel struck a piece of wood in the roadway. At the time of the impact, the Waymo AV's Level 4 ADS was engaged in autonomous mode. The Waymo AV sustained a flat tire.
Waymo is reporting this crash under Request No. 1 of Standing General Order 2021-01 because a vehicle involved was towed away. Waymo may supplement or correct its reporting with additional information as it may become available.",No Injuries Reported,No,Yes,Yes,Scottsdale,AZ ,AUG-2024,12:24,Street,Y, , , , , ,"Prior to June 16, 2025 (Amendment 2)",False,Moving,Unclear,Unclear,"AUG-2024_12:24_Scottsdale_Other, see Narrative"
30270-8317,1,Waymo LLC,SUV,Stopped,Passing,0.0,"On August [XXX], 2024 at 2:21 PM MT a Waymo Autonomous Vehicle (""Waymo AV"") operating in Phoenix, Arizona was in a collision involving an SUV in a parking lot near [XXX] and [XXX]. 
The Waymo AV was stopped in a parking lot of an apartment complex when the Waymo AV rider opened the rear driver side door as an SUV was passing to the left side of the Waymo AV. The Waymo AV's rear driver door made contact with the front and rear passenger doors of the SUV. The passenger in the Waymo AV unbuckled their seatbelt shortly before the moment of impact, likely because the AV was at its dropoff location and the passenger was preparing to exit. At the time of the impact, the Waymo AV's Level 4 ADS was engaged in autonomous mode. Both vehicles sustained damage.
Waymo is reporting this crash under Request No. 1 of Standing General Order 2021-01 because a vehicle involved was towed away. Waymo may supplement or correct its reporting with additional information as it may become available.",No Injuries Reported,No,Yes,"No, see Narrative",Phoenix,AZ ,AUG-2024,14:21,Parking Lot,Y, , , , , ,"Prior to June 16, 2025 (Amendment 2)",False,Stationary,Other party,Other party,AUG-2024_14:21_Phoenix_SUV
30270-8631,1,Waymo LLC,Passenger Car,Stopped,Making U-Turn,0.0,"On August [XXX], 2024 at 10:59 PM PT a Waymo Autonomous Vehicle (""Waymo AV"") operating in Tempe, Arizona was in a collision involving a passenger car on [XXX] at [XXX]. 
The Waymo AV was traveling northwestbound on [XXX] and slowed to a stop in anticipation of turning right into a driveway immediately after the intersection with [XXX]. A passenger car traveling southeastbound on [XXX] made a U-turn in the near-side crosswalk just behind and to the left of the Waymo AV as the AV was slowing, and the front passenger side of the passenger car made contact with the rear driver side of the Waymo AV. At the time of the impact, the Waymo AV's Level 4 ADS was engaged in autonomous mode. Both vehicles sustained damage.
Waymo is reporting this crash under Request No. 2 of Standing General Order 2021-01. Waymo may supplement or correct its reporting with additional information as it may become available.",No Injuries Reported,No,No,No Passengers in Vehicle,Tempe,AZ ,AUG-2024,22:59,Street,Y, , , , , ,"Prior to June 16, 2025 (Amendment 2)",False,Stationary,Unclear,Other party,AUG-2024_22:59_Tempe_Passenger Car
30270-8627,1,Waymo LLC,SUV,Stopped,Passing,0.0,"On August [XXX], 2024 at 5:27 PM MT a Waymo Autonomous Vehicle (""Waymo AV"") operating in Tempe, Arizona was in a collision involving an SUV on [XXX] at [XXX].
The Waymo AV was stopped in traffic in a one-lane section of northbound [XXX], just before the road widened to include a dedicated left turn lane in the left adjacent lane ahead. While the Waymo AV remained stopped, an SUV approached the Waymo AV from behind and began to maneuver around the left side of the Waymo AV to proceed into the dedicated left turn lane. While passing the stopped Waymo AV, the passenger side of the SUV made contact with the driver side rear of the Waymo AV. At the time of the impact, the Waymo AV's Level 4 ADS was engaged in autonomous mode. Both vehicles sustained damage.
Waymo is reporting this crash under Request No. 2 of Standing General Order 2021-01. Waymo may supplement or correct its reporting with additional information as it may become available.",No Injuries Reported,No,No,Yes,Tempe,AZ ,AUG-2024,17:27,Street, ,Y, , , , ,"Prior to June 16, 2025 (Amendment 2)",False,Stationary,Unclear,Other party,AUG-2024_17:27_Tempe_SUV
30270-8483,1,Waymo LLC,Other Fixed Object,Proceeding Straight,,6.0,"On August [XXX], 2024 at 6:29 PM MT a Waymo Autonomous Vehicle (Waymo AV) operating in Paradise Valley, Arizona was in a collision involving a fixed object (broken metal base of a road sign) on [XXX] near [XXX].
The Waymo AV was stopped in an unpaved parking area alongside southbound [XXX] for a passenger pickup. After the passenger pickup was complete, the Waymo AV began to proceed forward towards [XXX], when the front passenger side tire drove over a small object embedded in the ground (which appears to be a metal base for a road sign that is no longer present). At the time of the impact, the Waymo AVs Level 4 ADS was engaged in autonomous mode. The Waymo AV sustained a flat tire.
Waymo is reporting this crash under Request No. 1 of Standing General Order 2021-01 because a vehicle involved was towed away. Waymo may supplement or correct its reporting with additional information as it may become available.",No Injuries Reported,No,Yes,Yes,Paradise Valley,AZ ,AUG-2024,18:29,Street, ,Y, , , , ,"Prior to June 16, 2025 (Amendment 2)",False,Moving,Unclear,Unclear,AUG-2024_18:29_Paradise Valley_Other Fixed Object
30270-8617,1,Waymo LLC,Passenger Car,Stopped,Proceeding Straight,0.0,"On August [XXX], 2024 at 6:59 AM MT a Waymo Autonomous Vehicle (""Waymo AV"") operating in Phoenix, Arizona was in a collision involving a passenger car on [XXX] at [XXX].
The Waymo AV was traveling eastbound on [XXX] and approached the intersection with [XXX] in the singular dedicated left turn lane to make an unprotected left turn. The Waymo AV pulled forward into the intersection at a slow rate of speed and came to a stop, yielding to high speed traffic in the oncoming lane. The passenger car that was following closely behind the Waymo AV then entered the intersection while the Waymo AV continued to yield and the front of the passenger car made contact with the rear of the Waymo AV. At the time of the impact, the Waymo AV's Level 4 ADS was engaged in autonomous mode. Both vehicles sustained damage.
Waymo is reporting this crash under Request No. 2 of Standing General Order 2021-01. Waymo may supplement or correct its reporting with additional information as it may become available.",No Injuries Reported,No,No,No Passengers in Vehicle,Phoenix,AZ ,AUG-2024,06:59,Intersection,Y, , , , , ,"Prior to June 16, 2025 (Amendment 2)",False,Stationary,Other party,Other party,AUG-2024_06:59_Phoenix_Passenger Car