Report ID,Report Version,Reporting Entity,Crash With,SV Pre-Crash Movement,CP Pre-Crash Movement,SV Precrash Speed (MPH),Narrative,Highest Injury Severity Alleged,Any Air Bags Deployed?,Was Any Vehicle Towed?,Were All Passengers Belted?,City,State,Incident Date,Incident Time (24:00),Roadway Type,Weather - Clear,Weather - Cloudy,Weather - Rain,Weather - Snow,Weather - Severe Wind,Weather - Fog/Smoke/Haze,Data Period,Manual Mode at Impact,Waymo Status,Likely Fault,Contact Initiator,Incident_Key
30270-8620,1,Waymo LLC,SUV,Stopped,Proceeding Straight,0.0,"On August [XXX], 2024 at 1:33 PM MT a Waymo Autonomous Vehicle (""Waymo AV"") operating in Phoenix, Arizona was in a collision involving an SUV on [XXX] at [XXX]. 
The Waymo AV was traveling westbound on [XXX] and came to a stop in traffic for a red light at the intersection with [XXX]. The SUV following behind the Waymo AV slowed as it approached the queue of traffic, when it was rear ended by a pickup truck following behind the SUV that did not stop. This contact from the pickup truck pushed the SUV forward, causing the front of the SUV to make contact with the rear of the stopped Waymo AV. At the time of the impact, the Waymo AV's Level 4 ADS was engaged in autonomous mode. All involved vehicles sustained damage.
Waymo is reporting this crash under Request No. 2 of Standing General Order 2021-01. Waymo may supplement or correct its reporting with additional information as it may become available.",No Injuries Reported,No,No,Yes,Phoenix,AZ ,AUG-2024,13:33,Street,Y, , , , , ,"Prior to June 16, 2025 (Amendment 2)",False,Stationary,Unclear,Other party,AUG-2024_13:33_Phoenix_SUV
30270-8606,1,Waymo LLC,Passenger Car,Stopped,Proceeding Straight,0.0,"On August [XXX], 2024 at 11:42 PM MT a Waymo Autonomous Vehicle (""Waymo AV"") operating in Phoenix, Arizona was in a collision involving a passenger car on [XXX] at [XXX]. 
The Waymo AV was stopped in traffic for a red light in the rightmost lane of eastbound [XXX] when a passenger car traveling directly behind the Waymo AV made contact with the rear of the Waymo AV. At the time of the impact, the Waymo AV's Level 4 ADS was engaged in autonomous mode. The Waymo AV sustained damage. 
Waymo is reporting this crash under Request No. 2 of Standing General Order 2021-01.  Waymo may supplement or correct its reporting with additional information as it may become available.",No Injuries Reported,No,No,No Passengers in Vehicle,Phoenix,AZ ,AUG-2024,23:42,Intersection,Y, , , , , ,"Prior to June 16, 2025 (Amendment 2)",False,Stationary,Other party,Other party,AUG-2024_23:42_Phoenix_Passenger Car
30270-8602,1,Waymo LLC,Other Fixed Object,Proceeding Straight,,10.0,"On August [XXX], 2024 at 10:25 PM MT a Waymo Autonomous Vehicle (""Waymo AV"") operating in Scottsdale, Arizona was in a collision involving a gate for a residential community on [XXX] near [XXX].
The Waymo AV was traveling southbound on [XXX] towards [XXX] and approached an open roadway gate. As the AV approached, the gate began closing and the gate made contact with the passenger side front and rear door. At the time of the impact, the Waymo AV's Level 4 ADS was engaged in autonomous mode. The Waymo AV sustained damage.
Waymo is reporting this crash under Request No. 2 of Standing General Order 2021-01. Waymo may supplement or correct its reporting with additional information as it may become available.",No Injuries Reported,No,No,No Passengers in Vehicle,Scottsdale,AZ ,AUG-2024,22:25,Street,Y, , , , , ,"Prior to June 16, 2025 (Amendment 2)",False,Moving,Unclear,Unclear,AUG-2024_22:25_Scottsdale_Other Fixed Object
30270-8608,1,Waymo LLC,SUV,Parked,Parking Maneuver,0.0,"On August [XXX], 2024 at 2:35 PM MT a Waymo Autonomous Vehicle (""Waymo AV"") operating in Tempe, Arizona was in a collision involving an SUV in a parking lot near [XXX] at [XXX]. 
The Waymo AV was stopped in a parking lot for a passenger pickup when a parked SUV began reversing out of a diagonal parking stall. The rear driver side of the SUV made contact with the front of the Waymo AV. At the time of the impact, the Waymo AV's Level 4 ADS was engaged in autonomous mode. The Waymo AV sustained damage.
Waymo is reporting this crash under Request No. 2 of Standing General Order 2021-01. Waymo may supplement or correct its reporting with additional information as it may become available.",No Injuries Reported,No,No,No Passengers in Vehicle,Tempe,AZ ,AUG-2024,14:35,Parking Lot,Y, , , , , ,"Prior to June 16, 2025 (Amendment 2)",False,Stationary,Other party,Other party,AUG-2024_14:35_Tempe_SUV
30270-8612,1,Waymo LLC,"Other, see Narrative",Proceeding Straight,"Other, see Narrative",20.0,"On August [XXX], 2024 at 8:23 PM MT a Waymo Autonomous Vehicle (""Waymo AV"") operating in Phoenix, Arizona was in a collision involving a dog on [XXX] and [XXX]. 
The Waymo AV was traveling eastbound on [XXX]  at the intersection of [XXX] when a dog ran from the north side of [XXX] towards the path of the Waymo AV. The Waymo AV engaged heavy braking but as it slowed, the rear driver side of the Waymo AV made contact with the dog. The dog then crossed behind the Waymo AV onto the south side of [XXX]. At the time of the impact, the Waymo AV's Level 4 ADS was engaged in autonomous mode. Waymo received notice of injury to the dog.
Waymo is reporting this crash under Request No. 2 of Standing General Order 2021-01.  Waymo may supplement or correct its reporting with additional information as it may become available.",No Injuries Reported,No,No,No Passengers in Vehicle,Phoenix,AZ ,AUG-2024,20:23,Street,Y, , , , , ,"Prior to June 16, 2025 (Amendment 2)",False,Moving,Unclear,Waymo,"AUG-2024_20:23_Phoenix_Other, see Narrative"
30270-8614,1,Waymo LLC,SUV,Proceeding Straight,Changing Lanes,33.0,"On August [XXX], 2024 at 2:01 PM MT a Waymo Autonomous Vehicle (""Waymo AV"") operating in Scottsdale, Arizona was in a collision involving an SUV on [XXX] at [XXX].
The Waymo AV was traveling southbound on [XXX] in the center lane of three lanes when an SUV in the left lane passed the Waymo AV. The SUV initiated a lane change into the center lane as it was still partially alongside the Waymo AV and the rear passenger side of the SUV made contact with the front driver side of the Waymo AV. At the time of the impact, the Waymo AV's Level 4 ADS was engaged in autonomous mode. Both vehicles sustained damage and the SUV left the scene.
Waymo is reporting this crash under Request No. 2 of Standing General Order 2021-01. Waymo may supplement or correct its reporting with additional information as it may become available.",No Injuries Reported,No,No,No Passengers in Vehicle,Scottsdale,AZ ,AUG-2024,14:01,Street,Y, , , , , ,"Prior to June 16, 2025 (Amendment 2)",False,Moving,Unclear,Other party,AUG-2024_14:01_Scottsdale_SUV
30270-11673,1,Waymo LLC,SUV,Stopped,Proceeding Straight,0.0,"On August [XXX], 2025 at 3:05 PM MT a Waymo Autonomous Vehicle (""Waymo AV"") operating in Scottsdale, Arizona was in a collision involving an SUV on [XXX] at [XXX]. 
The Waymo AV was stopped facing south on [XXX] in the right turn lane behind a passenger car waiting to turn right at a stop sign at the intersection with [XXX]. An SUV initially stopped behind the Waymo AV began to proceed forward and the front of the SUV made contact with the rear of the stationary Waymo AV. At the time of the impact, the Waymo AV's Level 4 ADS was engaged in autonomous mode. The Waymo AV sustained damage.
Waymo is reporting this crash under Request No. 2 of Standing General Order 2021-01. Waymo may supplement or correct its reporting with additional information as it may become available.",Property Damage. No Injured Reported,"No Subject Vehicle, No Crash Partner","No Subject Vehicle, No Crash Partner",Subject Vehicle - No Passenger In Vehicle,Scottsdale,AZ,AUG-2025,15:05,Street,Y, , , , , ,"After June 16, 2025 (Amendment 3)",False,Stationary,Other party,Other party,AUG-2025_15:05_Scottsdale_SUV
30270-11621,1,Waymo LLC,Passenger Car,Proceeding Straight,Changing Lanes,32.0,"On August [XXX], 2025 at 9:21 PM MT a Waymo Autonomous Vehicle (""Waymo AV"") operating in Phoenix, Arizona was in a collision involving a passenger car on [XXX] at [XXX]. 
The Waymo AV was traveling southbound on [XXX] in the leftmost lane. As the Waymo AV continued to proceed straight as it approached a green light at the intersection at [XXX], a passenger car traveling southbound in the adjacent, second to the leftmost lane, attempted to turn left and entered into the Waymo AV's lane of travel. The front left side of the passenger car made contact with the right side of the Waymo AV. At the time of the impact, the Waymo AV's Level 4 ADS was engaged in autonomous mode. Both vehicles sustained damage.
Waymo is reporting this crash under Request No. 2 of Standing General Order 2021-01. Waymo may supplement or correct its reporting with additional information as it may become available.",Property Damage. No Injured Reported,"No Subject Vehicle, No Crash Partner","No Subject Vehicle, No Crash Partner",Subject Vehicle - No Passenger In Vehicle,Phoenix,AZ,AUG-2025,21:21,Intersection,Y, , , , , ,"After June 16, 2025 (Amendment 3)",False,Moving,Unclear,Other party,AUG-2025_21:21_Phoenix_Passenger Car
30270-11611,1,Waymo LLC,Pickup Truck,Changing Lanes,Proceeding Straight,2.0,"On August [XXX], 2025 at 12:15 PM MT a Waymo Autonomous Vehicle (""Waymo AV"") operating in Phoenix, Arizona was in a collision involving a pickup truck on [XXX] near [XXX]. 
The Waymo AV was traveling northbound on [XXX] in the second from the right lane when it began to change lanes to the rightmost lane. As the Waymo AV was completing the lane change maneuver, a pickup truck that was stopped in the rightmost lane facing north behind and to the right of the Waymo AV proceeded forward, and the front of the pickup truck made contact with the rear right side of the Waymo AV. At the time of the impact, the Waymo AV's Level 4 ADS was engaged in autonomous mode. Both vehicles sustained damage.
Waymo is reporting this crash under Request No. 2 of Standing General Order 2021-01. Waymo may supplement or correct its reporting with additional information as it may become available.",Property Damage. No Injured Reported,"No Subject Vehicle, No Crash Partner","No Subject Vehicle, No Crash Partner",Subject Vehicle - No Passenger In Vehicle,Phoenix,AZ,AUG-2025,12:15,Street,Y, , , , , ,"After June 16, 2025 (Amendment 3)",False,Moving,Unclear,Other party,AUG-2025_12:15_Phoenix_Pickup Truck
30270-11594,1,Waymo LLC,Other Fixed Object,Proceeding Straight,,2.0,"On August [XXX], 2025 at 1:32 PM MT a Waymo Autonomous Vehicle (""Waymo AV"") operating in Paradise Valley, Arizona was in a collision involving an automated flagger assistance device on [XXX] near [XXX]. 
The Waymo AV was traveling northbound on [XXX] when it came to a stop to yield to an automated flagger assistance device that was positioned near the east curb of [XXX]. The arm of the automated flagger assistance device lowered onto the front of the Waymo AV and then the Waymo AV proceeded forward, making further contact with the arm of the automated flagger assistance device. At the time of the impact, the Waymo AV's Level 4 ADS was engaged in autonomous mode. The automated flagger assistance device sustained damage.
Waymo is reporting this crash under Request No. 2 of Standing General Order 2021-01. Waymo may supplement or correct its reporting with additional information as it may become available.",Property Damage. No Injured Reported,"No Subject Vehicle, No Crash Partner","No Subject Vehicle, No Crash Partner",Subject Vehicle - All Belted,Paradise Valley,AZ,AUG-2025,13:32,Street,Y, , , , , ,"After June 16, 2025 (Amendment 3)",False,Moving,Unclear,Unclear,AUG-2025_13:32_Paradise Valley_Other Fixed Object
30270-11502,1,Waymo LLC,Passenger Car,Parked,Proceeding Straight,0.0,"On August [XXX], 2025 at 1:47 AM MT a Waymo Autonomous Vehicle (""Waymo AV"") operating in Phoenix, Arizona was in a collision involving a passenger car in the West Parking Lot off of [XXX] at the [XXX]. 
The Waymo AV was parked facing south in a parking stall in the West Parking Lot off of [XXX]. While the Waymo AV remained parked, a passenger car that was parked in a separate row of parking stalls behind the Waymo AV proceeded forward to exit the parking stall and the front of the passenger car made contact with the rear left of the stationary Waymo AV.  At the time of the impact, the Waymo AV's Level 4 ADS was engaged in autonomous mode. Both vehicles sustained damage.
Waymo is reporting this crash under Request No. 2 of Standing General Order 2021-01. Waymo may supplement or correct its reporting with additional information as it may become available.",Property Damage. No Injured Reported,"No Subject Vehicle, No Crash Partner","No Subject Vehicle, No Crash Partner",Subject Vehicle - No Passenger In Vehicle,Phoenix,AZ,AUG-2025,01:47,Parking Lot,Y, , , , , ,"After June 16, 2025 (Amendment 3)",False,Stationary,Unclear,Other party,AUG-2025_01:47_Phoenix_Passenger Car
30270-11500,1,Waymo LLC,"Other, see Narrative",Proceeding Straight,"Other, see Narrative",13.0,"On August [XXX], 2025 at 12:42 PM MT a Waymo Autonomous Vehicle (""Waymo AV"") operating in Phoenix, Arizona was in a collision involving a section of removed pavement on [XXX] near [XXX]. 
The Waymo AV was traveling southbound through a construction zone on [XXX] in the rightmost lane delineated by a line of temporary orange pylons when it approached a parked construction truck in its lane of travel with a mounted arrow board displaying a flashing left arrow. The Waymo AV changed lanes to continue traveling southbound on [XXX] to the left of the line of pylons. As the Waymo AV continued to follow the path delineated by the pylons, it encountered a section of the pavement that had been removed creating a drop in the lane surface, and the front left wheel proceeded over the section of removed pavement.. At the time of the impact, the Waymo AV's Level 4 ADS was engaged in autonomous mode. The Waymo AV sustained damage.
Waymo is reporting this crash under Request No. 1 of Standing General Order 2021-01 because a vehicle involved was towed away. Waymo may supplement or correct its reporting with additional information as it may become available.",Property Damage. No Injured Reported,"No Subject Vehicle, No Crash Partner","Yes Subject Vehicle, No Crash Partner",Subject Vehicle - No Passenger In Vehicle,Phoenix,AZ,AUG-2025,12:42,Street,Y, , , , , ,"After June 16, 2025 (Amendment 3)",False,Moving,Unclear,Unclear,"AUG-2025_12:42_Phoenix_Other, see Narrative"
30270-11498,1,Waymo LLC,Passenger Car,Parked,Backing,0.0,"On August [XXX], 2025 at 12:38 PM MT a Waymo Autonomous Vehicle (""Waymo AV"") operating in Mesa, Arizona was in a collision involving a passenger car in a parking lot at [XXX]. 
The Waymo AV was parked with its hazard lights activated for a passenger pick-up facing west in a parking lot at [XXX]. A passenger car parked in a parking stall behind and to the right of the Waymo AV reversed out of the parking stall, and the rear left side of the passenger car made contact with the rear right side of the stationary Waymo AV.  At the time of the impact, the Waymo AV's Level 4 ADS was engaged in autonomous mode. Both vehicles sustained damage.
Waymo is reporting this crash under Request No. 2 of Standing General Order 2021-01. Waymo may supplement or correct its reporting with additional information as it may become available.",Property Damage. No Injured Reported,"No Subject Vehicle, No Crash Partner","No Subject Vehicle, No Crash Partner",Subject Vehicle - No Passenger In Vehicle,Mesa,AZ,AUG-2025,12:38,Parking Lot,Y, , , , , ,"After June 16, 2025 (Amendment 3)",False,Stationary,Unclear,Other party,AUG-2025_12:38_Mesa_Passenger Car
30270-11565,1,Waymo LLC,"Other, see Narrative",Stopped,Making Left Turn,0.0,"On August [XXX], 2025 at 3:13 PM MT a Waymo Autonomous Vehicle (""Waymo AV"") operating in Phoenix, Arizona was in a collision involving a pickup truck towing a flatbed trailer on [XXX] at [XXX]. 
The Waymo AV was stopped facing west in the left turn lane on [XXX] at a green light, yielding to eastbound traffic and waiting to make an unprotected left turn at the intersection at [XXX]. While the Waymo AV remained stopped within the crosswalk, the light turned red. A pickup truck towing a flatbed trailer that was stopped facing south in the left turn lane on [XXX] proceeded to turn left onto eastbound [XXX]. As the work truck was completing its left turn, the left side of the flat trailer made contact with the front left side of the Waymo AV. At the time of the impact, the Waymo AV's Level 4 ADS was engaged in autonomous mode. The Waymo AV sustained damage. The passenger in the Waymo AV was not belted at the time of the collision. Waymo later received a claim that included an allegation that the passenger sustained an injury of an unspecified nature.
Waymo is reporting this crash under Request No. 2 of Standing General Order 2021-01. Waymo may supplement or correct its reporting with additional information as it may become available.",Property Damage. No Injured Reported,"No Subject Vehicle, No Crash Partner","No Subject Vehicle, No Crash Partner",Subject Vehicle - Not Belted - see Narrative,Phoenix,AZ,AUG-2025,15:13,Intersection, , , , , , ,"After June 16, 2025 (Amendment 3)",False,Stationary,Unclear,Other party,"AUG-2025_15:13_Phoenix_Other, see Narrative"
30270-11569,1,Waymo LLC,Passenger Car,Proceeding Straight,Stopped,5.0,"On August [XXX], 2025 at 6:12 AM ET a Waymo Autonomous Vehicle (""Waymo AV"") operating in Atlanta, Georgia was in a collision involving a passenger car in a parking lot at [XXX]. 
The Waymo AV was traveling westbound in a parking lot at [XXX] when it made a left turn and approached a passenger car that was stopped facing south within the travel lane. While the Waymo AV was maneuvering around the passenger car on the right, a passenger in the passenger car opened the rear right side door and the door made contact with the left side of the Waymo AV. At the time of the impact, the Waymo AV's Level 4 ADS was engaged in autonomous mode. Both vehicles sustained damage.
Waymo is reporting this crash under Request No. 2 of Standing General Order 2021-01. Waymo may supplement or correct its reporting with additional information as it may become available.",Property Damage. No Injured Reported,"No Subject Vehicle, No Crash Partner","No Subject Vehicle, No Crash Partner",Subject Vehicle - No Passenger In Vehicle,Atlanta,GA,AUG-2025,06:12,Parking Lot,Y, , , , , ,"After June 16, 2025 (Amendment 3)",False,Moving,Other party,Other party,AUG-2025_06:12_Atlanta_Passenger Car
30270-11546,1,Waymo LLC,Other Fixed Object,Proceeding Straight,,29.0,"On August [XXX], 2025 at 8:14 PM MT a Waymo Autonomous Vehicle (""Waymo AV"") operating in Phoenix, Arizona was in a collision involving a fallen utility line on [XXX] near [XXX]. 
The Waymo AV was traveling westbound in the right lane on [XXX] when the front of the Waymo AV made contact with a fallen utility line hanging in the travel lane. At the time of the impact, the Waymo AV's Level 4 ADS was engaged in autonomous mode. The Waymo AV sustained damage.
Waymo is reporting this crash under Request No. 1 of Standing General Order 2021-01 because a vehicle involved was towed away. Waymo may supplement or correct its reporting with additional information as it may become available.",Property Damage. No Injured Reported,"No Subject Vehicle, No Crash Partner","Yes Subject Vehicle, No Crash Partner",Subject Vehicle - All Belted,Phoenix,AZ,AUG-2025,20:14,Street, , ,Y, , , ,"After June 16, 2025 (Amendment 3)",False,Moving,Waymo,Waymo,AUG-2025_20:14_Phoenix_Other Fixed Object
30270-11545,1,Waymo LLC,Passenger Car,Proceeding Straight,Proceeding Straight,15.0,"On August [XXX], 2025 at 5:11 PM MT a Waymo Autonomous Vehicle (""Waymo AV"") operating in Phoenix, Arizona was in a collision involving a passenger car on [XXX] at the frontage road following the off-ramp exit of Interstate [XXX]. 
The Waymo AV was traveling westbound on [XXX] and proceeding into the intersection with the frontage road off-ramp of Interstate [XXX] on a green light. As the Waymo AV began to enter the intersection, a passenger car traveling southbound on the frontage road off-ramp of Interstate [XXX] proceeded through the intersection without stopping at the red light. The Waymo AV applied hard braking and the front of the Waymo AV made contact with the left side of the passenger car. At the time of the impact, the Waymo AV's Level 4 ADS was engaged in autonomous mode. Both vehicles sustained damage.
Waymo is reporting this crash under Request No. 1 of Standing General Order 2021-01 because a vehicle involved was towed away. Waymo may supplement or correct its reporting with additional information as it may become available.",Property Damage. No Injured Reported,"No Subject Vehicle, No Crash Partner","Yes Subject Vehicle, No Crash Partner",Subject Vehicle - All Belted,Phoenix,AZ,AUG-2025,17:11,Intersection,Y, , , , , ,"After June 16, 2025 (Amendment 3)",False,Moving,Waymo,Waymo,AUG-2025_17:11_Phoenix_Passenger Car
30270-11525,1,Waymo LLC,Heavy Truck,Stopped,Making Right Turn,0.0,"On August [XXX], 2025 at 2:53 AM MT a Waymo Autonomous Vehicle (""Waymo AV"") operating in Phoenix, Arizona was in a collision involving a heavy truck at the entrance of a parking lot located at [XXX]. 
The Waymo AV was traveling eastbound on [XXX] in the right lane preparing for a right turn into a parking lot at [XXX], and a heavy truck was traveling eastbound in the left adjacent lane. As the vehicles were traveling side-by-side and approaching the parking lot entrance, the heavy truck activated its right turn signal and then the Waymo AV activated its right turn signal. As the heavy truck proceeded to make a right turn into the parking lot from the left lane and crossed into the Waymo AV's lane of travel, the Waymo AV slowed to a stop to yield to the heavy truck. The heavy truck continued to turn right into the parking lot and the right side of the heavy truck made contact with the left side of the stationary Waymo AV. At the time of the impact, the Waymo AV's Level 4 ADS was engaged in autonomous mode. The Waymo AV sustained damage.
Waymo is reporting this crash under Request No. 1 of Standing General Order 2021-01 because a vehicle involved was towed away. Waymo may supplement or correct its reporting with additional information as it may become available.",Property Damage. No Injured Reported,"No Subject Vehicle, No Crash Partner","Yes Subject Vehicle, No Crash Partner",Subject Vehicle - No Passenger In Vehicle,Phoenix,AZ,AUG-2025,02:53,Street,Y, , , , , ,"After June 16, 2025 (Amendment 3)",False,Stationary,Unclear,Other party,AUG-2025_02:53_Phoenix_Heavy Truck
30270-11571,1,Waymo LLC,"Other, see Narrative",Proceeding Straight,"Other, see Narrative",9.0,"On August [XXX], 2025 at 10:48 PM MT a Waymo Autonomous Vehicle (""Waymo AV"") operating in Phoenix, Arizona traveled through standing water on [XXX] near [XXX]. 
The Waymo AV was traveling southbound on [XXX] when it approached standing water in the Waymo AV's lane of travel. As the Waymo AV traveled through the standing water, the front, rear, and bottom of the Waymo AV made contact with the standing water. At the time of the impact, the Waymo AV's Level 4 ADS was engaged in autonomous mode. The Waymo AV sustained damage.
Waymo is reporting this crash under Request No. 1 of Standing General Order 2021-01 because a vehicle involved was towed away. Waymo may supplement or correct its reporting with additional information as it may become available.",Property Damage. No Injured Reported,"No Subject Vehicle, No Crash Partner","Yes Subject Vehicle, No Crash Partner",Subject Vehicle - No Passenger In Vehicle,Phoenix,AZ,AUG-2025,22:48,Street, , ,Y, , , ,"After June 16, 2025 (Amendment 3)",False,Moving,Unclear,Waymo,"AUG-2025_22:48_Phoenix_Other, see Narrative"
30270-4363,2,Waymo LLC,Other Fixed Object,Making Right Turn,,11.0,"Other than the updated Speed Limit field, the content of this report is unchanged from the initial report submitted on December 5, 2022 [REDACTED, MAY CONTAIN CONFIDENTIAL BUSINESS INFORMATION]. 
On December [XXX], 2022 at 9:05 PM PST a Waymo Autonomous Vehicle (Waymo AV) operating in Phoenix, Arizona was in a collision involving a fixed object in a parking lot on the 4100 block of [XXX]. 
The Waymo AV was traveling southbound in a parking lot on [XXX] when it approached a parking lot barrier arm. The Waymo AV initially slowed for the arm but then proceeded forward, making contact with it and opening it. At the time of the impact, the Waymo AVs Level 4 ADS was engaged in autonomous mode. The Waymo AV sustained damage.
Waymo is reporting this crash under Request No. 1 of Standing General Order 2021-01 because a vehicle involved was towed away. Waymo may supplement or correct its reporting with additional information as it may become available.",No Injuries Reported,No,Yes,No Passengers in Vehicle,Phoenix,AZ ,DEC-2022,21:05,Parking Lot,Y, , , , , ,"Prior to June 16, 2025 (Amendment 2)",False,Moving,Unclear,Waymo,DEC-2022_21:05_Phoenix_Other Fixed Object
30270-6906,1,Waymo LLC,Passenger Car,Proceeding Straight,"Other, see Narrative",23.0,"On December [XXX], 2023 at 6:44 AM PT a Waymo Autonomous Vehicle (Waymo AV) operating in Phoenix, Arizona was in a collision involving a passenger vehicle on [XXX] at [XXX].
The Waymo AV was traveling southbound on [XXX] in the leftmost through lane, behind an SUV as both vehicles entered the intersection with [XXX]. As the vehicles crossed the intersection, a passenger vehicle traveling eastbound on [XXX] entered the intersection against a red light and made contact with the SUV in front of the Waymo AV, and both of the other vehicles spun. The front of the Waymo AV then made contact with the rear of the passenger vehicle. At the time of the impact, the Waymo AVs Level 4 ADS was engaged in autonomous mode. All three involved vehicles sustained damage, and a person in one of the other vehicles reported minor injuries.
Waymo is reporting this crash under Request No. 1 of Standing General Order 2021-01 because a vehicle involved was towed away. Waymo may supplement or correct its reporting with additional information as it may become available.",Minor,No,Yes,Yes,Phoenix,AZ ,DEC-2023,06:44,Intersection, ,Y, , , , ,"Prior to June 16, 2025 (Amendment 2)",False,Moving,Unclear,Unclear,DEC-2023_06:44_Phoenix_Passenger Car
30270-6907,1,Waymo LLC,Pickup Truck,Proceeding Straight,Backing,2.0,"On December [XXX], 2023 at 11:16 PM PT a Waymo Autonomous Vehicle (Waymo AV) operating in Scottsdale, Arizona was in a collision involving a pickup truck on [XXX] near [XXX].
The Waymo AV was traveling eastbound on [XXX] when it came to a stop behind a pickup truck parked at an angle to the street. As the Waymo AV began to proceed, the pickup truck began to reverse and then made contact with the Waymo AV. At the time of the impact, the Waymo AVs Level 4 ADS was engaged in autonomous mode, and three of the four passengers were wearing seatbelts. The Waymo AV sustained damage.
Waymo is reporting this crash under Request No. 1 of Standing General Order 2021-01 because a vehicle involved was towed away. Waymo may supplement or correct its reporting with additional information as it may become available.",No Injuries Reported,No,Yes,"No, see Narrative",Scottsdale,AZ ,DEC-2023,00:16,Street,Y, , , , , ,"Prior to June 16, 2025 (Amendment 2)",False,Moving,Unclear,Unclear,DEC-2023_00:16_Scottsdale_Pickup Truck
30270-6901,1,Waymo LLC,Passenger Car,Making Left Turn,Proceeding Straight,10.0,"On December [XXX], 2023 at 2:38 PM PT a Waymo Autonomous Vehicle (Waymo AV) operating in Phoenix, Arizona was in a collision involving a passenger vehicle on [XXX] at [XXX].
The Waymo AV was traveling southbound on [XXX] and preparing to make a left turn onto eastbound [XXX]. As it approached the intersection, the Waymo AV slowed to yield to oncoming traffic. As the oncoming traffic passed and the Waymo AV began to initiate the turn, a passenger vehicle approached from behind and made contact with the rear of the Waymo AV. At the time of the impact, the Waymo AVs Level 4 ADS was engaged in autonomous mode. Both vehicles sustained damage.
Waymo is reporting this crash under Request No. 1 of Standing General Order 2021-01 because a vehicle involved was towed away. Waymo may supplement or correct its reporting with additional information as it may become available.",No Injuries Reported,No,Yes,Yes,Phoenix,AZ ,DEC-2023,15:38,Intersection, ,Y, , , , ,"Prior to June 16, 2025 (Amendment 2)",False,Moving,Other party,Other party,DEC-2023_15:38_Phoenix_Passenger Car
30270-7012,1,Waymo LLC,Passenger Car,Proceeding Straight,Changing Lanes,33.0,"On December [XXX], 2023 at 7:02 PM PT a Waymo Autonomous Vehicle (Waymo AV) operating in Tempe, Arizona was in a collision involving a passenger car on [XXX] at [XXX].  
The Waymo AV was traveling southbound on [XXX] in the rightmost lane of three lanes in the southbound direction. After the Waymo AV crossed the intersection with [XXX], an SUV in the leftmost lane initiated a right lane change in front of a passenger car in the middle lane. The passenger car in the middle lane then moved into the rightmost lane, and the passengers side of the passenger car made contact with the front drivers side of the Waymo AV. At the time of the impact, the Waymo AVs Level 4 ADS was engaged in autonomous mode. Both vehicles sustained damage.
Waymo is reporting this crash under Request No. 2 of Standing General Order 2021-01. Waymo may supplement or correct its reporting with additional information as it may become available.",No Injuries Reported,No,No,No Passengers in Vehicle,Tempe,AZ ,DEC-2023,19:02,Intersection,Y, , , , , ,"Prior to June 16, 2025 (Amendment 2)",False,Moving,Unclear,Unclear,DEC-2023_19:02_Tempe_Passenger Car
30270-7013,1,Waymo LLC,Pickup Truck,Proceeding Straight,"Other, see Narrative",35.0,"On December [XXX], 2023 at 10:25 AM PT a Waymo Autonomous Vehicle (Waymo AV) operating in Phoenix, Arizona was in a collision involving a pickup truck being towed on [XXX] at [XXX].  
The Waymo AV was traveling southbound on [XXX] in the left lane, with a center left turn lane to the adjacent left, and one lane to the right. The Waymo AV approached a pickup truck being towed backwards and at an angle. The truck towing the pickup truck was traveling straight in the middle turn lane, also traveling southbound on [XXX], and the pickup truck being towed was partially in the same lane as the Waymo AV and partially in the middle turn lane. As the Waymo AV and combination vehicle were proceeding straight, the front left of the Waymo AV made contact with the pickup truck being towed. At the time of the impact, the Waymo AVs Level 4 ADS was engaged in autonomous mode. The Waymo AV and the pickup truck sustained damage.
Waymo is reporting this crash under Request No. 2 of Standing General Order 2021-01. Waymo may supplement or correct its reporting with additional information as it may become available.",No Injuries Reported,No,No,No Passengers in Vehicle,Phoenix,AZ ,DEC-2023,10:25,Street,Y, , , , , ,"Prior to June 16, 2025 (Amendment 2)",False,Moving,Unclear,Waymo,DEC-2023_10:25_Phoenix_Pickup Truck
30270-7010,1,Waymo LLC,SUV,Proceeding Straight,Proceeding Straight,3.0,"On December [XXX], 2023 at 10:23 PM PT a Waymo Autonomous Vehicle (Waymo AV) operating in Tempe, Arizona was in a collision involving an SUV on [XXX] at [XXX]. 
The Waymo AV was stopped behind a motorcycle at a red light heading southeast on [XXX] as it approached the intersection at [XXX]. While the traffic light was still red, the motorcycle moved forward, and the Waymo AV slowly nudged closer to the stop line. An SUV approached from behind and made contact with the rear of the Waymo AV. At the time of the impact, the Waymo AVs Level 4 ADS was engaged in autonomous mode, and a test driver was present (in the drivers seating position). Both vehicles sustained damage, and the SUV left the scene without exchanging information.  
Waymo is reporting this crash under Request No. 2 of Standing General Order 2021-01. Waymo may supplement or correct its reporting with additional information as it may become available.",No Injuries Reported,No,No,No Passengers in Vehicle,Tempe,AZ ,DEC-2023,22:23,Intersection,Y, , , , , ,"Prior to June 16, 2025 (Amendment 2)",False,Moving,Other party,Other party,DEC-2023_22:23_Tempe_SUV