Report ID,Report Version,Reporting Entity,Crash With,SV Pre-Crash Movement,CP Pre-Crash Movement,SV Precrash Speed (MPH),Narrative,Highest Injury Severity Alleged,Any Air Bags Deployed?,Was Any Vehicle Towed?,Were All Passengers Belted?,City,State,Incident Date,Incident Time (24:00),Roadway Type,Weather - Clear,Weather - Cloudy,Weather - Rain,Weather - Snow,Weather - Severe Wind,Weather - Fog/Smoke/Haze,Data Period,Manual Mode at Impact,Waymo Status,Likely Fault,Contact Initiator,Incident_Key
30270-9169,1,Waymo LLC,Other Fixed Object,Proceeding Straight,,12.0,"On February [XXX], 2024 at 4:36 PM MT a Waymo Autonomous Vehicle (""Waymo AV"") operating in Tempe, Arizona was in a collision involving a fence on [XXX] at [XXX].  
The Waymo AV was traveling east on [XXX] in the rightmost lane when it approached a fence that was down partially on the rightmost lane and sidewalk from an abutting construction site. The front of the Waymo AV came in contact with the fence. At the time of the impact, the Waymo AV's Level 4 ADS was engaged in autonomous mode. The fence sustained damage.
Waymo is reporting this crash under Request No. 2 of Standing General Order 2021-01. Waymo may supplement or correct its reporting with additional information as it may become available.",No Injuries Reported,No,No,No Passengers in Vehicle,Tempe,AZ ,FEB-2024,16:36,Street, ,Y, , , , ,"Prior to June 16, 2025 (Amendment 2)",False,Moving,Unclear,Unclear,FEB-2024_16:36_Tempe_Other Fixed Object
30270-7313,1,Waymo LLC,Heavy Truck,Stopped,Backing,0.0,"On February [XXX], 2024 at 9:30 AM MT a Waymo Autonomous Vehicle (""Waymo AV"") operating in Phoenix, Arizona was in a collision involving a heavy truck and trailer near [XXX]. 
The Waymo AV was traveling east on [XXX] when it came to a stop for a heavy truck that was preparing to back into a driveway on the north side of [XXX]. While the Waymo remained stationary, the heavy truck continued to reverse and the right side of the heavy trucks trailer made contact with the front of the Waymo AV. At the time of the impact, the Waymo AVs Level 4 ADS was engaged in autonomous mode. The Waymo AV sustained damage.
Waymo is reporting this crash under Request No. 2 of Standing General Order 2021-01.",No Injuries Reported,No,No,Yes,Phoenix,AZ ,FEB-2024,9:30,Street,Y, , , , , ,"Prior to June 16, 2025 (Amendment 2)",False,Stationary,Other party,Other party,FEB-2024_9:30_Phoenix_Heavy Truck
30270-7312,1,Waymo LLC,"Other, see Narrative",Proceeding Straight,"Other, see Narrative",26.0,"On February [XXX], 2024 at 1:42 AM MT a Waymo Autonomous Vehicle (""Waymo AV"") operating in Phoenix, Arizona was in a collision involving debris on [XXX] towards [XXX]. 
The Waymo AV was traveling southbound on [XXX] in the center lane when the vehicle made contact with a white object that was less than 12"" in height and located in the middle of the AVs lane. At the time of the impact, the Waymo AV's Level 4 ADS was engaged in autonomous mode. The Waymo AV sustained damage.
Waymo is reporting this crash under Request No. 2 of Standing General Order 2021-01.",No Injuries Reported,No,No,No Passengers in Vehicle,Phoenix,AZ ,FEB-2024,1:42,Street,Y, , , , , ,"Prior to June 16, 2025 (Amendment 2)",False,Moving,Unclear,Unclear,"FEB-2024_1:42_Phoenix_Other, see Narrative"
30270-7311,1,Waymo LLC,SUV,Stopped,Proceeding Straight,0.0,"On February [XXX], 2024 at 6:41 PM MT a Waymo Autonomous Vehicle (""Waymo AV"") operating in Phoenix, Arizona was in a collision involving a passenger car on [XXX] and [XXX]. 
The Waymo AV was stopped at a traffic light on eastbound [XXX] at the intersection with [XXX] and waiting for lead traffic to proceed when a passenger car approached from behind and made contact with the rear of the Waymo AV.  At the time of the impact, the Waymo AV's Level 4 ADS was engaged in autonomous mode.  The Waymo AV sustained damage and the passenger car left the scene.
Waymo is reporting this crash under Request No. 2 of Standing General Order 2021-01.",No Injuries Reported,No,No,No Passengers in Vehicle,Phoenix,AZ ,FEB-2024,18:41,Street,Y, , , , , ,"Prior to June 16, 2025 (Amendment 2)",False,Stationary,Other party,Other party,FEB-2024_18:41_Phoenix_SUV
30270-7309,1,Waymo LLC,SUV,Stopped,Proceeding Straight,0.0,"On February [XXX], 2024 at 8:55 PM MST a Waymo Autonomous Vehicle (""Waymo AV"") operating in Tempe, Arizona was in a collision involving an SUV on [XXX] at [XXX].
 
The Waymo AV was stopped at a red light on southbound [XXX] at [XXX] when an SUV approached from behind and made contact with the rear of the Waymo AV. At the time of the impact, the Waymo AV's Level 4 ADS was engaged in autonomous mode. The Waymo AV sustained damage and the SUV left the scene.
Waymo is reporting this crash under Request No. 2 of Standing General Order 2021-01.",No Injuries Reported,No,No,Yes,Tempe,AZ ,FEB-2024,20:55,Intersection,Y, , , , , ,"Prior to June 16, 2025 (Amendment 2)",False,Stationary,Other party,Other party,FEB-2024_20:55_Tempe_SUV
30270-7257,2,Waymo LLC,Passenger Car,Stopped,Proceeding Straight,0.0,"On February [XXX], 2024 at 7:43 AM MT a Waymo Autonomous Vehicle (""Waymo AV"") operating in Tempe, Arizona was in a collision involving a passenger car on [XXX] at [XXX]. 
While the Waymo AV was stopped in a queue of cars at a red light in the leftmost through lane of northbound [XXX], the passenger car behind the Waymo AV proceeded forward from a stop and the front of the passenger car made contact with the rear of the Waymo AV. At the time of the impact, the Waymo's Level 4 ADS was engaged in autonomous mode. Neither vehicle sustained damage, and there were no injuries reported at the time of the collision. Waymo subsequently received notice of an allegation of minor injury from the Waymo passenger.
Waymo is reporting this crash under Request No. 1 because a vehicle involved was towed away, in part to test a new internal process related to vehicle retrievals. Waymo may supplement or correct its reporting with additional information as it may become available.
This is an update to the previously submitted report 30270-7257 submitted on March 6th, 2024, which had incorrectly provided the DRIVER / OPERATOR TYPE as ""In Vehicle (Commercial / Test)"".",Minor,No,Yes,Yes,Tempe,AZ ,FEB-2024,06:43,Street,Y, , , , , ,"Prior to June 16, 2025 (Amendment 2)",False,Stationary,Other party,Other party,FEB-2024_06:43_Tempe_Passenger Car
30270-7164,2,Waymo LLC,Passenger Car,Stopped,Proceeding Straight,0.0,"This report is being submitted to correct a clerical error in the Driver / Operator Type field that was originally reported on February 15, 2024 [REDACTED, MAY CONTAIN CONFIDENTIAL BUSINESS INFORMATION]. Otherwise, the content of this report is unchanged.
On February [XXX], 2024 at 3:01 PM PT a Waymo Autonomous Vehicle (Waymo AV) operating in Austin, Texas was in a collision involving a passenger vehicle on a slip-lane between [XXX] and [XXX].
The Waymo AV was in the slip-lane connecting [XXX] and [XXX], preparing to merge onto northbound [XXX] with a passenger vehicle behind it. As the Waymo AV proceeded forward, actively yielding to approaching traffic, it stopped for additional approaching traffic. The passenger vehicle traveling behind the Waymo AV then made contact with the rear of the Waymo AV. At the time of the impact, the Waymo AVs Level 4 ADS was engaged in autonomous mode. Both vehicles sustained damage.
Waymo is reporting this crash under Request No. 1 of Standing General Order 2021-01 because a vehicle involved was towed away. Waymo may supplement or correct its reporting with additional information as it may become available.",No Injuries Reported,No,Yes,Yes,Austin,TX ,FEB-2024,17:01,Intersection, ,Y, , , , ,"Prior to June 16, 2025 (Amendment 2)",False,Stationary,Other party,Other party,FEB-2024_17:01_Austin_Passenger Car
30270-7318,3,Waymo LLC,Passenger Car,Making Right Turn,Making Right Turn,0.0,"The content of this report is unchanged from the initial report submitted on March 15, 2024 [REDACTED, MAY CONTAIN CONFIDENTIAL BUSINESS INFORMATION]
A previous version of this 10-Day update incorrectly listed the initial report's submission date as February 20, 2024.
On February [XXX], 2024 at 4:58 MT a Waymo Autonomous Vehicle (""Waymo AV"") operating in Phoenix, Arizona was in a collision involving a passenger car on [XXX] and [XXX]. 
The Waymo AV was turning right from eastbound [XXX] onto southbound  [XXX] during a green light with the passenger car traveling close behind. The Waymo AV yielded for a pedestrian about to enter the crosswalk facing a ""walk"" signal, and the passenger car made contact with the rear of the Waymo AV.  At the time of the impact, the Waymo AV's Level 4 ADS was engaged in autonomous mode. Both vehicles sustained damage.
Waymo is reporting this crash under Request No. 1 of Standing General Order 2021-01.",No Injuries Reported,No,No,No Passengers in Vehicle,Phoenix,AZ ,FEB-2024,16:58,Street,Y, , , , , ,"Prior to June 16, 2025 (Amendment 2)",False,Moving,Other party,Other party,FEB-2024_16:58_Phoenix_Passenger Car
30270-10134,1,Waymo LLC,Pickup Truck,Stopped,Backing,0.0,"On February [XXX], 2025 at 6:16 PM MT a Waymo Autonomous Vehicle (""Waymo AV"") operating in Phoenix, Arizona was in a collision involving a pickup truck in a parking lot near [XXX]. 
The Waymo AV was traveling north in a parking lot near [XXX] after a passenger pickup when a pickup truck in the parking lot began reversing from a parking spot on the driver side of the Waymo AV. The Waymo AV came to a stop, and then the rear passenger side of the pickup truck made contact with the driver side of the stationary Waymo AV. At the time of the impact, the Waymo AV's Level 4 ADS was engaged in autonomous mode. The Waymo AV sustained damage.
Waymo is reporting this crash under Request No. 2 of Standing General Order 2021-01. Waymo may supplement or correct its reporting with additional information as it may become available.",No Injuries Reported,No,No,Yes,Phoenix,AZ ,FEB-2025,18:16,Parking Lot,Y, , , , , ,"Prior to June 16, 2025 (Amendment 2)",False,Stationary,Unclear,Other party,FEB-2025_18:16_Phoenix_Pickup Truck
30270-10138,1,Waymo LLC,Passenger Car,Proceeding Straight,Changing Lanes,40.0,"On February [XXX], 2025 at 6:34 PM MT a Waymo Autonomous Vehicle (""Waymo AV"") operating in Phoenix, Arizona was in a collision involving a passenger car on [XXX]. 
The Waymo AV was traveling northwest in the leftmost lane on [XXX] when a passenger car approached the Waymo AV from behind. The passenger car began maneuvering around the Waymo AV and into the bi-directional center turn lane, and the front passenger side of the passenger car made contact with the rear driver side of the Waymo AV. At the time of the impact, the Waymo AV's Level 4 ADS was engaged in autonomous mode. The Waymo AV sustained damage.
Waymo is reporting this crash under Request No. 2 of Standing General Order 2021-01. Waymo may supplement or correct its reporting with additional information as it may become available.",No Injuries Reported,No,No,No Passengers in Vehicle,Phoenix,AZ ,FEB-2025,18:34,Street, ,Y, , , , ,"Prior to June 16, 2025 (Amendment 2)",False,Moving,Unclear,Other party,FEB-2025_18:34_Phoenix_Passenger Car
30270-10136,1,Waymo LLC,SUV,Stopped,Backing,0.0,"On February [XXX], 2025 at 8:51 AM CT a Waymo Autonomous Vehicle (""Waymo AV"") operating in Austin, Texas was in a collision involving an SUV on [XXX]. 
The Waymo AV was parked at the curb facing northeast on [XXX] when an SUV attempting to parallel park directly in front of the Waymo AV reversed, and the rear of the SUV made contact with the front of the Waymo AV. At the time of the impact, the Waymo AV's Level 4 ADS was engaged in autonomous mode. The Waymo AV sustained damage.
Waymo is reporting this crash under Request No. 2 of Standing General Order 2021-01. Waymo may supplement or correct its reporting with additional information as it may become available.",No Injuries Reported,No,No,No Passengers in Vehicle,Austin,TX ,FEB-2025,08:51,Street,Y, , , , , ,"Prior to June 16, 2025 (Amendment 2)",False,Stationary,Other party,Other party,FEB-2025_08:51_Austin_SUV
30270-10139,1,Waymo LLC,Pickup Truck,Stopped,Passing,0.0,"On February [XXX], 2025 at 10:39 AM CT a Waymo Autonomous Vehicle (""Waymo AV"") operating in Austin, Texas was in a collision involving a pickup truck on [XXX]. 
The Waymo AV was stopped in-lane for a passenger pickup facing southeast on [XXX], when a pickup truck traveling southeast on [XXX] passed the stationary Waymo AV. As the pickup truck passed the parked Waymo AV, the rear passenger side of the pickup truck made contact with the rear driver side of the Waymo AV. At the time of the impact, the Waymo AV's Level 4 ADS was engaged in autonomous mode. The pickup truck sustained damage.
Waymo is reporting this crash under Request No. 2 of Standing General Order 2021-01. Waymo may supplement or correct its reporting with additional information as it may become available.",No Injuries Reported,No,Yes,No Passengers in Vehicle,Austin,TX ,FEB-2025,10:39,Street, ,Y, , , , ,"Prior to June 16, 2025 (Amendment 2)",False,Stationary,Unclear,Other party,FEB-2025_10:39_Austin_Pickup Truck
30270-10140,1,Waymo LLC,SUV,Stopped,Proceeding Straight,0.0,"On February [XXX], 2025 at 9:34 AM MT a Waymo Autonomous Vehicle (""Waymo AV"") operating in Phoenix, Arizona was in a collision involving an SUV on [XXX]. 
The Waymo AV was traveling southbound on [XXX], stopped for a queue of traffic in the left turn lane for a red light at the intersection at [XXX]. An SUV traveling southbound in the left turn lane on [XXX] approached the Waymo AV from behind, and the front of the SUV made contact with the rear of the Waymo AV. At the time of the impact, the Waymo AV's Level 4 ADS was engaged in autonomous mode. Both vehicles sustained damage.
Waymo is reporting this crash under Request No. 2 of Standing General Order 2021-01. Waymo may supplement or correct its reporting with additional information as it may become available.",No Injuries Reported,No,No,Yes,Phoenix,AZ ,FEB-2025,09:34,Street, ,Y, , , , ,"Prior to June 16, 2025 (Amendment 2)",False,Stationary,Other party,Other party,FEB-2025_09:34_Phoenix_SUV
30270-10142,1,Waymo LLC,SUV,Proceeding Straight,Proceeding Straight,7.0,"On February [XXX], 2025 at 8:23 AM CST a Waymo Autonomous Vehicle (""Waymo AV"") operating in Austin, Texas was in a collision involving an SUV on [XXX]. 
The Waymo AV was traveling southbound in the left lane of [XXX] when it slowed down for a yellow flashing pedestrian hybrid beacon at the intersection with [XXX]. An SUV also traveling southbound on [XXX] approached the Waymo AV from behind and the front of the SUV made contact with the rear of the Waymo AV. At the time of the impact, the Waymo AV's Level 4 ADS was engaged in autonomous mode. Both vehicles sustained damage.
Waymo is reporting this crash under Request No. 2 of Standing General Order 2021-01. Waymo may supplement or correct its reporting with additional information as it may become available.",No Injuries Reported,No,No,Yes,Austin,TX ,FEB-2025,08:23,Intersection, ,Y, , , , ,"Prior to June 16, 2025 (Amendment 2)",False,Moving,Other party,Other party,FEB-2025_08:23_Austin_SUV
30270-10042,2,Waymo LLC,"Other, see Narrative",Proceeding Straight,"Other, see Narrative",4.0,"The content of this report is unchanged from the initial report submitted on February [XXX], 2025 [REDACTED, MAY CONTAIN CONFIDENTIAL BUSINESS INFORMATION]. 
On February [XXX], 2025 at 8:02 AM MT a Waymo Autonomous Vehicle (""Waymo AV"") operating in Phoenix, Arizona was in a collision involving a landscaping string trimmer in a parking lot at [XXX]. 
The Waymo AV stopped for a rider drop-off facing north in a parking lot at [XXX]. As the Waymo AV began to travel north to exit the parking lot, the Waymo AV slowed to yield to landscapers working in the area. The Waymo AV was proceeding slowly past the pedestrians to exit the parking lot when the front driver side tire of the Waymo AV made contact with a landscaping string trimmer that was left unattended in the roadway. At the time of the impact, the Waymo AV's Level 4 ADS was engaged in autonomous mode. The string trimmer sustained damage.
Waymo is reporting this crash under Request No. 1 of Standing General Order 2021-01 a vulnerable road user influenced the driving task of a vehicle involved. Waymo may supplement or correct its reporting with additional information as it may become available.",No Injuries Reported,No,No,No Passengers in Vehicle,Phoenix,AZ ,FEB-2025,08:02,Parking Lot,Y, , , , , ,"Prior to June 16, 2025 (Amendment 2)",False,Moving,Unclear,Waymo,"FEB-2025_08:02_Phoenix_Other, see Narrative"
30270-10006,1,Waymo LLC,"Other, see Narrative",Proceeding Straight,"Other, see Narrative",35.0,"On February [XXX], 2025 at 7:26 PM MT a Waymo Autonomous Vehicle (""Waymo AV"") operating in Phoenix, Arizona was in a collision involving debris on [XXX]. 
The Waymo AV was traveling in the rightmost westbound lane on [XXX] when the front passenger side tire of the Waymo AV made contact with a piece of debris that was in the roadway.  At the time of the impact, the Waymo AV's Level 4 ADS was engaged in autonomous mode. The Waymo AV sustained damage.
Waymo is reporting this crash under Request No. 1 of Standing General Order 2021-01 because a vehicle involved was towed away.  Waymo may supplement or correct its reporting with additional information as it may become available.",No Injuries Reported,No,Yes,Yes,Phoenix,AZ ,FEB-2025,19:26,Street,Y, , , , , ,"Prior to June 16, 2025 (Amendment 2)",False,Moving,Unclear,Waymo,"FEB-2025_19:26_Phoenix_Other, see Narrative"
30270-10123,1,Waymo LLC,Passenger Car,Proceeding Straight,Proceeding Straight,3.0,"On February [XXX], 2025 at 5:26 PM MST a Waymo Autonomous Vehicle (""Waymo AV"") operating in Phoenix, Arizona was in a collision involving a passenger car on [XXX]. 
The Waymo AV was traveling westbound on [XXX] and was slowing for a queue of traffic. A passenger car traveling westbound on [XXX] approached the Waymo AV from behind, and the front of the passenger car made contact with the rear of the Waymo AV. At the time of the impact, the Waymo AV's Level 4 ADS was engaged in autonomous mode. Both vehicles sustained damage.
Waymo is reporting this crash under Request No. 1 of Standing General Order 2021-01 because a vehicle involved was towed away. Waymo may supplement or correct its reporting with additional information as it may become available.",No Injuries Reported,No,Yes,Yes,Phoenix,AZ ,FEB-2025,17:26,Street,Y, , , , , ,"Prior to June 16, 2025 (Amendment 2)",False,Moving,Other party,Other party,FEB-2025_17:26_Phoenix_Passenger Car
30270-10215,1,Waymo LLC,Heavy Truck,Stopped,Making Right Turn,0.0,"On February [XXX], 2025 at 5:41 AM MST a Waymo Autonomous Vehicle (""Waymo AV"") operating in Tempe, Arizona was in a collision involving a heavy truck with a trailer on [XXX]. 
The Waymo AV was stopped facing north in the leftmost lane for a red light on [XXX] at the intersection with[XXX]. While the Waymo AV remained stopped, a heavy truck approached the intersection in the rightmost lane and proceeded to make a right turn onto eastbound on [XXX]. As the heavy truck attempted the right turn at the intersection, the left rear corner bumper of the heavy truck's trailer crossed into the left lane and made contact with the front passenger side of the stationary Waymo AV. At the time of the impact, the Waymo AV's Level 4 ADS was engaged in autonomous mode. The Waymo AV sustained damage.
Waymo is reporting this crash under Request No. 2 of Standing General Order 2021-01. Waymo may supplement or correct its reporting with additional information as it may become available.",No Injuries Reported,No,No,No Passengers in Vehicle,Tempe,AZ ,FEB-2025,05:41,Intersection,Y, , , , , ,"Prior to June 16, 2025 (Amendment 2)",False,Stationary,Unclear,Other party,FEB-2025_05:41_Tempe_Heavy Truck
30270-10141,1,Waymo LLC,SUV,Stopped,Backing,0.0,"On February [XXX], 2025 at 10:28 PM MT a Waymo Autonomous Vehicle (""Waymo AV"") operating in Tempe, Arizona was in a collision involving an SUV in a parking lot near [XXX]. 
The Waymo AV was stopped in-lane facing south in a parking lot behind [XXX] for a passenger pickup when an SUV parked perpendicular behind to the right of the Waymo AV began reversing out of a parking stall. The rear driver side of the SUV made contact with the rear passenger side of the Waymo AV. At the time of the impact, the Waymo AV's Level 4 ADS was engaged in autonomous mode. The Waymo AV sustained damage.
Waymo is reporting this crash under Request No. 2 of Standing General Order 2021-01. Waymo may supplement or correct its reporting with additional information as it may become available.",No Injuries Reported,No,No,No Passengers in Vehicle,Phoenix,AZ ,FEB-2025,22:28,Parking Lot,Y, , , , , ,"Prior to June 16, 2025 (Amendment 2)",False,Stationary,Unclear,Other party,FEB-2025_22:28_Phoenix_SUV
30270-10059,1,Waymo LLC,SUV,Proceeding Straight,Proceeding Straight,1.0,"On February [XXX], 2025 at 9:17 AM MT a Waymo Autonomous Vehicle (""Waymo AV"") operating in Phoenix, Arizona was in a collision involving an SUV on [XXX]. 
The Waymo AV was traveling westbound on [XXX] in the center lane, slowing for a queue of traffic for a red light at the intersection at [XXX]. An SUV traveling westbound in the center lane on [XXX] approached the Waymo AV from behind, and the front of the SUV made contact with the rear of the Waymo AV. At the time of the impact, the Waymo AV's Level 4 ADS was engaged in autonomous mode. Both vehicles sustained damage.
Waymo is reporting this crash under Request No. 1 of Standing General Order 2021-01 because a vehicle involved was towed away. Waymo may supplement or correct its reporting with additional information as it may become available.",No Injuries Reported,No,Yes,No Passengers in Vehicle,Phoenix,AZ ,FEB-2025,09:17,Street,Y, , , , , ,"Prior to June 16, 2025 (Amendment 2)",False,Moving,Other party,Other party,FEB-2025_09:17_Phoenix_SUV
30270-10082,1,Waymo LLC,SUV,Stopped,Proceeding Straight,0.0,"On February [XXX], 2025 at 5:11 PM MT a Waymo Autonomous Vehicle (""Waymo AV"") operating in Scottsdale, Arizona was in a collision involving an SUV on [XXX].
The Waymo AV was traveling westbound on [XXX] and came to a stop in a queue of traffic. An SUV approached the Waymo AV from behind, and the front of the SUV made contact with the rear of the stationary Waymo AV. At the time of the impact, the Waymo AV's Level 4 ADS was engaged in autonomous mode. Both vehicles sustained damage.
Waymo is reporting this crash under Request No. 2 of Standing General Order 2021-01. Waymo may supplement or correct its reporting with additional information as it may become available.",No Injuries Reported,No,No,No Passengers in Vehicle,Scottsdale,AZ ,FEB-2025,17:11,Street,Y, , , , , ,"Prior to June 16, 2025 (Amendment 2)",False,Stationary,Other party,Other party,FEB-2025_17:11_Scottsdale_SUV
30270-10085,1,Waymo LLC,Passenger Car,Proceeding Straight,Proceeding Straight,12.0,"On February [XXX], 2025 at 9:02 PM MT a Waymo Autonomous Vehicle (""Waymo AV"") operating in Phoenix, Arizona was in a collision involving a passenger car on[XXX]. 
The Waymo AV was traveling northbound on [XXX] in the dedicated left turn lane, slowing for a queue of traffic stopped at the intersection at [XXX]. A passenger car approached the Waymo AV from behind, and the front of the passenger car made contact with the rear of the Waymo AV. At the time of the impact, the Waymo AV's Level 4 ADS was engaged in autonomous mode. The Waymo AV sustained damage.
Waymo is reporting this crash under Request No. 2 of Standing General Order 2021-01. Waymo may supplement or correct its reporting with additional information as it may become available.",No Injuries Reported,No,No,Yes,Phoenix,AZ ,FEB-2025,21:02,Street,Y, , , , , ,"Prior to June 16, 2025 (Amendment 2)",False,Moving,Other party,Other party,FEB-2025_21:02_Phoenix_Passenger Car
30270-10087,1,Waymo LLC,"Other, see Narrative",Making Right Turn,"Other, see Narrative",6.0,"On February [XXX], 2025 at 11:43 PM MT a Waymo Autonomous Vehicle (""Waymo AV"") operating in Phoenix, Arizona made contact with raised pavement in a parking lot driveway entrance on [XXX]. 
The Waymo AV was traveling southbound on [XXX] in the right lane, and began to turn right into a parking lot driveway entrance when the underside of the Waymo AV made contact with the raised pavement. At the time of the impact, the Waymo AV's Level 4 ADS was engaged in autonomous mode. The Waymo AV sustained damage.
Waymo is reporting this crash under Request No. 2 of Standing General Order 2021-01. Waymo may supplement or correct its reporting with additional information as it may become available.",No Injuries Reported,No,No,No Passengers in Vehicle,Phoenix,AZ ,FEB-2025,23:43,Street,Y, , , , , ,"Prior to June 16, 2025 (Amendment 2)",False,Moving,Unclear,Waymo,"FEB-2025_23:43_Phoenix_Other, see Narrative"
30270-10048,1,Waymo LLC,Passenger Car,Stopped,Proceeding Straight,0.0,"On February [XXX], 2025 at 10:59 PM MT a Waymo Autonomous Vehicle (""Waymo AV"") operating in Tempe, Arizona was in a collision involving a passenger car on [XXX]. 
The Waymo AV was traveling northbound in the center lane of [XXX] and came to a stop for a red light at the intersection with [XXX]. A passenger car traveling northbound in the center lane of [XXX] approached the Waymo AV from behind, and the front of the passenger car then made contact with the rear of the stationary Waymo AV. At the time of the impact, the Waymo AV's Level 4 ADS was engaged in autonomous mode. The Waymo AV sustained damage.
Waymo is reporting this crash under Request No. 2 of Standing General Order 2021-01. Waymo may supplement or correct its reporting with additional information as it may become available.",No Injuries Reported,No,No,Yes,Tempe,AZ ,FEB-2025,22:59,Intersection,Y, , , , , ,"Prior to June 16, 2025 (Amendment 2)",False,Stationary,Other party,Other party,FEB-2025_22:59_Tempe_Passenger Car
30270-10091,1,Waymo LLC,SUV,Stopped,Backing,0.0,"On February [XXX], 2025 at 8:35 PM MT a Waymo Autonomous Vehicle (""Waymo AV"") operating in Phoenix, Arizona was in a collision involving an SUV on[XXX]. 
The Waymo AV was traveling westbound on [XXX] and came to a stop at a stop sign at the intersection at [XXX], preparing to make a right turn. While the Waymo AV was stopped, an SUV that was parked facing eastbound at the north curb on E. Brill Street reversed, and the rear of the SUV made contact with the rear passenger side of the stationary Waymo AV. At the time of the impact, the Waymo AV's Level 4 ADS was engaged in autonomous mode. The Waymo AV sustained damage.
Waymo is reporting this crash under Request No. 2 of Standing General Order 2021-01. Waymo may supplement or correct its reporting with additional information as it may become available.",No Injuries Reported,No,No,No Passengers in Vehicle,Phoenix,AZ ,FEB-2025,20:35,Intersection,Y, , , , , ,"Prior to June 16, 2025 (Amendment 2)",False,Stationary,Unclear,Other party,FEB-2025_20:35_Phoenix_SUV
30270-10109,1,Waymo LLC,SUV,Parked,Passing,0.0,"On February [XXX], 2025 at 11:52 AM MT a Waymo Autonomous Vehicle (""Waymo AV"") operating in Phoenix, Arizona was in a collision involving a SUV at [XXX], [XXX] at [XXX]. 
The Waymo AV was parked at the curb in the ride share designated zone, facing west at [XXX], [XXX] for a passenger pickup at the [XXX] when an SUV parked directly behind the Waymo AV pulled away from the curb behind the Waymo AV and initiated a passing maneuver on the left of the Waymo AV. As the SUV passed the stationary Waymo AV on the left, the passenger side of the SUV made contact with the rear driver side of the Waymo AV. At the time of the impact, the Waymo AV's Level 4 ADS was engaged in autonomous mode. Both vehicles sustained damage.
Waymo is reporting this crash under Request No. 1 of Standing General Order 2021-01 because a vehicle involved was towed away. Waymo may supplement or correct its reporting with additional information as it may become available.",No Injuries Reported,No,Yes,Yes,Phoenix,AZ ,FEB-2025,11:52,Street,Y, , , , , ,"Prior to June 16, 2025 (Amendment 2)",False,Stationary,Unclear,Other party,FEB-2025_11:52_Phoenix_SUV
30270-10112,2,Waymo LLC,Passenger Car,Proceeding Straight,Lane / Road Departure,44.0,"The content of this report is unchanged from the initial report submitted on March [XXX], 2025 [REDACTED, MAY CONTAIN CONFIDENTIAL BUSINESS INFORMATION]. 
On February [XXX], 2025 at 3:39 AM MT a Waymo Autonomous Vehicle (""Waymo AV"") operating in Chandler, Arizona was in a collision involving an SUV on [XXX]. 
The Waymo AV was traveling northbound on [XXX] in the left lane towards the intersection of [XXX]. An SUV traveling northbound in the right lane passed the Waymo AV on the right and continued into the dedicated right turn lane as it approached [XXX] Street. The SUV crossed into the intersection with W. Flint Street from the dedicated right turn lane and continued traveling straight onto the far-side sidewalk. The SUV then departed the roadway, striking a fire hydrant and a utility bollard before making contact with a street light. The impact with the street light resulted in the SUV coming to a stop and re-entering the roadway on [XXX] in the Waymo AV's path of travel. The rear side of the SUV made contact with the front passenger side corner of the Waymo AV. At the time of the impact, the Waymo AV's Level 4 ADS was engaged in autonomous mode. Both vehicles sustained damage. The driver of the SUV was transported to a local hospital for treatment. One of the two passengers in the Waymo AV reported minor injuries but refused medical treatment. Both passengers, who had been seated in the rear of the Waymo AV, were not belted at the time of the collision, having had buckled their belts behind them.
Waymo is reporting this crash under Request No. 1 of Standing General Order 2021-01 because an individual involved was transported from the scene to a hospital for medical treatment and a vehicle involved was towed away. Waymo may supplement or correct its reporting with additional information as it may become available.",Serious,Yes,Yes,"No, see Narrative",Phoenix,AZ ,FEB-2025,03:39,Street,Y, , , , , ,"Prior to June 16, 2025 (Amendment 2)",False,Moving,Unclear,Other party,FEB-2025_03:39_Phoenix_Passenger Car
30270-9992,2,Waymo LLC,Passenger Car,Stopped,Making Left Turn,0.0,"The content of this report is unchanged from the initial report submitted on February [XXX], 2025 [REDACTED, MAY CONTAIN CONFIDENTIAL BUSINESS INFORMATION]. 
On February [XXX], 2025 at 1:39 PM MT a Waymo Autonomous Vehicle (""Waymo AV"") operating in Phoenix, Arizona was in a collision involving a passenger car on [XXX] at [XXX]. 
The Waymo AV was traveling eastbound on [XXX] in the dedicated left turn lane preparing to make an unprotected left turn onto [XXX] when it came to a stop behind a passenger car also waiting to make an unprotected left turn. While the Waymo AV remained stopped, the passenger car proceeded to make an unprotected left turn onto [XXX], crossing in front of an oncoming SUV traveling west on [XXX]. The passenger car was struck on its passenger side by the oncoming SUV, causing the passenger car to rotate counter-clockwise. After impact, the passenger car then continued turning left, circling back towards the Waymo AV. The front passenger side of the passenger car then made contact with the front driver side of the stationary Waymo AV. At the time of the impact, the Waymo AV's Level 4 ADS was engaged in autonomous mode. Both vehicles sustained damage. A passenger in the Waymo AV and the driver of the passenger car were transported to the hospital from the scene in an ambulance.
Waymo is reporting this crash under Request No. 1 of Standing General Order 2021-01 because an individual involved was transported from the scene to a hospital for medical treatment. Waymo may supplement or correct its reporting with additional information as it may become available.",Moderate,No,Yes,Yes,Phoenix,AZ ,FEB-2025,13:39,Intersection, ,Y, , , , ,"Prior to June 16, 2025 (Amendment 2)",False,Stationary,Unclear,Other party,FEB-2025_13:39_Phoenix_Passenger Car
30270-9809,1,Waymo LLC,Passenger Car,Stopped,Proceeding Straight,0.0,"On February [XXX], 2025 at 2:32 AM MT a Waymo Autonomous Vehicle (""Waymo AV"") operating in Scottsdale, Arizona was in a collision involving a passenger car near the intersection of [XXX] and [XXX].   
The Waymo AV was traveling in the rightmost lane of eastbound [XXX] when it came to a stop, yielding to traffic ahead in the same lane. While the Waymo AV remained stopped, a passenger car traveling in the rightmost lane of eastbound [XXX] approached the Waymo AV from behind. The front of the passenger car then made contact with the rear of the stationary Waymo AV. At the time of the impact, the Waymo AV's Level 4 ADS was engaged in autonomous mode. Both vehicles sustained damage.
Waymo is reporting this crash under Request No. 1 of Standing General Order 2021-01 because a vehicle involved was towed away. Waymo may supplement or correct its reporting with additional information as it may become available.",No Injuries Reported,No,Yes,No Passengers in Vehicle,Scottsdale,AZ ,FEB-2025,02:32,Street,Y, , , , , ,"Prior to June 16, 2025 (Amendment 2)",False,Stationary,Other party,Other party,FEB-2025_02:32_Scottsdale_Passenger Car