Report ID,Report Version,Reporting Entity,Crash With,SV Pre-Crash Movement,CP Pre-Crash Movement,SV Precrash Speed (MPH),Narrative,Highest Injury Severity Alleged,Any Air Bags Deployed?,Was Any Vehicle Towed?,Were All Passengers Belted?,City,State,Incident Date,Incident Time (24:00),Roadway Type,Weather - Clear,Weather - Cloudy,Weather - Rain,Weather - Snow,Weather - Severe Wind,Weather - Fog/Smoke/Haze,Data Period,Manual Mode at Impact,Waymo Status,Likely Fault,Contact Initiator,Incident_Key
30270-4882,1,Waymo LLC,Pickup Truck,Making Right Turn,Proceeding Straight,0.0,"On January [XXX], 2023 at 1:53 PM PST a Waymo Autonomous Vehicle (Waymo AV) operating in Chandler, Arizona was in a collision involving a pickup truck on [XXX] and [XXX].
While attempting a right turn from [XXX] onto [XXX], the Waymo AV was stopped at a stop sign while yielding to traffic approaching from the left. A truck that had previously been stopped behind the Waymo AV proceeded forward and made contact with the rear of the Waymo AV. At the time of the impact, the Waymo AVs Level 4 ADS was engaged in autonomous mode. The Waymo AV sustained damage.
Waymo is reporting this crash under Request No. 2 of Standing General Order 2021-01. Waymo may supplement or correct its reporting with additional information as it may become available.",No Injuries Reported,No,No,No Passengers in Vehicle,Chandler,AZ ,JAN-2023,13:53,Intersection,Y, , , , , ,"Prior to June 16, 2025 (Amendment 2)",False,Moving,Other party,Other party,JAN-2023_13:53_Chandler_Pickup Truck
30270-4768,2,Waymo LLC,Motorcycle,Proceeding Straight,"Other, see Narrative",8.0,"Other than updating the Law Enforcement Investigating? field, the content of this report is unchanged from the initial report submitted on January 25, 2023 [REDACTED, MAY CONTAIN CONFIDENTIAL BUSINESS INFORMATION]. 
On January [XXX], 2023 at 1:38 PM PST a Waymo Autonomous Vehicle (Waymo AV) operating in Phoenix, Arizona was in a collision with a minibike whose rider was no longer on it on [XXX] at [XXX].
The Waymo AV was traveling in the leftmost lane on eastbound [XXX], with a group of smaller motorcycles, more commonly known as minibikes, traveling in the right adjacent lane next to and ahead of the Waymo AV. A minibike rider in the group lost control and fell off the minibike a short distance ahead of the Waymo AV in the adjacent lane and the minibike, without a rider, tumbled into the Waymo AV's lane. The Waymo AV applied maximum brake force but made contact with the riderless minibike just before coming to a stop. At the time of the impact, the Waymo AVs Level 4 ADS was engaged in autonomous mode. The Waymo AV sustained damage. The minibike was damaged but it is not possible to determine whether all or some of that damage occurred when the minibike fell to the road before the collision. Because we checked on the minibike riders well-being shortly after the crash, Waymo is aware that the individual sustained minor injuries when they fell from the minibike but the subsequent collision with the riderless minibike did not cause those injuries.
Although we do not believe this event falls under Request No. 1 of Standing General Order 2021-01, we consulted NHTSA and submitted this report at the agencys request on the day of the consultation. Waymo may supplement or correct its reporting with additional information as it may become available.",No Injuries Reported,No,No,Yes,Phoenix,AZ ,JAN-2023,13:38,Intersection,Y, , , , , ,"Prior to June 16, 2025 (Amendment 2)",False,Moving,Unclear,Unclear,JAN-2023_13:38_Phoenix_Motorcycle
30270-4880,1,Waymo LLC,First Responder Vehicle,Stopped,Backing,0.0,"On January [XXX], 2023 at 5:36 PM PST a Waymo Autonomous Vehicle (Waymo AV) operating in Phoenix, Arizona was in a collision involving a tow truck in a parking lot near [XXX] and [XXX].
While the Waymo AV stopped in a parking lot in autonomous mode, a tow truck approached from behind the Waymo and attempted to complete a multi-point turn. While performing a multi-point turn, the tow truck reversed into the rear left sensor of the Waymo AV. At the time of the impact, the Waymo AVs Level 4 ADS was engaged in autonomous mode. The Waymo sustained damage.
Waymo is reporting this crash under Request No. 2 of Standing General Order 2021-01. Waymo may supplement or correct its reporting with additional information as it may become available.",No Injuries Reported,No,No,No Passengers in Vehicle,Phoenix,AZ ,JAN-2023,17:36,Parking Lot,Y, , , , , ,"Prior to June 16, 2025 (Amendment 2)",False,Stationary,Unclear,Other party,JAN-2023_17:36_Phoenix_First Responder Vehicle
30270-7034,1,Waymo LLC,SUV,Stopped,Proceeding Straight,0.0,"On January [XXX], 2024 at 2:07 AM PT a Waymo Autonomous Vehicle (Waymo AV) operating in Chandler, Arizona was in a collision involving an SUV on [XXX] at [XXX].
The Waymo AV was stopped for a red light on southbound [XXX] when an SUV approached from behind and made contact with the rear of the Waymo AV. At the time of the impact, the Waymo AVs Level 4 ADS was engaged in autonomous mode, and a test driver was present (in the drivers seating position). Both vehicles sustained damage.
Waymo is reporting this crash under Request No. 2 of Standing General Order 2021-01. Waymo may supplement or correct its reporting with additional information as it may become available.",No Injuries Reported,No,No,No Passengers in Vehicle,Chandler,AZ ,JAN-2024,3:07,Intersection,Y, , , , , ,"Prior to June 16, 2025 (Amendment 2)",False,Stationary,Other party,Other party,JAN-2024_3:07_Chandler_SUV
30270-7048,1,Waymo LLC,"Other, see Narrative","Other, see Narrative","Other, see Narrative",2.0,"On January [XXX], 2024 at 12:35 PM PT a Waymo Autonomous Vehicle (Waymo AV) operating in Gilbert, Arizona was in an event involving parking lot spikes at a parking lot entrance on [XXX] near [XXX].
The Waymo AV had approached an apartment complex parking lot entrance on [XXX] near [XXX], and encountered a closed gate, preventing access to the parking lot. Next to the closed entrance gate lane was an open exit lane, with parking lot spikes preventing wrong-way access. As the Waymo AV attempted a multi-point turn to exit the parking lot driveway and proceed on [XXX], the front passenger side tire drove over the parking lot spikes and deflated. At the time of the impact, the Waymo AVs Level 4 ADS was engaged in autonomous mode. The Waymo AV sustained damage.
Waymo is reporting this under Request No. 1 of Standing General Order 2021-01 because a vehicle involved was towed away. Waymo may supplement or correct its reporting with additional information as it may become available.",No Injuries Reported,No,Yes,No Passengers in Vehicle,Gilbert,AZ ,JAN-2024,12:35,Parking Lot, ,Y, , , , ,"Prior to June 16, 2025 (Amendment 2)",False,Moving,Unclear,Unclear,"JAN-2024_12:35_Gilbert_Other, see Narrative"
30270-6932,2,Waymo LLC,SUV,Proceeding Straight,Proceeding Straight,12.0,"Waymo is submitting an updated version of this report to correct the narratives incorrectly listed year from 2023 to 2024. The initial report was submitted on January 7, 2024 [REDACTED, MAY CONTAIN CONFIDENTIAL BUSINESS INFORMATION]. 
On January [XXX], 2024 at 2:19 AM PT a Waymo Autonomous Vehicle (Waymo AV) operating in Phoenix, Arizona was in a collision involving an SUV on [XXX] at [XXX].
The Waymo AV was traveling northbound on [XXX] and approaching the intersection with [XXX] with a green traffic light. As the Waymo AV approached the intersection, it detected a SUV towing a trailer traveling westbound on [XXX] at a high rate of speed. The Waymo AV braked as the SUV approached and entered the intersection against a red traffic light. The Waymo AV made contact with the driver side of the SUV. At the time of the impact, the Waymo AVs Level 4 ADS was engaged in autonomous mode. The Waymo AV sustained damage and the SUV left the scene.
Waymo is reporting this crash under Request No. 1 of Standing General Order 2021-01 because a vehicle involved was towed away. Waymo may supplement or correct its reporting with additional information as it may become available.",Unknown,No,Yes,No Passengers in Vehicle,Phoenix,AZ ,JAN-2024,03:19,Intersection,Y, , , , , ,"Prior to June 16, 2025 (Amendment 2)",False,Moving,Unclear,Unclear,JAN-2024_03:19_Phoenix_SUV
30270-7058,1,Waymo LLC,"Other, see Narrative",Proceeding Straight,"Other, see Narrative",10.0,"On January [XXX], 2024 at 8:03 AM PT a Waymo Autonomous Vehicle (Waymo AV) operating in Scottsdale, Arizona was in a collision involving an automatic gate in an apartment complex parking lot entrance on [XXX] near [XXX].
The Waymo AV attempted to enter the apartment complex parking lot entrance as an automatic gate was closing. As the Waymo AV passed the closing gate, the gate made contact with the rear passenger side corner of the Waymo AV. At the time of the impact, the Waymo AVs Level 4 ADS was engaged in autonomous mode. The Waymo AV sustained damage.
Waymo is reporting this crash under Request No. 1 of Standing General Order 2021-01 because a vehicle involved was towed away. Waymo may supplement or correct its reporting with additional information as it may become available.",No Injuries Reported,No,Yes,Yes,Scottsdale,AZ ,JAN-2024,09:03,Parking Lot,Y, , , , , ,"Prior to June 16, 2025 (Amendment 2)",False,Moving,Unclear,Other party,"JAN-2024_09:03_Scottsdale_Other, see Narrative"
30270-7160,1,Waymo LLC,"Other, see Narrative",Making Left Turn,"Other, see Narrative",7.0,"On January [XXX], 2024 at 2:51 PM PT a Waymo Autonomous Vehicle (Waymo AV) operating in Scottsdale, Arizona was alleged to have contributed to a collision involving an SUV and a passenger vehicle on [XXX] at [XXX]. 
The Waymo AV was facing northbound on [XXX] and yielding to cross traffic on [XXX] while preparing to make a left turn to enter the center turn lane onto westbound [XXX], before merging into westbound traffic. Simultaneously, a silver passenger vehicle was stopped in the center turn lane on westbound [XXX], signaling an intent to turn left onto southbound [XXX]. 
When there was clearance to proceed, the Waymo AV started to make its left turn onto westbound [XXX], at which point an SUV that was approaching in the leftmost thru lane on westbound [XXX] began to brake. As the SUV braked, a white passenger vehicle, which had been traveling behind the SUV at a high speed, braked and swerved, making contact with the SUV and possibly with the silver vehicle waiting to turn left in the center left turn lane. No contact was made with the Waymo AV. Waymo is reporting this because there was an allegation that the Waymo AV was involved in this collision, submitted through the Waymo website. At the time of the event, the Waymo AVs Level 4 ADS was engaged in autonomous mode. 
Waymo is reporting this crash under Request No. 2 of Standing General Order 2021-01. Waymo may supplement or correct its reporting with additional information as it may become available.",Unknown,No,No,No Passengers in Vehicle,Scottsdale,AZ ,JAN-2024,15:51,Intersection, ,Y, , , , ,"Prior to June 16, 2025 (Amendment 2)",False,Moving,Unclear,Unclear,"JAN-2024_15:51_Scottsdale_Other, see Narrative"
30270-7159,1,Waymo LLC,SUV,Stopped,Proceeding Straight,0.0,"On January [XXX], 2024 at 7:41 AM PT a Waymo Autonomous Vehicle (Waymo AV) operating in Tempe, Arizona was in a collision involving an SUV on [XXX] at the intersection with the on and off ramps for westbound [XXX]. 
The Waymo AV was stopped in traffic for a red light on southbound [XXX] when an SUV approached from behind and made contact with the rear of the Waymo AV. At the time of the impact, the Waymo AVs Level 4 ADS was engaged in autonomous mode. The Waymo AV sustained damage.
Waymo is reporting this crash under Request No. 2 of Standing General Order 2021-01. Waymo may supplement or correct its reporting with additional information as it may become available.",No Injuries Reported,No,No,Yes,Tempe,AZ ,JAN-2024,7:41,Intersection,Y, , , , , ,"Prior to June 16, 2025 (Amendment 2)",False,Stationary,Other party,Other party,JAN-2024_7:41_Tempe_SUV
30270-7156,1,Waymo LLC,Heavy Truck,Stopped,Backing,0.0,"On January [XXX], 2024, at 7:24 AM PT a Waymo Autonomous Vehicle (Waymo AV) operating in Phoenix, Arizona was in a collision involving a truck on [XXX] and [XXX]. 
The Waymo AV was traveling westbound on [XXX] in the left lane, and came to a stop behind a stopped construction truck. As the Waymo AV came to a stop, the truck began to reverse and then made contact with the Waymo AV. At the time of the impact, the Waymo AVs Level 4 ADS was engaged in autonomous mode. The Waymo AV sustained damage.
Waymo is reporting this crash under Request No. 2 of Standing General Order 2021-01. Waymo may supplement or correct its reporting with additional information as it may become available.",No Injuries Reported,No,No,Yes,Phoenix,AZ ,JAN-2024,8:24,Intersection,Y, , , , , ,"Prior to June 16, 2025 (Amendment 2)",False,Stationary,Unclear,Other party,JAN-2024_8:24_Phoenix_Heavy Truck
30270-7158,1,Waymo LLC,SUV,Stopped,Backing,0.0,"On January [XXX], 2024 at 7:57 AM PT a Waymo Autonomous Vehicle (Waymo AV) operating in Phoenix, Arizona was in a collision involving an SUV on [XXX] at [XXX]. 
The Waymo AV was stopped at a red light with multiple other vehicles on southbound [XXX] at [XXX], when an SUV with a deflated front driver side tire approached the intersection, traveling westbound on [XXX]. The SUV attempted to make a right turn onto northbound [XXX] at a high rate of speed, and entered the oncoming lanes of traffic where the Waymo AV and other vehicles were stopped at southbound [XXX]. The SUV then made contact with another SUV and a passenger vehicle in the left adjacent lane to the Waymo AV, and pushed the other SUV into the side of the Waymo AV (which was still stationary, waiting at the red light). At the time of the impact, the Waymo AVs Level 4 ADS was engaged in autonomous mode. The three other vehicles sustained damage, but the Waymo AV did not.
Waymo is reporting this crash under Request No. 2 of Standing General Order 2021-01. Waymo may supplement or correct its reporting with additional information as it may become available.",No Injuries Reported,No,No,No Passengers in Vehicle,Phoenix,AZ ,JAN-2024,08:57,Intersection,Y, , , , , ,"Prior to June 16, 2025 (Amendment 2)",False,Stationary,Unclear,Other party,JAN-2024_08:57_Phoenix_SUV
30270-9552,1,Waymo LLC,Passenger Car,Stopped,Backing,0.0,"On January [XXX], 2025 at 8:34 PM CT a Waymo Autonomous Vehicle (""Waymo AV"") operating in Austin, Texas was in a collision involving a passenger car on [XXX] at [XXX]. 
The Waymo AV was traveling southbound in the left hand turn lane on [XXX] and stopped in a queue of traffic at a red light. A passenger car traveling directly in front of the Waymo AV started to reverse backwards towards the Waymo AV. The Waymo AV began to reverse to avoid the passenger car, then slowed to a stop.  The passenger car continued to reverse and the rear of the passenger car made contact with the front of the Waymo AV.  At the time of the impact, the Waymo AV's Level 4 ADS was engaged in autonomous mode. The Waymo AV sustained damage
Waymo is reporting this crash under Request No. 1 of Standing General Order 2021-01 because a vehicle involved was towed away. Waymo may supplement or correct its reporting with additional information as it may become available.",No Injuries Reported,No,Yes,No Passengers in Vehicle,Austin,TX ,JAN-2025,20:34,Street,Y, , , , , ,"Prior to June 16, 2025 (Amendment 2)",False,Stationary,Other party,Other party,JAN-2025_20:34_Austin_Passenger Car
30270-9761,2,Waymo LLC,Motorcycle,Stopped,"Other, see Narrative",0.0,"The content of this report is unchanged from the initial report submitted on January[XXX], 2025 [REDACTED, MAY CONTAIN CONFIDENTIAL BUSINESS INFORMATION]. 
On January [XXX], 2025 at 2:02 PM MT a Waymo Autonomous Vehicle (""Waymo AV"") operating in Mesa, Arizona was in a collision involving a motorcycle on [XXX].
The Waymo AV was stopped facing [XXX] at the intersection with [XXX]at a red light. A motorcycle was stopped behind the Waymo AV, and a pickup truck was stopped behind the motorcycle. A passenger car approached the queue of stopped traffic from behind and made contact with the stopped pickup truck, which was pushed into the motorcycle. The motorcycle then made contact with the Waymo AV. At the time of the impact, the Waymo AV's Level 4 ADS was engaged in autonomous mode. The motorcyclist was treated at the scene for an apparent injury.
Waymo is reporting this crash under Request No. 1 of Standing General Order 2021-01 because a vulnerable road user influenced the driving task of a vehicle involved. Waymo may supplement or correct its reporting with additional information as it may become available.",Minor,No,No,No Passengers in Vehicle,Mesa,AZ ,JAN-2025,14:02,Intersection, ,Y, , , , ,"Prior to June 16, 2025 (Amendment 2)",False,Stationary,Unclear,Unclear,JAN-2025_14:02_Mesa_Motorcycle
30270-9634,1,Waymo LLC,Passenger Car,Making Right Turn,Proceeding Straight,2.0,"On January [XXX], 2025 at 4:04 PM MT a Waymo Autonomous Vehicle (Waymo AV) operating in Phoenix, Arizona was in a collision involving a passenger car on [XXX] at [XXX]. 
The Waymo AV was traveling in the rightmost lane of northbound [XXX] when it entered the dedicated right turn lane as it approached the intersection with [XXX]. The Waymo AV slowed to a stop to yield to traffic traveling east on [XXX] as it prepared to make a right turn onto [XXX]. As the Waymo AV initiated a right turn onto eastbound [XXX], a passenger car traveling directly behind the Waymo AV approached the Waymo AV from behind. The front passenger side of the passenger car made contact with the rear driver side of the Waymo AV. At the time of the impact, the Waymo AVs Level 4 ADS was engaged in autonomous mode. The passenger in the Waymo AV reported a moderate injury. Both vehicles sustained damage.
Waymo is reporting this crash under Request No. 1 of Standing General Order 2021-0 because a vehicle involved was towed away. Waymo may supplement or correct its reporting with additional information as it may become available.",Moderate,No,Yes,Yes,Phoenix,AZ ,JAN-2025,16:04,Intersection,Y, , , , , ,"Prior to June 16, 2025 (Amendment 2)",False,Moving,Unclear,Other party,JAN-2025_16:04_Phoenix_Passenger Car
30270-9631,2,Waymo LLC,Passenger Car,"Other, see Narrative",Proceeding Straight,15.0,"The content of this report is unchanged from the initial report submitted on January 10, 2024 [REDACTED, MAY CONTAIN CONFIDENTIAL BUSINESS INFORMATION]. 
On January [XXX], 2025 at 2:55 PM MT a Waymo Autonomous Vehicle (Waymo AV) operating in Phoenix, Arizona was in a collision involving a passenger car on [XXX] at [XXX]. 
The Waymo AV was traveling north on [XXX] when it approached the intersection with [XXX]. As the Waymo AV approached the intersection, it slowed to yield to a pedestrian who was traveling south on the sidewalk of [XXX] and had just entered the intersection to cross [XXX]. As the Waymo AV continued to slow, a passenger car traveling directly behind the Waymo AV approached the Waymo AV from behind. The front of the passenger car made contact with the rear of the Waymo AV. At the time of the impact, the Waymo AVs Level 4 ADS was engaged in autonomous mode. Both vehicles sustained damage. The passenger in the Waymo AV reported a minor injury.
Waymo is reporting this crash under Request No. 1 of Standing General Order 2021-01 because a vulnerable road user influenced the driving task of a vehicle involved and because vehicles involved were towed away. Waymo may supplement or correct its reporting with additional information as it may become available.",Minor,No,Yes,Yes,Phoenix,AZ ,JAN-2025,14:55,Intersection, ,Y, , , , ,"Prior to June 16, 2025 (Amendment 2)",False,Moving,Other party,Other party,JAN-2025_14:55_Phoenix_Passenger Car
30270-9736,1,Waymo LLC,Passenger Car,Stopped,Lane / Road Departure,0.0,"On January [XXX], 2025 at 10:39 PM MT a Waymo Autonomous Vehicle (Waymo AV) operating in Scottsdale, Arizona was in a collision involving a passenger car on [XXX] at [XXX].
The Waymo AV was stopped at a stop sign facing east in the rightmost of two lanes on [XXX] at the intersection with [XXX]. While the Waymo AV remained stopped, a passenger car traveling partially in the rightmost lane and partially in the left-adjacent dedicated left turn lane approached the Waymo AV from behind. As the passenger car was passing the stopped Waymo AV, the passenger side of the passenger car made contact with the rear driver side of the stationary Waymo AV. At the time of the impact, the Waymo AVs Level 4 ADS was engaged in autonomous mode. Both vehicles sustained damage. 
Waymo is reporting this crash under Request No. 1 of Standing General Order 2021-01 because a vehicle involved was towed away. Waymo may supplement or correct its reporting with additional information as it may become available.",No Injuries Reported,No,Yes,Yes,Scottsdale,AZ ,JAN-2025,22:39,Intersection,Y, , , , , ,"Prior to June 16, 2025 (Amendment 2)",False,Stationary,Unclear,Other party,JAN-2025_22:39_Scottsdale_Passenger Car
30270-9905,1,Waymo LLC,Passenger Car,Stopped,Backing,0.0,"On January [XXX], 2025 at 7:24 AM PT a Waymo Autonomous Vehicle (""Waymo AV"") operating in Phoenix, Arizona was in a collision involving a passenger car on [XXX]. 
The Waymo AV was traveling westbound on [XXX], and pulled over at the curb. As the Waymo AV came to a stop, the passenger car in front of the Waymo AV reversed and the rear bumper of the passenger car made contact with the front bumper of the stopped Waymo AV. At the time of the impact, the Waymo AV's Level 4 ADS was engaged in autonomous mode. Both vehicles sustained damage.
Waymo is reporting this crash under Request No. 2 of Standing General Order 2021-01. Waymo may supplement or correct its reporting with additional information as it may become available.",No Injuries Reported,No,No,No Passengers in Vehicle,Phoenix,AZ ,JAN-2025,07:24,Street,Y, , , , , ,"Prior to June 16, 2025 (Amendment 2)",False,Stationary,Unclear,Other party,JAN-2025_07:24_Phoenix_Passenger Car
30270-9904,1,Waymo LLC,Passenger Car,Parked,Proceeding Straight,0.0,"On January [XXX], 2025 at 10:16 PM MT a Waymo Autonomous Vehicle (""Waymo AV"") operating in Phoenix, Arizona was in a collision involving a passenger car in a parking lot near [XXX]. 
The Waymo AV was traveling on a parking lot driveway off of[XXX], and came to a stop at the curb, parked for a passenger drop off. A passenger car behind the Waymo AV began to pass the Waymo AV on the left as the passenger in the Waymo AV was exiting, and the passenger side of the passenger car made contact with the open back driver side door of the stationary Waymo AV. The passenger in the vehicle was not belted at the time of the collision as they were preparing to exit the Waymo AV. At the time of the impact, the Waymo AV's Level 4 ADS was engaged in autonomous mode. Both vehicles sustained damage.
Waymo is reporting this crash under Request No. 2 of Standing General Order 2021-01.  Waymo may supplement or correct its reporting with additional information as it may become available.",No Injuries Reported,No,No,"No, see Narrative",Phoenix,AZ ,JAN-2025,22:16,Parking Lot,Y, , , , , ,"Prior to June 16, 2025 (Amendment 2)",False,Stationary,Unclear,Other party,JAN-2025_22:16_Phoenix_Passenger Car
30270-9894,1,Waymo LLC,Passenger Car,Stopped,Entering Traffic,0.0,"On January [XXX], 2025 at 7:05 PM MT a Waymo Autonomous Vehicle (""Waymo AV"") operating in Phoenix, Arizona was in a collision involving a passenger car near [XXX]. 
The Waymo AV was stopped at the curb in the passenger loading/unloading zone, facing west near [XXX], for a passenger pick-up at the [XXX]. A passenger car passed the stationary Waymo AV on the left, and the passenger side of the passenger car made contact with the rear driver side of the Waymo AV. At the time of the impact, the Waymo AV's Level 4 ADS was engaged in autonomous mode. Both vehicles sustained damage.
Waymo is reporting this crash under Request No. 2 of Standing General Order 2021-01. Waymo may supplement or correct its reporting with additional information as it may become available.",No Injuries Reported,No,No,No Passengers in Vehicle,Phoenix,AZ ,JAN-2025,19:05,Street,Y, , , , , ,"Prior to June 16, 2025 (Amendment 2)",False,Stationary,Unclear,Other party,JAN-2025_19:05_Phoenix_Passenger Car
30270-9893,1,Waymo LLC,"Other, see Narrative",Proceeding Straight,Unknown,64.0,"On January [XXX], 2025 at 4:37 AM MT a Waymo Autonomous Vehicle (""Waymo AV"") operating in Tempe, Arizona was in a collision involving debris on [XXX]. 
The Waymo AV was traveling eastbound on[XXX] in the rightmost lane, preparing to exit at [XXX] when a small piece of debris was propelled into the roadway and made contact with the front passenger side of the Waymo AV. At the time of the impact, the Waymo AV's Level 4 ADS was engaged in autonomous mode, and a test driver was present. The Waymo AV sustained damage.
Waymo is reporting this crash under Request No. 2 of Standing General Order 2021-01. Waymo may supplement or correct its reporting with additional information as it may become available.",No Injuries Reported,No,No,Yes,Tempe,AZ ,JAN-2025,04:37,Highway / Freeway,Y, , , , , ,"Prior to June 16, 2025 (Amendment 2)",False,Moving,Unclear,Other party,"JAN-2025_04:37_Tempe_Other, see Narrative"
30270-9883,1,Waymo LLC,Passenger Car,Proceeding Straight,Stopped,2.0,"On January[XXX], 2025 at 7:56 AM MT Waymo Autonomous Vehicle (""Waymo AV"") operating in Phoenix, Arizona was in a collision involving a passenger car on [XXX] 
The Waymo AV was traveling northbound on [XXX]when it approached a passenger car stopped at the intersection in the center of the roadway (there is no marked center line on this block). After momentarily stopping, the Waymo AV began to pass the passenger car in lane on the right, and as the Waymo AV passed, the passengers inside the passenger car opened the front and rear passenger side doors. The rear passenger side door made contact with the front driver side of the Waymo AV. At the time of the impact, the Waymo AV's Level 4 ADS was engaged in autonomous mode. The Waymo AV sustained damage.
Waymo is reporting this crash under Request No. 2 of Standing General Order 2021-01. Waymo may supplement or correct its reporting with additional information as it may become available.",No Injuries Reported,No,No,No Passengers in Vehicle,Phoenix,AZ ,JAN-2025,07:56,Intersection,Y, , , , , ,"Prior to June 16, 2025 (Amendment 2)",False,Moving,Other party,Other party,JAN-2025_07:56_Phoenix_Passenger Car
30270-9881,1,Waymo LLC,Pickup Truck,Parked,Backing,0.0,"On January[XXX], 2025 at 6:41 PM MT a Waymo Autonomous Vehicle (""Waymo AV"") operating in Phoenix, Arizona was in a collision involving a pickup truck on [XXX]. 
The Waymo AV was parked at the curb facing westbound on the north side of [XXX]when a pickup truck reversed out of a driveway on the south side of [XXX] into the Waymo AV. The rear of the pickup truck made contact with the rear driver side of the stationary Waymo AV. At the time of the impact, the Waymo AV's Level 4 ADS was engaged in autonomous mode. The pickup truck sustained damage.
Waymo is reporting this crash under Request No. 2 of Standing General Order 2021-01. Waymo may supplement or correct its reporting with additional information as it may become available.",No Injuries Reported,No,No,No Passengers in Vehicle,Phoenix,AZ ,JAN-2025,18:41,Street,Y, , , , , ,"Prior to June 16, 2025 (Amendment 2)",False,Stationary,Unclear,Other party,JAN-2025_18:41_Phoenix_Pickup Truck
30270-9879,1,Waymo LLC,Passenger Car,Proceeding Straight,Entering Traffic,21.0,"On January [XXX], 2025 at 1:43 PM MT a Waymo Autonomous Vehicle (""Waymo AV"") operating in Mesa, Arizona was in a collision involving a passenger car on [XXX].
The Waymo AV was traveling northbound in the far right turn lane on[XXX] when a passenger car was exiting a shopping center driveway making a right turn onto[XXX].  As the passenger car began to enter the roadway, the front side of the passenger car made contact with the passenger side of the Waymo AV.  At the time of the impact, the Waymo AV's Level 4 ADS was engaged in autonomous mode. Both vehicles sustained damage.
Waymo is reporting this crash under Request No. 2 of Standing General Order 2021-01.  Waymo may supplement or correct its reporting with additional information as it may become available.",No Injuries Reported,No,No,No Passengers in Vehicle,Mesa,AZ ,JAN-2025,13:43,Street,Y, , , , , ,"Prior to June 16, 2025 (Amendment 2)",False,Moving,Unclear,Other party,JAN-2025_13:43_Mesa_Passenger Car
30270-9822,1,Waymo LLC,Animal,Proceeding Straight,"Other, see Narrative",21.0,"On January [XXX], 2025 at 4:53 PM MT a Waymo Autonomous Vehicle (""Waymo AV"") operating in Tempe, Arizona was in a collision involving a domestic animal on [XXX].
The Waymo AV was traveling southbound on [XXX]in the center of three southbound lanes, passing a queue of stopped traffic in the leftmost lane, when a domestic animal emerged from a gap between vehicles in the leftmost lane and crossed the path of the Waymo AV.  The front of the Waymo AV came in contact with the animal, which did not survive. At the time of the impact, the Waymo AV's Level 4 ADS was engaged in autonomous mode.
Waymo is reporting this crash under Request No. 2 of Standing General Order 2021-01. Waymo may supplement or correct its reporting with additional information as it may become available.",No Injuries Reported,No,No,No Passengers in Vehicle,Tempe,AZ ,JAN-2025,16:53,Street,Y, , , , , ,"Prior to June 16, 2025 (Amendment 2)",False,Moving,Unclear,Unclear,JAN-2025_16:53_Tempe_Animal
30270-9823,1,Waymo LLC,"Other, see Narrative",Proceeding Straight,"Other, see Narrative",13.0,"On January [XXX], 2025 at 12:38 PM MT a Waymo Autonomous Vehicle (""Waymo AV"") operating in Tempe, Arizona was in a collision involving a remote controlled toy car on [XXX]. 
The Waymo AV was traveling westbound on [XXX] when it approached a remote controlled toy car that was crossing the intersection of [XXX]. As the Waymo AV traversed the intersection, the front of the Waymo AV made contact with the remote controlled toy car.  At the time of the impact, the Waymo AV's Level 4 ADS was engaged in autonomous mode. The remote controlled toy car sustained damage.
Waymo is reporting this crash under Request No. 2 of Standing General Order 2021-01. Waymo may supplement or correct its reporting with additional information as it may become available.",No Injuries Reported,No,No,Yes,Tempe,AZ ,JAN-2025,12:38,Intersection,Y, , , , , ,"Prior to June 16, 2025 (Amendment 2)",False,Moving,Waymo,Waymo,"JAN-2025_12:38_Tempe_Other, see Narrative"
30270-9843,1,Waymo LLC,SUV,Proceeding Straight,Proceeding Straight,0.0,"On January [XXX], 2025 at 2:20 AM CT a Waymo Autonomous Vehicle (""Waymo AV"") operating in Austin, Texas was in a collision involving an SUV on [XXX]. 
The Waymo AV was traveling eastbound on [XXX] and came to a stop in a queue of traffic. An SUV approached the Waymo AV from behind, and the front of the SUV made contact with the rear of the stationary Waymo AV.  At the time of the impact, the Waymo AV's Level 4 ADS was engaged in autonomous mode. The Waymo AV sustained damage.
Waymo is reporting this crash under Request No. 2 of Standing General Order 2021-01.  Waymo may supplement or correct its reporting with additional information as it may become available.",No Injuries Reported,No,No,No Passengers in Vehicle,Austin,TX ,JAN-2025,02:20,Intersection,Y, , , , , ,"Prior to June 16, 2025 (Amendment 2)",False,Moving,Other party,Other party,JAN-2025_02:20_Austin_SUV
30270-9845,1,Waymo LLC,Passenger Car,Stopped,Proceeding Straight,0.0,"On January [XXX], 2025 at 9:01 AM MT a Waymo Autonomous Vehicle (""Waymo AV"") operating in Scottsdale, Arizona was in a collision involving a passenger car on [XXX]. 
The Waymo AV was traveling eastbound on [XXX]and came to a stop in a queue of traffic for a red light at the intersection at [XXX]. A passenger car approached the Waymo AV from behind, and the front of the passenger car made contact with the rear of the stationary Waymo AV. At the time of the impact, the Waymo AV's Level 4 ADS was engaged in autonomous mode. Both vehicles sustained damage.
Waymo is reporting this crash under Request No. 2 of Standing General Order 2021-01. Waymo may supplement or correct its reporting with additional information as it may become available.",No Injuries Reported,No,No,No Passengers in Vehicle,Scottsdale,AZ ,JAN-2025,09:01,Street, ,Y, , , , ,"Prior to June 16, 2025 (Amendment 2)",False,Stationary,Other party,Other party,JAN-2025_09:01_Scottsdale_Passenger Car