Report ID,Report Version,Reporting Entity,Crash With,SV Pre-Crash Movement,CP Pre-Crash Movement,SV Precrash Speed (MPH),Narrative,Highest Injury Severity Alleged,Any Air Bags Deployed?,Was Any Vehicle Towed?,Were All Passengers Belted?,City,State,Incident Date,Incident Time (24:00),Roadway Type,Weather - Clear,Weather - Cloudy,Weather - Rain,Weather - Snow,Weather - Severe Wind,Weather - Fog/Smoke/Haze,Data Period,Manual Mode at Impact,Waymo Status,Likely Fault,Contact Initiator,Incident_Key
30270-9855,1,Waymo LLC,SUV,Proceeding Straight,Parked,3.0,"On January [XXX], 2025 at 2:21 AM MT a Waymo Autonomous Vehicle (""Waymo AV"") operating in Scottsdale, Arizona was in a collision involving an SUV at a passenger drop-off lane near [XXX]. 
The Waymo AV was traveling northwest in the right side passenger drop-off lane at [XXX] when it approached an SUV stopped in the left side drop-off lane.  As the Waymo AV was passing the SUV, the back passenger side door of the SUV opened and made contact with the rear driver side of the Waymo AV. At the time of the impact, the Waymo AV's Level 4 ADS was engaged in autonomous mode. Both vehicles sustained damage.
Waymo is reporting this crash under Request No. 2 of Standing General Order 2021-01. Waymo may supplement or correct its reporting with additional information as it may become available.",No Injuries Reported,No,No,Yes,Scottsdale,AZ ,JAN-2025,02:21,Traffic Circle,Y, , , , , ,"Prior to June 16, 2025 (Amendment 2)",False,Moving,Unclear,Other party,JAN-2025_02:21_Scottsdale_SUV
30270-9867,1,Waymo LLC,Pickup Truck,Parked,Proceeding Straight,0.0,"On January [XXX], 2025 at 1:17 PM MT a Waymo Autonomous Vehicle (""Waymo AV"") operating in Phoenix, Arizona was in a collision involving a pickup truck in a parking lot on [XXX]. 
The Waymo AV was parked in a parking lot, positioned on the right side of the one way lane, with occupied parking stalls adjacent to the lane on the right. A pickup truck entered the parking lot and began to pass the Waymo AV on the left. As the pickup truck passed the Waymo AV, the passenger side of the pickup truck made contact with the rear driver side of the stationary Waymo AV. At the time of the impact, the Waymo AV's Level 4 ADS was engaged in autonomous mode. The pickup truck sustained damage.
Waymo is reporting this crash under Request No. 2 of Standing General Order 2021-01. Waymo may supplement or correct its reporting with additional information as it may become available.",No Injuries Reported,No,No,No Passengers in Vehicle,Phoenix,AZ ,JAN-2025,13:17,Parking Lot,Y, , , , , ,"Prior to June 16, 2025 (Amendment 2)",False,Stationary,Unclear,Other party,JAN-2025_13:17_Phoenix_Pickup Truck
30270-9868,1,Waymo LLC,Heavy Truck,Stopped,Making Right Turn,0.0,"On January [XXX], 2025 at 1:51 PM CT a Waymo Autonomous Vehicle (""Waymo AV"") operating in Austin, Texas was in a collision involving a heavy truck in a parking lot driveway near the [XXX]. 
The Waymo AV was traveling northwest in a parking lot driveway off of the [XXX], and came to a stop in the dedicated right turn lane, preparing to make a right turn onto [XXX]. A heavy truck was stopped in the leftmost lane and began to make a wide right turn onto [XXX]. The passenger side of the heavy truck's trailer made contact with the front driver side of the stationary Waymo AV. At the time of the impact, the Waymo AV's Level 4 ADS was engaged in autonomous mode. The Waymo AV sustained damage.
Waymo is reporting this crash under Request No. 2 of Standing General Order 2021-01. Waymo may supplement or correct its reporting with additional information as it may become available.",No Injuries Reported,No,No,No Passengers in Vehicle,Austin,TX ,JAN-2025,13:51,Parking Lot, ,Y, , , , ,"Prior to June 16, 2025 (Amendment 2)",False,Stationary,Unclear,Other party,JAN-2025_13:51_Austin_Heavy Truck
30270-9848,1,Waymo LLC,"Other, see Narrative",Proceeding Straight,"Other, see Narrative",24.0,"On January [XXX], 2025 at 3:47 PM MT a Waymo Autonomous Vehicle (""Waymo AV"") operating in Phoenix, Arizona was in a collision involving a basketball on the [XXX]. 
The Waymo AV was traveling eastbound on [XXX] when a basketball that rolled into the roadway made contact with the passenger side rear wheel of the Waymo AV.  At the time of the impact, the Waymo AV's Level 4 ADS was engaged in autonomous mode. The basketball sustained damage.
Waymo is reporting this crash under Request No. 2 of Standing General Order 2021-01.  Waymo may supplement or correct its reporting with additional information as it may become available.",No Injuries Reported,No,No,No Passengers in Vehicle,Phoenix,AZ ,JAN-2025,15:47,Street,Y, , , , , ,"Prior to June 16, 2025 (Amendment 2)",False,Moving,Unclear,Unclear,"JAN-2025_15:47_Phoenix_Other, see Narrative"
30270-3338,2,Waymo LLC,Passenger Car,Making Left Turn,Proceeding Straight,13.0,"The content of this report is unchanged from the initial report submitted on July [XXX] 2022 [REDACTED, MAY CONTAIN CONFIDENTIAL BUSINESS INFORMATION]. 
On July [XXX], 2022 at 9:04 AM PST a Waymo Autonomous Vehicle (Waymo AV) operating in Phoenix, Arizona was in a collision involving a passenger vehicle on [XXX] and [XXX].
The Waymo AV was traveling southbound on [XXX] in autonomous mode and turning left onto eastbound [XXX]. As the Waymo AV initiated the left turn, a passenger vehicle that had been following the Waymo AV made contact with the rear of the Waymo AV. At the time of the impact, the Waymo AVs Level 4 ADS was engaged in autonomous mode, and a test driver was present (in the drivers seating position). Both vehicles sustained damage.
Waymo is reporting this crash under Request No. 1 of Standing General Order 2021-01 because a vehicle involved was towed away and the Waymo AV test driver reported minor injuries. Waymo may supplement or correct its reporting with additional information as it may become available. This report was submitted from the Eastern time zone on the required date.",Minor,No,Yes,Yes,Phoenix,AZ ,JUL-2022,09:04,Intersection,Y, , , , , ,"Prior to June 16, 2025 (Amendment 2)",False,Moving,Other party,Other party,JUL-2022_09:04_Phoenix_Passenger Car
30270-3636,1,Waymo LLC,Passenger Car,Stopped,Backing,0.0,"On July [XXX], 2022 at 2:50 AM PST a Waymo Autonomous Vehicle (Waymo AV) operating in Tempe, Arizona was in a collision involving a passenger vehicle in a parking lot at the corner of [XXX] and [XXX].
The Waymo AV was stopped to pick up a passenger when a passenger vehicle, parked perpendicular and to the right of the Waymo AV, reversed out of a parking spot. The rear of the passenger vehicle made contact with the front passenger side corner of the Waymo AV as the passenger was closing the door on the driver side of the Waymo AV prior to fastening their seat belt. At the time of the impact, the Waymo AVs Level 4 ADS was engaged in autonomous mode, and a test driver was present (in the drivers seating position). Both vehicles sustained damage.
Waymo is reporting this crash under Request No. 2 of Standing General Order 2021-01. Waymo may supplement or correct its reporting with additional information as it may become available. This report was submitted from the Eastern time zone on the required date.",No Injuries Reported,No,No,"No, see Narrative",Tempe,AZ ,JUL-2022,02:50,Parking Lot, , , , , , ,"Prior to June 16, 2025 (Amendment 2)",False,Stationary,Unclear,Other party,JUL-2022_02:50_Tempe_Passenger Car
30270-3324,2,Waymo LLC,"Other, see Narrative",Stopped,"Other, see Narrative",0.0,"The content of this report is unchanged from the initial report submitted on July [XXX] 2022 [REDACTED, MAY CONTAIN CONFIDENTIAL BUSINESS INFORMATION]. 
On July [XXX], 2022 at 12:57 AM PST a Waymo Autonomous Vehicle (""Waymo AV"") was traveling eastbound on [XXX] in autonomous mode when a pedestrian entered the roadway from the center median. The test driver then disengaged autonomous mode and braked to a stop as the pedestrian began to run toward the Waymo AV. The pedestrian stood in front of the vehicle, then jumped onto the hood of the Waymo AV and used their body to break the Waymo AV's windshield. The pedestrian was apprehended soon after by nearby police. The Waymo AV test driver was not physically injured but was taken to a nearby hospital out of an abundance of caution. The Waymo AV sustained major damage to its windshield.
Waymo is reporting this event to ensure official notification to the agency of a notable event. Waymo may supplement or correct its reporting with additional information as it may become available.",Unknown,No,Yes,Yes,Tempe,AZ ,JUL-2022,00:57,Street,Y, , , , , ,"Prior to June 16, 2025 (Amendment 2)",False,Stationary,Unclear,Unclear,"JUL-2022_00:57_Tempe_Other, see Narrative"
30270-6131,1,Waymo LLC,Passenger Car,Parked,Backing,0.0,"On July [XXX], 2023 at 9:02 AM PT a Waymo Autonomous Vehicle (Waymo AV) operating in Phoenix, Arizona was in a collision involving a passenger car on [XXX] at [XXX].
The Waymo AV was parallel parked along the right-hand curb on eastbound [XXX] when a passenger car reversed out of a driveway across the street from the Waymo AV and made contact with the driver side rear bumper of the Waymo AV. At the time of the impact, the Waymo AVs Level 4 ADS was engaged in autonomous mode. Both vehicles sustained damage.
Waymo is reporting this crash under Request No. 2 of Standing General Order 2021-01. Waymo may supplement or correct its reporting with additional information as it may become available.",No Injuries Reported,No,No,No Passengers in Vehicle,Phoenix,AZ ,JUL-2023,9:02,Street, ,Y, , , , ,"Prior to June 16, 2025 (Amendment 2)",False,Stationary,Unclear,Other party,JUL-2023_9:02_Phoenix_Passenger Car
30270-5896,1,Waymo LLC,Passenger Car,Stopped,Crossing into Opposing Lane,0.0,"On July [XXX], 2023 at 6:13 PM PT a Waymo Autonomous Vehicle (Waymo AV) operating in Chandler, Arizona was in a collision involving a passenger car on [XXX] at [XXX].
The Waymo AV was traveling northbound on [XXX] and just passed [XXX] when an oncoming passenger car crossed into the Waymo AVs lane, toward the Waymo AV. The Waymo AV then stopped as the passenger vehicle continued to approach. The passenger vehicle then made contact with the front of the Waymo AV, and then made contact with the side of the Waymo AV as it left the scene. At the time of the impact, the Waymo AVs Level 4 ADS was engaged in autonomous mode. Both vehicles sustained damage.
Waymo is reporting this crash under Request No. 1 of Standing General Order 2021-01 because a vehicle involved was towed away. Waymo may supplement or correct its reporting with additional information as it may become available.",No Injuries Reported,No,No,No Passengers in Vehicle,Chandler,AZ ,JUL-2023,18:13,Intersection,Y, , , , , ,"Prior to June 16, 2025 (Amendment 2)",False,Stationary,Other party,Other party,JUL-2023_18:13_Chandler_Passenger Car
30270-5997,1,Waymo LLC,Passenger Car,Proceeding Straight,Proceeding Straight,3.0,"On July [XXX], 2023 at 3:34 PM PT a Waymo Autonomous Vehicle (Waymo AV) operating in Tempe, Arizona was in a collision involving a passenger vehicle on [XXX] near [XXX]. 
The Waymo AV was traveling westbound on [XXX] in the left lane with a vehicle overtaking it in the right adjacent lane when it detected a large, fallen tree branch in part of its lane and applied braking in response. As the Waymo AV was braking and had slowed to 3 mph, a passenger vehicle behind the Waymo made contact with the rear of the Waymo AV. Moments later, an SUV behind the passenger vehicle made contact with the rear of the passenger vehicle. At the time of the impact, the Waymo AVs Level 4 ADS was engaged in autonomous mode. All vehicles sustained damage. Rather than wearing the seat belt, the passenger in the Waymo AV was sitting on the buckled seat belt at the time of the collision. The passenger declined medical attention.
Waymo is reporting this crash under Request No. 1 of Standing General Order 2021-01. Waymo may supplement or correct its reporting with additional information as it may become available.",Minor,No,Yes,"No, see Narrative",Tempe,AZ ,JUL-2023,15:34,Street,Y, , , , , ,"Prior to June 16, 2025 (Amendment 2)",False,Moving,Other party,Other party,JUL-2023_15:34_Tempe_Passenger Car
30270-8378,1,Waymo LLC,Passenger Car,Parked,Passing,0.0,"On July [XXX], 2024 at 8:27 PM MT a Waymo Autonomous Vehicle (""Waymo AV"") operating in Phoenix, Arizona was in a collision involving a passenger car in a parking lot near [XXX].  
The Waymo AV was stopped in a parking lot of a condominium complex for a passenger drop off when a passenger car immediately behind the Waymo AV reversed briefly and then drove around the Waymo AV on the left. As the passenger car was passing the stopped Waymo AV, the passenger side of the passenger car made contact with the rear driver side corner of the Waymo AV. At the time of the impact, the Waymo AV's Level 4 ADS was engaged in autonomous mode. Both vehicles sustained damage. One of the passengers in the passenger car reported a minor injury.
Waymo is reporting this crash under Request No. 2 of Standing General Order 2021-01. Waymo may supplement or correct its reporting with additional information as it may become available.",Minor,No,No,Yes,Phoenix,AZ ,JUL-2024,20:27,Parking Lot,Y, , , , , ,"Prior to June 16, 2025 (Amendment 2)",False,Stationary,Unclear,Other party,JUL-2024_20:27_Phoenix_Passenger Car
30270-8383,1,Waymo LLC,Passenger Car,Proceeding Straight,Changing Lanes,2.0,"On July [XXX], 2024 at 8:18 AM MT a Waymo Autonomous Vehicle (""Waymo AV"") operating in Phoenix, Arizona was in a collision involving a passenger car on [XXX] near [XXX]. 
The Waymo AV was traveling west on [XXX] in the leftmost through lane when it began to slow as it approached a cue of traffic that was stopped for a red light. A passenger car traveling behind the Waymo AV then began to change lanes into the right adjacent lane. As the passenger car was passing the Waymo AV, the driver side of the passenger car made contact with the rear passenger side of the Waymo AV. At the time of the impact, the Waymo AV's Level 4 ADS was engaged in autonomous mode. Both vehicles sustained damage.
Waymo is reporting this crash under Request No. 2 of Standing General Order 2021-01. Waymo may supplement or correct its reporting with additional information as it may become available.",No Injuries Reported,No,No,No Passengers in Vehicle,Phoenix,AZ ,JUL-2024,08:18,Street,Y, , , , , ,"Prior to June 16, 2025 (Amendment 2)",False,Moving,Unclear,Other party,JUL-2024_08:18_Phoenix_Passenger Car
30270-8243,2,Waymo LLC,Passenger Car,Proceeding Straight,Proceeding Straight,44.0,"The content of this report is unchanged from the initial report submitted on July 29, 2024 [REDACTED, MAY CONTAIN CONFIDENTIAL BUSINESS INFORMATION]. 
On July [XXX], 2024 at 3:07 AM PT a Waymo Autonomous Vehicle (Waymo AV) operating in Scottsdale, Arizona was in a collision involving a passenger car on [XXX] near [XXX]. 
The Waymo AV was traveling westbound straight in the left lane of [XXX] at constant speed when a passenger car approached from directly behind the Waymo AV at a high rate of speed and made contact with the rear of the Waymo AV. At the time of the impact, the Waymo AVs Level 4 ADS was engaged in autonomous mode. Both vehicles sustained damage. 
Waymo is reporting this crash under Request No. 1 of Standing General Order 2021-01 because an individual involved was transported from the scene to a hospital for medical treatment, both vehicles involved were towed away, and airbag deployment. Waymo may supplement or correct its reporting with additional information as it may become available.",Unknown,No,Yes,Yes,Scottsdale,AZ ,JUL-2024,03:07,Intersection,Y, , , , , ,"Prior to June 16, 2025 (Amendment 2)",False,Moving,Other party,Other party,JUL-2024_03:07_Scottsdale_Passenger Car
30270-8199,1,Waymo LLC,Passenger Car,Proceeding Straight,Proceeding Straight,24.0,"On July [XXX], 2024 at 12:16 AM MT a Waymo Autonomous Vehicle (Waymo AV) operating in [XXX], Arizona was in a collision involving a passenger car on [XXX] near [XXX]. 
The Waymo AV was traveling north on [XXX] in the rightmost lane when it activated its right turn signal and began to slow as it approached the driveway of [XXX]. As the Waymo AV continued to slow, a passenger car traveling directly behind the Waymo AV at a high rate of speed made contact with the rear of the Waymo AV. At the time of the impact, the Waymo AVs Level 4 ADS was engaged in autonomous mode. Both vehicles sustained damage, and the passenger car left the scene. One of the passengers in the Waymo AV reported a minor injury. 
Waymo is reporting this crash under Request No. 1 of Standing General Order 2021-01 because a vehicle involved was towed away. Waymo may supplement or correct its reporting with additional information as it may become available.",Minor,No,Yes,Yes,Scottsdale,AZ ,JUL-2024,00:16,Street,Y, , , , , ,"Prior to June 16, 2025 (Amendment 2)",False,Moving,Other party,Other party,JUL-2024_00:16_Scottsdale_Passenger Car
30270-8180,1,Waymo LLC,SUV,Proceeding Straight,Proceeding Straight,3.0,"On July [XXX], 2024 at 2:35 AM MT a Waymo Autonomous Vehicle (""Waymo AV"") operating in [XXX], Arizona was in a collision involving an SUV on E [XXX] at [XXX]. 
The Waymo AV was traveling east on [XXX] through the intersection on a green light at N [XXX] when an SUV that was traveling north on N [XXX] entered the intersection against the red light and the front driver side corner of the SUV made contact with the passenger side of the Waymo AV.  At the time of the impact, the Waymo AV's Level 4 ADS was engaged in autonomous mode. Both vehicles sustained damage.
Waymo is reporting this crash under Request No. 1 of Standing General Order 2021-01 because a vehicle involved was towed away. Waymo may supplement or correct its reporting with additional information as it may become available.",No Injuries Reported,No,Yes,No Passengers in Vehicle,Scottsdale,AZ ,JUL-2024,02:35,Intersection,Y, , , , , ,"Prior to June 16, 2025 (Amendment 2)",False,Moving,Unclear,Other party,JUL-2024_02:35_Scottsdale_SUV
30270-8217,2,Waymo LLC,Pickup Truck,Lane / Road Departure,Traveling Wrong Way,8.0,"Other than updating the language in this narrative to consistently describe the involved vehicle as a pickup truck and updating the Mileage field, the content of this report is unchanged from the initial report submitted on July 23, 2024 [REDACTED, MAY CONTAIN CONFIDENTIAL BUSINESS INFORMATION]. 
On July [XXX], 2024 at 10:53 PM PT a Waymo Autonomous Vehicle (Waymo AV) operating in Phoenix, AZ was in a collision involving a pickup truck on [XXX] near [XXX].
The Waymo AV was traveling on westbound [XXX] approaching [XXX], when a pickup truck traveling in the opposite direction crossed over the double solid yellow line, entering the lane the Waymo AV was occupying. The Waymo AV nudged to the right and applied heavy braking. The pickup truck did not slow down and made contact with the front driver side corner of the Waymo AV. The pickup truck showed evidence of prior crash damage and sparks were emanating from the area of the two front wheels. 
At the time of the impact, the Waymo AVs Level 4 ADS was engaged in autonomous mode. Both vehicles sustained damage.
Waymo is reporting this crash under Request No. 1 because the driver of the pickup truck was transported from the scene to a hospital for medical treatment (Waymo does not currently have information about whether any injuries were due to the subject crash or a potential prior crash).",Unknown,Yes,Yes,No Passengers in Vehicle,Phoenix,AZ ,JUL-2024,22:53,Street,Y, , , , , ,"Prior to June 16, 2025 (Amendment 2)",False,Moving,Unclear,Other party,JUL-2024_22:53_Phoenix_Pickup Truck
30270-8405,1,Waymo LLC,Passenger Car,Stopped,Proceeding Straight,0.0,"On July [XXX], 2024 at 11:29 AM MT a Waymo Autonomous Vehicle (""Waymo AV"") operating in Phoenix, Arizona was in a collision involving a passenger car in a parking lot near [XXX] and [XXX]. 
The Waymo AV was stopped parallel to the curb in a parking lot when the front driver side corner of a passenger car traveling in the oncoming direction to the left of the Waymo AV made contact with the front driver side corner of the Waymo AV. At the time of the impact, the Waymo AV's Level 4 ADS was engaged in autonomous mode. The Waymo AV sustained damage.
Waymo is reporting this crash under Request No. 2 of Standing General Order 2021-01. Waymo may supplement or correct its reporting with additional information as it may become available.",No Injuries Reported,No,No,Yes,Phoenix,AZ ,JUL-2024,11:29,Parking Lot,Y, , , , , ,"Prior to June 16, 2025 (Amendment 2)",False,Stationary,Unclear,Other party,JUL-2024_11:29_Phoenix_Passenger Car
30270-8403,2,Waymo LLC,SUV,Stopped,Proceeding Straight,0.0,"This is an update to NHTSA report 30270-8403-2, originally submitted on August 15th, 2024. The original report indicated that there was no driver present and that no other entities may be aware of the collision. This update reflects that a test driver was present (in the driver's seating position) and that another entity may be aware of the collision. The information in the original report is otherwise unchanged.
On July [XXX], 2024 at 11:06 AM CST a Waymo Autonomous Vehicle (""Waymo AV"") operating in Austin, Texas was in a collision involving a passenger car on [XXX] at [XXX]. 
The Waymo AV was stopped in traffic for a red light on northwestbound [XXX] in the leftmost dedicated left turn lane when a passenger car that had previously been stopped behind the Waymo AV proceeded forward and made contact with the rear of the Waymo AV.  At the time of the impact, the Waymo AV's Level 4 ADS was engaged in autonomous mode, and a test driver was present (in the driver's seating position). Both vehicles sustained damage. 
Waymo is reporting this crash under Request No. 2 of Standing General Order 2021-01.  Waymo may supplement or correct its reporting with additional information as it may become available.",No Injuries Reported,No,No,Yes,Austin,TX ,JUL-2024,11:06,Street, ,Y, , , , ,"Prior to June 16, 2025 (Amendment 2)",False,Stationary,Other party,Other party,JUL-2024_11:06_Austin_SUV
30270-8397,1,Waymo LLC,"Other, see Narrative",Making Left Turn,"Other, see Narrative",5.0,"On July [XXX], 2024 at 4:00 PM MT a Waymo Autonomous Vehicle (""Waymo AV"") operating in Chandler, Arizona made contact with the pavement at an entrance to a parking lot on [XXX] near [XXX].
The Waymo AV was traveling northeast on [XXX] when it made a left turn into a parking lot near [XXX] for a passenger drop-off. As the Waymo AV was entering the parking lot, the underside of the Waymo AV made contact with the raised pavement at the entrance of the lot. At the time of the contact, the Waymo AV's Level 4 ADS was engaged in autonomous mode, and none of the three passengers were wearing a seatbelt. The Waymo AV sustained damage.
Waymo is reporting this crash under Request No. 2 of Standing General Order 2021-01. Waymo may supplement or correct its reporting with additional information as it may become available.",No Injuries Reported,No,No,"No, see Narrative",Chandler,AZ ,JUL-2024,16:00,Parking Lot,Y, , , , , ,"Prior to June 16, 2025 (Amendment 2)",False,Moving,Unclear,Waymo,"JUL-2024_16:00_Chandler_Other, see Narrative"
30270-8398,2,Waymo LLC,Passenger Car,Parked,Parking Maneuver,0.0,"This is an update to report 30270-8398-1 submitted on August 15, 2024. The previous report indicated that the GENERAL DAMAGE / CONTACT AREA for the Waymo AV was on the driver side. The damage took place on the passenger side. Other than the GENERAL DAMAGE / CONTACT AREA, the content of this report is unchanged.
On July [XXX], 2024 at 11:36 AM MT a Waymo Autonomous Vehicle (""Waymo AV"") operating in Tempe, Arizona was in a collision involving a passenger car in a parking lot near [XXX]. 
The Waymo AV was stopped in a parking lot of an apartment complex for a passenger pick-up when a passenger car on the right side of the Waymo AV reversed out of a parking stall. The driver's side rear of the passenger car then made contact with the passenger side of the stopped Waymo AV. At the time of the impact, the Waymo AV's Level 4 ADS was engaged in autonomous mode. Both vehicles sustained damage. 
Waymo is reporting this crash under Request No. 2 of Standing General Order 2021-01.  Waymo may supplement or correct its reporting with additional information as it may become available.",No Injuries Reported,No,No,No Passengers in Vehicle,Tempe,AZ ,JUL-2024,11:36,Parking Lot,Y, , , , , ,"Prior to June 16, 2025 (Amendment 2)",False,Stationary,Unclear,Other party,JUL-2024_11:36_Tempe_Passenger Car
30270-11426,1,Waymo LLC,"Other, see Narrative",Proceeding Straight,"Other, see Narrative",5.0,"On July [XXX], 2025 at 11:40 AM MT a Waymo Autonomous Vehicle (""Waymo AV"") operating in Tempe, Arizona was in a collision involving a line of shopping carts in a parking lot at [XXX]. 
The Waymo was parked at the curb facing south in a parking lot at [XXX] for a passenger pick-up. The AV completed its pick-up and began moving forward as a pedestrian pushing a line of shopping carts towards the curb approached the AV from the left. As the Waymo AV began moving forward, the pedestrian continued pushing the shopping carts forward and the front left of the Waymo AV made contact with the shopping carts. At the time of the impact, the Waymo AV's Level 4 ADS was engaged in autonomous mode. The Waymo AV sustained damage. The passenger was not belted at the time of the collision, having just entered the vehicle.
Waymo is reporting this crash under Request No. 2 of Standing General Order 2021-01. Waymo may supplement or correct its reporting with additional information as it may become available.",Property Damage. No Injured Reported,"No Subject Vehicle, No Crash Partner","No Subject Vehicle, No Crash Partner",Subject Vehicle - Not Belted - see Narrative,Tempe,AZ,JUL-2025,11:40,Parking Lot,Y, , , , , ,"After June 16, 2025 (Amendment 3)",False,Moving,Unclear,Waymo,"JUL-2025_11:40_Tempe_Other, see Narrative"
30270-11424,1,Waymo LLC,SUV,Proceeding Straight,Backing,5.0,"On July [XXX], 2025 at 1:27 PM MT two Waymo Autonomous Vehicles (""Waymo AV"") operating in Phoenix, Arizona were involved in a collision in the West Parking Lot off of [XXX] at the [XXX].
The Waymo AV was parked facing north in a parking stall in the West Parking Lot off of [XXX]. The Waymo AV proceeded to reverse to exit the parking stall, and came to a stop, preparing to maneuver forward and to the left. While the Waymo AV was stopped, a second Waymo AV ([XXX]) that was parked in the left adjacent parking stall proceeded to reverse to exit its parking stall. While the second Waymo AV was reversing, the initial Waymo AV proceeded forward and the front left of the Waymo AV made contact with the right side of the second Waymo AV. At the time of the impact, both Waymo AV's Level 4 ADS were engaged in autonomous mode. Both vehicles sustained damage.
Waymo is reporting this crash under Request No. 1 of Standing General Order 2021-01 because a vehicle involved was towed away. Waymo may supplement or correct its reporting with additional information as it may become available.",Property Damage. No Injured Reported,"No Subject Vehicle, No Crash Partner","Yes Subject Vehicle, Yes Crash Partner",Subject Vehicle - No Passenger In Vehicle,Phoenix,AZ,JUL-2025,13:27,Parking Lot,Y, , , , , ,"After June 16, 2025 (Amendment 3)",False,Moving,Unclear,Waymo,JUL-2025_13:27_Phoenix_SUV
30270-11432,1,Waymo LLC,Heavy Truck,Making Right Turn,Making Right Turn,3.0,"On July [XXX], 2025 at 10:25 AM MT a Waymo Autonomous Vehicle (""Waymo AV"") operating in Phoenix, Arizona was in a collision involving a heavy truck in a parking lot at [XXX]. 
The Waymo AV was stopped facing north at the exit of a parking lot at [XXX]. At the same time, a semi tractor-trailer was incorrectly stopped to the left of the Waymo AV in the entrance lane of the parking lot driveway. The Waymo AV waited for a pedestrian to finish crossing the driveway before initiating a right turn onto eastbound [XXX]. As the Waymo AV proceeded forward into the turn, the semi tractor-trailer initiated a right turn onto eastbound [XXX] from the entrance lane of the parking lot driveway. The right side of the trailer then made contact with the left side of the Waymo AV. At the time of the impact, the Waymo AV's Level 4 ADS was engaged in autonomous mode. The Waymo AV sustained damage.
Waymo is reporting this crash under Request No. 1 of Standing General Order 2021-01 because a vehicle involved was towed away. Waymo may supplement or correct its reporting with additional information as it may become available.",Property Damage. No Injured Reported,"No Subject Vehicle, No Crash Partner","Yes Subject Vehicle, No Crash Partner",Subject Vehicle - No Passenger In Vehicle,Phoenix,AZ,JUL-2025,10:25,Parking Lot,Y, , , , , ,"After June 16, 2025 (Amendment 3)",False,Moving,Unclear,Other party,JUL-2025_10:25_Phoenix_Heavy Truck
30270-11451,1,Waymo LLC,Heavy Truck,Proceeding Straight,Parking Maneuver,3.0,"On July [XXX], 2025 at 11:08 AM CT a Waymo Autonomous Vehicle (""Waymo AV"") operating in Austin, Texas was in a collision involving a heavy truck on [XXX] near [XXX]. 
The Waymo AV was traveling westbound on [XXX] in the left lane. A heavy truck that was stopped facing west in the right lane began to reverse into an alley on the north side of [XXX], and then came to a stop with its front left positioned partially within the left lane of [XXX]. The Waymo AV was proceeding in the left lane and maneuvered towards the left side within the left lane. The heavy truck then proceeded forward and further into the left lane, and the front left side of the heavy truck made contact with the front right side of the Waymo AV. At the time of the impact, the Waymo AV's Level 4 ADS was engaged in autonomous mode. The Waymo AV sustained damage.
Waymo is reporting this crash under Request No. 2 of Standing General Order 2021-01. Waymo may supplement or correct its reporting with additional information as it may become available.",Property Damage. No Injured Reported,"No Subject Vehicle, No Crash Partner","No Subject Vehicle, No Crash Partner",Subject Vehicle - All Belted,Austin,TX,JUL-2025,11:08,Street,Y, , , , , ,"After June 16, 2025 (Amendment 3)",False,Moving,Unclear,Other party,JUL-2025_11:08_Austin_Heavy Truck
30270-11472,1,Waymo LLC,Passenger Car,Stopped,Proceeding Straight,0.0,"On July [XXX], 2025 at 4:17 PM ET a Waymo Autonomous Vehicle (""Waymo AV"") operating in Miami Beach, Florida was in a collision involving a passenger car on [XXX] at [XXX]. 
The Waymo AV was traveling southbound on [XXX] in the right lane and slowed to a stop for a red light at the intersection with [XXX]. A passenger car traveling directly behind the Waymo AV approached the Waymo AV from behind, and the front of the passenger car made contact with the rear of the stationary Waymo AV. At the time of the impact, the Waymo AV's Level 4 ADS was engaged in autonomous mode, and a test driver was present (in the driver's seating position). The Waymo AV sustained damage.
Waymo is reporting this crash under Request No. 2 of Standing General Order 2021-01. Waymo may supplement or correct its reporting with additional information as it may become available.",Property Damage. No Injured Reported,"No Subject Vehicle, No Crash Partner","No Subject Vehicle, No Crash Partner",Subject Vehicle - All Belted,Miami Beach,FL,JUL-2025,16:17,Intersection,Y, , , , , ,"After June 16, 2025 (Amendment 3)",False,Stationary,Other party,Other party,JUL-2025_16:17_Miami Beach_Passenger Car
30270-11371,1,Waymo LLC,Passenger Car,Making Right Turn,Proceeding Straight,1.0,"On July [XXX], 2025 at 12:07 PM CT a Waymo Autonomous Vehicle (""Waymo AV"") operating in Austin, Texas was in a collision involving a passenger car on [XXX] at [XXX]. 
The Waymo AV was stopped facing southwest on [XXX] in a queue of traffic for a red light at the intersection of [XXX] with its right turn signal activated in preparation to make a right turn onto northwestbound [XXX]. As traffic ahead advanced, the Waymo AV initially proceeded forward and then began to slow down to yield to a pedestrian that was crossing [XXX] within the marked crosswalk. While the Waymo AV was slowing, a passenger car that was initially stopped directly behind the Waymo AV approached the Waymo AV from behind and the front of the passenger car made contact with the rear of the Waymo AV. At the time of the impact, the Waymo AV's Level 4 ADS was engaged in autonomous mode. Both vehicles sustained damage.
Waymo is reporting this crash under Request No. 2 of Standing General Order 2021-01. Waymo may supplement or correct its reporting with additional information as it may become available.",Property Damage. No Injured Reported,"No Subject Vehicle, No Crash Partner","No Subject Vehicle, No Crash Partner",Subject Vehicle - No Passenger In Vehicle,Austin,TX,JUL-2025,12:07,Intersection,Y, , , , , ,"After June 16, 2025 (Amendment 3)",False,Moving,Other party,Other party,JUL-2025_12:07_Austin_Passenger Car