Report ID,Report Version,Reporting Entity,Crash With,SV Pre-Crash Movement,CP Pre-Crash Movement,SV Precrash Speed (MPH),Narrative,Highest Injury Severity Alleged,Any Air Bags Deployed?,Was Any Vehicle Towed?,Were All Passengers Belted?,City,State,Incident Date,Incident Time (24:00),Roadway Type,Weather - Clear,Weather - Cloudy,Weather - Rain,Weather - Snow,Weather - Severe Wind,Weather - Fog/Smoke/Haze,Data Period,Manual Mode at Impact,Waymo Status,Likely Fault,Contact Initiator,Incident_Key
30270-11370,1,Waymo LLC,Passenger Car,Proceeding Straight,Proceeding Straight,1.0,"On July [XXX], 2025 at 7:59 PM MT a Waymo Autonomous Vehicle (""Waymo AV"") operating in Scottsdale, Arizona was in a collision involving a passenger car on [XXX] at [XXX]. 
The Waymo AV was stopped in a queue of traffic facing west in the left-turn lane on [XXX] for a red traffic light at the intersection with [XXX]. When the traffic light turned green, the Waymo AV began to proceed forward with the queue of traffic, then slowed behind a passenger car that was waiting in the turn lane to make the unprotected left turn. While the Waymo AV was slowing, a passenger car that was initially stopped directly behind the Waymo AV approached the Waymo AV from behind and the front of the passenger car made contact with the rear of the Waymo AV. At the time of the impact, the Waymo AV's Level 4 ADS was engaged in autonomous mode. Both vehicles sustained damage.
Waymo is reporting this crash under Request No. 1 of Standing General Order 2021-01 because a vehicle involved was towed away and because of airbag deployment. Waymo may supplement or correct its reporting with additional information as it may become available.",Property Damage. No Injured Reported,"Yes Crash Partner, No Subject Vehicle","Yes Subject Vehicle, No Crash Partner",Subject Vehicle - All Belted,Scottsdale,AZ,JUL-2025,19:59,Street,Y, , , , , ,"After June 16, 2025 (Amendment 3)",False,Moving,Other party,Other party,JUL-2025_19:59_Scottsdale_Passenger Car
30270-11361,1,Waymo LLC,"Other, see Narrative",Proceeding Straight,"Other, see Narrative",4.0,"On July [XXX], 2025 at 6:20 PM MT a Waymo Autonomous Vehicle (""Waymo AV"") operating in Mesa, Arizona was in a collision involving a detached object from a pickup truck on [XXX] at [XXX]. 
The Waymo AV was traveling northbound in the left turn lane on [XXX] and slowing for a queue of traffic at the intersection with [XXX]. A pickup truck was traveling southbound in the leftmost lane on the west side of [XXX] without its rear driver side tire. As the SUV continued to proceed straight, an object detached from the pickup truck's rear axle and rolled into the Waymo AV's lane of travel, making contact with the front of the Waymo AV. At the time of the impact, the Waymo AV's Level 4 ADS was engaged in autonomous mode. The Waymo AV sustained damage. The passenger in the Waymo AV later alleged an injury of unspecified nature and severity.
Waymo is reporting this crash under Request No. 2 of Standing General Order 2021-01. Waymo may supplement or correct its reporting with additional information as it may become available.",Unknown,"No Subject Vehicle, No Crash Partner","No Subject Vehicle, No Crash Partner",Subject Vehicle - All Belted,Mesa,AZ,JUL-2025,18:20,Street,Y, , , , , ,"After June 16, 2025 (Amendment 3)",False,Moving,Unclear,Unclear,"JUL-2025_18:20_Mesa_Other, see Narrative"
30270-11379,1,Waymo LLC,Other Fixed Object,Proceeding Straight,,7.0,"On July [XXX], 2025 at 12:16 AM MT a Waymo Autonomous Vehicle (""Waymo AV"") operating in Tempe, Arizona was in a collision involving a small piece of concrete at a parking lot at [XXX]. 
The Waymo AV was stopped facing north at the entrance of a parking lot at [XXX] for a passenger drop-off. After the passengers had exited, the Waymo AV traveled northbound to enter the parking lot and the front and undercarriage of the Waymo AV made contact with a small piece of concrete on the pavement in the center of the driveway and attached to a chain at the entrance of the parking lot. At the time of the impact, the Waymo AV's Level 4 ADS was engaged in autonomous mode. The Waymo AV sustained damage.
Waymo is reporting this crash under Request No. 2 of Standing General Order 2021-01. Waymo may supplement or correct its reporting with additional information as it may become available.",Property Damage. No Injured Reported,"No Subject Vehicle, No Crash Partner","No Subject Vehicle, No Crash Partner",Subject Vehicle - No Passenger In Vehicle,Tempe,AZ,JUL-2025,00:16,Parking Lot,Y, , , , , ,"After June 16, 2025 (Amendment 3)",False,Moving,Unclear,Waymo,JUL-2025_00:16_Tempe_Other Fixed Object
30270-11383,1,Waymo LLC,Passenger Car,Proceeding Straight,Changing Lanes,23.0,"On July [XXX], 2025 at 10:07 AM ET a Waymo Autonomous Vehicle (""Waymo AV"") operating in Atlanta, Georgia was in a collision involving a passenger car on [XXX] near [XXX]. 
The Waymo AV was traveling northbound on [XXX] in the rightmost lane. A passenger car, which was traveling behind an SUV heading northbound on [XXX] that had stopped in the second to the right lane, braked and maneuvered into the Waymo AV's lane of travel (the rightmost lane). The passenger side of the passenger car made contact with the front driver side of the Waymo AV. At the time of the impact, the Waymo AV's Level 4 ADS was engaged in autonomous mode. Both the passenger car and the Waymo AV sustained damage.
Waymo is reporting this crash under Request No. 1 of Standing General Order 2021-01 because a vehicle involved was towed away. Waymo may supplement or correct its reporting with additional information as it may become available.",Property Damage. No Injured Reported,"No Subject Vehicle, No Crash Partner","Yes Subject Vehicle, No Crash Partner",Subject Vehicle - No Passenger In Vehicle,Atlanta,GA,JUL-2025,10:07,Street, ,Y, , , , ,"After June 16, 2025 (Amendment 3)",False,Moving,Unclear,Other party,JUL-2025_10:07_Atlanta_Passenger Car
30270-11334,1,Waymo LLC,Other Fixed Object,Making U-Turn,,4.0,"On July [XXX], 2025 at 11:11 PM MT a Waymo Autonomous Vehicle (""Waymo AV"") operating in Mesa, Arizona made contact with the raised pavement of a median on [XXX] near [XXX]. 
The Waymo AV was stopped facing east in the rightmost lane at an active railroad crossing on [XXX], where the train appeared to be stopped on the tracks. While the railroad gate remained down, the Waymo AV initiated a U-turn onto westbound [XXX] and proceeded across the second from the right and the leftmost lane of eastbound [XXX]. As the Waymo AV was completing its U-turn, the undercarriage of the Waymo AV made contact with the concrete median between eastbound and westbound [XXX].  At the time of the impact, the Waymo AV's Level 4 ADS was engaged in autonomous mode. The Waymo AV sustained damage.
Waymo is reporting this crash under Request No. 2 of Standing General Order 2021-01. Waymo may supplement or correct its reporting with additional information as it may become available.",Property Damage. No Injured Reported,"No Subject Vehicle, No Crash Partner","No Subject Vehicle, No Crash Partner",Subject Vehicle - No Passenger In Vehicle,Mesa,AZ,JUL-2025,23:11,Street, , ,Y, , , ,"After June 16, 2025 (Amendment 3)",False,Moving,Unclear,Waymo,JUL-2025_23:11_Mesa_Other Fixed Object
30270-11330,1,Waymo LLC,Pickup Truck,Parked,Passing,0.0,"On July [XXX], 2025 at 1:42 AM CT a Waymo Autonomous Vehicle (""Waymo AV"") operating in Austin, Texas was in a collision involving a pickup truck on [XXX] near [XXX]. 
The Waymo AV was parked in-lane facing northeast on [XXX] with hazards activated for a passenger drop off. While the Waymo AV remained parked, a pickup truck that had been parked at the curb approached the Waymo AV from behind, and proceeded to pass to the left of the Waymo AV. As the pickup truck passed the Waymo AV, the passenger side of the pickup truck made contact with the rear driver side of the stationary Waymo AV. At the time of the impact, the Waymo AV's Level 4 ADS was engaged in autonomous mode. The Waymo AV sustained damage.
Waymo is reporting this crash under Request No. 1 of Standing General Order 2021-01 because a vehicle involved was towed away. Waymo may supplement or correct its reporting with additional information as it may become available.",Property Damage. No Injured Reported,"No Subject Vehicle, No Crash Partner","Yes Subject Vehicle, No Crash Partner",Subject Vehicle - No Passenger In Vehicle,Austin,TX,JUL-2025,01:42,Street,Y, , , , , ,"After June 16, 2025 (Amendment 3)",False,Stationary,Unclear,Other party,JUL-2025_01:42_Austin_Pickup Truck
30270-11328,1,Waymo LLC,Heavy Truck,Stopped,Proceeding Straight,0.0,"On July [XXX], 2025 at 9:54 AM CT a Waymo Autonomous Vehicle (""Waymo AV"") operating in Austin, Texas was in a collision involving a heavy truck on [XXX] at [XXX]. 
The Waymo AV was stopped facing west in the right lane on [XXX] for a red light at the intersection at [XXX]. When the traffic light turned green, the Waymo AV proceeded a short distance into the intersection, activated its left turn signal, and slowed to a stop. A box truck that was initially stopped directly behind the Waymo AV proceeded forward and the front of the box truck made contact with the rear of the Waymo AV. At the time of the impact, the Waymo AV's Level 4 ADS was engaged in autonomous mode. Both vehicles sustained damage.
Waymo is reporting this crash under Request No. 2 of Standing General Order 2021-01. Waymo may supplement or correct its reporting with additional information as it may become available.",Minor W/O Hospitalization,"No Subject Vehicle, No Crash Partner","No Subject Vehicle, No Crash Partner",Subject Vehicle - All Belted,Austin,TX,JUL-2025,09:54,Intersection, ,Y, , , , ,"After June 16, 2025 (Amendment 3)",False,Stationary,Other party,Other party,JUL-2025_09:54_Austin_Heavy Truck
30270-11412,1,Waymo LLC,Passenger Car,Stopped,Crossing into Opposing Lane,0.0,"On July [XXX], 2025 at 11:39 PM MT a Waymo Autonomous Vehicle (""Waymo AV"") operating in Tempe, Arizona was in a collision involving a passenger car on [XXX] near [XXX].
The Waymo AV was traveling southbound on [XXX] and slowing to a stop in response to a passenger car that was traveling westbound on [XXX] and turning right onto northbound [XXX]. As the passenger car was completing its turn, it crossed the center line into the Waymo AV's lane of travel and the driver side of the passenger car made contact with the driver side of the stationary Waymo AV. At the time of the impact, the Waymo AV's Level 4 ADS was engaged in autonomous mode. Both vehicles sustained damage.
Waymo is reporting this crash under Request No. 2 of Standing General Order 2021-01. Waymo may supplement or correct its reporting with additional information as it may become available.",Property Damage. No Injured Reported,"No Subject Vehicle, No Crash Partner","No Subject Vehicle, No Crash Partner",Subject Vehicle - All Belted,Tempe,AZ,JUL-2025,23:39,Street,Y, , , , , ,"After June 16, 2025 (Amendment 3)",False,Stationary,Unclear,Other party,JUL-2025_23:39_Tempe_Passenger Car
30270-11417,1,Waymo LLC,Passenger Car,Proceeding Straight,Traveling Wrong Way,12.0,"On July [XXX], 2025 at 1:35 AM MT a Waymo Autonomous Vehicle (""Waymo AV"") operating in Phoenix, Arizona was in a collision involving a passenger car on [XXX] near the [XXX] entrance.
The Waymo AV was traveling northeastbound on [XXX] in the right lane. A passenger car was traveling southwestbound on the wrong side of median-divided [XXX], directly in the Waymo AV's lane of travel.  The Waymo AV braked and initially maneuvered left to avoid the oncoming passenger car. However, the passenger car continued to proceed, maneuvering towards the Waymo AV. The Waymo AV then continued to brake and maneuvered back to the right, to again attempt to avoid the passenger car, but the passenger car once more maneuvered towards the Waymo AV. As the Waymo AV continued to brake and the passenger car continued off the southeast side of [XXX], the front passenger side of the passenger car made contact with the front passenger side of the Waymo AV. At the time of the impact, the Waymo AV's Level 4 ADS was engaged in autonomous mode. Both vehicles sustained damage.
Waymo is reporting this crash under Request No. 1 of Standing General Order 2021-01 because a vehicle involved was towed away. Waymo may supplement or correct its reporting with additional information as it may become available.",Property Damage. No Injured Reported,"No Subject Vehicle, No Crash Partner","Yes Subject Vehicle, No Crash Partner",Subject Vehicle - All Belted,Phoenix,AZ,JUL-2025,01:35,Street,Y, , , , , ,"After June 16, 2025 (Amendment 3)",False,Moving,Unclear,Other party,JUL-2025_01:35_Phoenix_Passenger Car
30270-11323,1,Waymo LLC,Passenger Car,Proceeding Straight,Proceeding Straight,16.0,"On July [XXX], 2025 at 2:51 PM MT a Waymo Autonomous Vehicle (""Waymo AV"") operating in Tempe, Arizona was in a collision involving a passenger car on [XXX] near [XXX]. 
The Waymo AV was traveling southbound in the right lane on [XXX], slowing for a queue of traffic near the intersection of [XXX]. A passenger car traveling southbound in the right lane on [XXX] approached the Waymo AV from behind, and the front of the passenger car made contact with the rear of the Waymo AV. At the time of the impact, the Waymo AV's Level 4 ADS was engaged in autonomous mode. Both vehicles sustained damage. The rider of the Waymo AV alleged a minor injury.
Waymo is reporting this crash under Request No. 1 of Standing General Order 2021-01 because a vehicle involved was towed away. Waymo may supplement or correct its reporting with additional information as it may become available.",Minor W/O Hospitalization,"No Subject Vehicle, No Crash Partner","Yes Subject Vehicle, Yes Crash Partner",Subject Vehicle - All Belted,Tempe,AZ,JUL-2025,14:51,Street,Y, , , , , ,"After June 16, 2025 (Amendment 3)",False,Moving,Other party,Other party,JUL-2025_14:51_Tempe_Passenger Car
30270-11302,1,Waymo LLC,Passenger Car,Making Left Turn,Making Left Turn,11.0,"On July [XXX], 2025 at 1:15 PM PT a Waymo Autonomous Vehicle (""Waymo AV"") operating in Los Angeles, California was in a collision involving a passenger car on [XXX] at [XXX]. 
The Waymo AV was traveling northbound in the left turn lane on [XXX] when it proceeded to make a protected left turn at the intersection with [XXX]. As the Waymo AV was completing its turn onto the leftmost lane on westbound [XXX], a passenger car that was also making a left turn from northbound [XXX] approached the Waymo AV from behind and the front of the passenger car made contact with the rear driver side of the Waymo AV. At the time of the impact, the Waymo AV's Level 4 ADS was engaged in autonomous mode. Both vehicles sustained damage.
Waymo is reporting this crash under Request No. 1 of Standing General Order 2021-01 because a vehicle involved was towed away. Waymo may supplement or correct its reporting with additional information as it may become available.",Property Damage. No Injured Reported,"No Subject Vehicle, No Crash Partner","Yes Subject Vehicle, No Crash Partner",Subject Vehicle - All Belted,,,JUL-2025,13:15,Intersection,Y, , , , , ,"After June 16, 2025 (Amendment 3)",False,Moving,Unclear,Other party,JUL-2025_13:15_nan_Passenger Car
30270-11381,1,Waymo LLC,Passenger Car,Proceeding Straight,Making Left Turn,22.0,"On July [XXX], 2025 at 1:12 AM MT a Waymo Autonomous Vehicle (""Waymo AV"") operating in Scottsdale, Arizona was in a collision involving a passenger car on [XXX] at [XXX]. 
The Waymo AV was stopped facing north in the second from the right lane on [XXX] for a red light at the intersection at [XXX]. When the light turned green, the Waymo AV proceeded straight, and a passenger car that was facing south in the left turn lane on [XXX] proceeded to make an unprotected left turn onto eastbound [XXX]. As the passenger car crossed into the Waymo AV's lane of travel, the Waymo maneuvered to the right and the front driver side of the passenger car made contact with the rear driver side of the Waymo AV. At the time of the impact, the Waymo AV's Level 4 ADS was engaged in autonomous mode. Both vehicles sustained damage.
Waymo is reporting this crash under Request No. 2 of Standing General Order 2021-01. Waymo may supplement or correct its reporting with additional information as it may become available.",Property Damage. No Injured Reported,"No Subject Vehicle, No Crash Partner","No Subject Vehicle, No Crash Partner",Subject Vehicle - No Passenger In Vehicle,Scottsdale,AZ,JUL-2025,01:12,Intersection,Y, , , , , ,"After June 16, 2025 (Amendment 3)",False,Moving,Unclear,Other party,JUL-2025_01:12_Scottsdale_Passenger Car
30270-5962,1,Waymo LLC,"Other, see Narrative",Proceeding Straight,"Other, see Narrative",56.0,"On June [XXX], 2023 at 9:39 PM PT a Waymo Autonomous Vehicle (Waymo AV) operating in Tempe, Arizona impacted road debris on [XXX] just past [XXX].
The Waymo AV was traveling eastbound on [XXX] in the far right lane when road debris appeared from under the passenger vehicle in front of the Waymo AV. The Waymo AV test driver transitioned to manual mode just before the Waymo AV made contact with the road debris. The Waymo AV sustained damage.
Waymo is reporting this crash under Request No. 2 of Standing General Order 2021-01. Waymo may supplement or correct its reporting with additional information as it may become available.",No Injuries Reported,No,No,Yes,Tempe,AZ ,JUN-2023,21:39,Highway / Freeway,Y, , , , , ,"Prior to June 16, 2025 (Amendment 2)",False,Moving,Unclear,Unclear,"JUN-2023_21:39_Tempe_Other, see Narrative"
30270-5813,1,Waymo LLC,"Other, see Narrative",Changing Lanes,"Other, see Narrative",35.0,"On June [XXX], 2023 at 8:58 PM PT a Waymo Autonomous Vehicle (Waymo AV) operating in Phoenix, Arizona impacted road debris on [XXX] near [XXX].
The Waymo AV was traveling southbound on [XXX] in the middle lane and preparing to make a right lane change. As it initiated the lane change, the rear passenger side tire struck small debris in the road. At the time of the impact, the Waymo AVs Level 4 ADS was engaged in autonomous mode, and a test driver was present (in the drivers seating position). The Waymo AVs tire immediately deflated.
Waymo is reporting this event under Request No. 1 of Standing General Order 2021-01 because a vehicle involved was towed away. Waymo may supplement or correct its reporting with additional information as it may become available.",No Injuries Reported,No,Yes,Yes,Phoenix,AZ ,JUN-2023,20:58,Street,Y, , , , , ,"Prior to June 16, 2025 (Amendment 2)",False,Moving,Unclear,Unclear,"JUN-2023_20:58_Phoenix_Other, see Narrative"
30270-7883,1,Waymo LLC,SUV,Stopped,Passing,0.0,"On June [XXX], 2024 at 6:00 PM MT a Waymo Autonomous Vehicle (""Waymo AV"") operating in Phoenix, Arizona was in a collision involving an SUV in a parking lot on [XXX] near [XXX]. 
The Waymo AV was stopped, waiting to turn right in a parking lot. An SUV completed a multipoint turn to exit a parking space, and was proceeding past the front of the AV. As the SUV passed the stopped Waymo AV, the driver side of the SUV made contact with the front driver side of the Waymo AV. At the time of the impact, the Waymo AV's Level 4 ADS was engaged in autonomous mode. Both vehicles sustained damage.
Waymo is reporting this crash under Request No. 1 of Standing General Order 2021-01 because a vehicle involved was towed away. Waymo may supplement or correct its reporting with additional information as it may become available.",No Injuries Reported,No,Yes,No Passengers in Vehicle,Phoenix,AZ ,JUN-2024,18:00,Parking Lot,Y, , , , , ,"Prior to June 16, 2025 (Amendment 2)",False,Stationary,Unclear,Other party,JUN-2024_18:00_Phoenix_SUV
30270-7969,1,Waymo LLC,"Other, see Narrative",Proceeding Straight,"Other, see Narrative",25.0,"On June [XXX], 2024 at 6:34 PM MT a Waymo Autonomous Vehicle (Waymo AV) operating in Tempe, Arizona was in a collision involving debris on [XXX] at [XXX]. 
The Waymo AV was traveling north on [XXX] when the vehicle made contact with a small rectangular object located in the middle of the AVs lane. At the time of the impact, the Waymo AVs Level 4 ADS was engaged in autonomous mode.  The Waymo AV sustained damage to a tire.
Waymo is reporting this crash under Request No. 1 of Standing General Order 2021-01 because a vehicle involved was towed away. Waymo may supplement or correct its reporting with additional information as it may become available.",No Injuries Reported,No,Yes,Yes,Tempe,AZ ,JUN-2024,18:34,Intersection,Y, , , , , ,"Prior to June 16, 2025 (Amendment 2)",False,Moving,Unclear,Unclear,"JUN-2024_18:34_Tempe_Other, see Narrative"
30270-8020,1,Waymo LLC,Passenger Car,Stopped,Proceeding Straight,0.0,"On June [XXX], 2024 at 7:12 AM PT a Waymo Autonomous Vehicle (""Waymo AV"") operating in Phoenix, Arizona was in a collision involving a passenger car on E Indian [XXX] at [XXX]. 
The Waymo AV was stopped in the leftmost westbound lane of [XXX] of a technical issue when the front of a passenger car traveling west on [XXX] made contact with the rear of the Waymo AV. At the time of the impact, the Waymo AV's Level 4 ADS was engaged in autonomous mode. Both vehicles sustained damage.
Waymo is reporting this crash under Request No. 1 of Standing General Order 2021-01 because a vehicle involved was towed away. Waymo may supplement or correct its reporting with additional information as it may become available.",No Injuries Reported,No,Yes,No Passengers in Vehicle,Phoenix,AZ ,JUN-2024,7:12,Street,Y, , , , , ,"Prior to June 16, 2025 (Amendment 2)",False,Stationary,Other party,Other party,JUN-2024_7:12_Phoenix_Passenger Car
30270-8027,1,Waymo LLC,Passenger Car,Stopped,Proceeding Straight,0.0,"On June [XXX], 2024 at 12:21 AM MT a Waymo Autonomous Vehicle (Waymo AV) operating in Phoenix, Arizona was in a collision involving a passenger car on [XXX] at [XXX]. 
The Waymo AV was stopped in traffic for a red light on eastbound [XXX] when a passenger car traveling at a high rate of speed approached the Waymo AV from behind. The front of the passenger car made contact with the rear of the Waymo AV. At the time of the impact, the Waymo AVs Level 4 ADS was engaged in autonomous mode. Both vehicles sustained damage, and the passenger car left the scene.
Waymo is reporting this crash under Request No. 1 of Standing General Order 2021-01 because a vehicle involved was towed away and an airbag deployed. Waymo may supplement or correct its reporting with additional information as it may become available.",No Injuries Reported,No,Yes,No Passengers in Vehicle,Phoenix,AZ ,JUN-2024,00:21,Intersection,Y, , , , , ,"Prior to June 16, 2025 (Amendment 2)",False,Stationary,Other party,Other party,JUN-2024_00:21_Phoenix_Passenger Car
30270-8124,1,Waymo LLC,Heavy Truck,Stopped,Backing,0.0,"On June [XXX], 2024 at 10:38 AM MT a Waymo Autonomous Vehicle (Waymo AV) operating in Phoenix, Arizona was in a collision involving a heavy truck on [XXX] near [XXX]. 
The Waymo AV was traveling west on [XXX] when it came to a stop behind a heavy truck that was stopped in the same lane. The heavy truck then began reversing. While the Waymo AV remained stopped, the heavy truck continued reversing and made contact with the front of the Waymo AV. At the time of the impact, the Waymo AVs Level 4 ADS was engaged in autonomous mode. The Waymo AV sustained damage.
Waymo is reporting this crash under Request No. 2 of Standing General Order 2021-01. Waymo may supplement or correct its reporting with additional information as it may become available.",No Injuries Reported,No,No,Yes,Phoenix,AZ ,JUN-2024,10:38,Street,Y, , , , , ,"Prior to June 16, 2025 (Amendment 2)",False,Stationary,Other party,Other party,JUN-2024_10:38_Phoenix_Heavy Truck
30270-8128,1,Waymo LLC,SUV,Stopped,Crossing into Opposing Lane,0.0,"On June [XXX], 2024 at 11:49 PM MT a Waymo Autonomous Vehicle (Waymo AV) operating in [XXX], Arizona was in a collision involving an SUV on [XXX] near [XXX]. 
The Waymo AV was stopped partially in the eastbound lane of  [XXX] after completing a rider pickup when an SUV passed the Waymo AV on the left and the passenger side of the SUV made contact with the rear driver side corner of the Waymo AV.  At the time of the impact, the Waymo AVs Level 4 ADS was engaged in autonomous mode.  The Waymo AV sustained damage.
Waymo is reporting this crash under Request No. 2 of Standing General Order 2021-01. Waymo may supplement or correct its reporting with additional information as it may become available.",No Injuries Reported,No,No,Yes,Phoenix,AZ ,JUN-2024,23:49,Street,Y, , , , , ,"Prior to June 16, 2025 (Amendment 2)",False,Stationary,Unclear,Other party,JUN-2024_23:49_Phoenix_SUV
30270-8137,1,Waymo LLC,SUV,Stopped,Proceeding Straight,0.0,"On June [XXX], 2024 at 4:49 PM MT a Waymo Autonomous Vehicle (Waymo AV) operating in [XXX], Arizona was in a collision involving an SUV on [XXX] at [XXX].
The Waymo AV was stopped in a queue of traffic on [XXX] when the front of an SUV traveling behind the Waymo AV made contact with the rear of the Waymo AV.  At the time of the impact, the Waymo AVs Level 4 ADS was engaged in autonomous mode. The Waymo AV sustained damage.
Waymo is reporting this crash under Request No. 2 of Standing General Order 2021-01. Although the Waymo AV was towed, that happened for a reason unrelated to the crash so it was not covered by Request 1. D, which applies where ""the crash results in a vehicle tow-away."" Waymo may supplement or correct its reporting with additional information as it may become available.",No Injuries Reported,No,No,Yes,Tempe,AZ ,JUN-2024,16:49,Street,Y, , , , , ,"Prior to June 16, 2025 (Amendment 2)",False,Stationary,Other party,Other party,JUN-2024_16:49_Tempe_SUV
30270-8120,1,Waymo LLC,Animal,Proceeding Straight,"Other, see Narrative",35.0,"On June [XXX], 2024 at 4:37 AM MT a Waymo Autonomous Vehicle (Waymo AV) operating in [XXX], Arizona was in a collision involving an animal on [XXX] near [XXX].
The Waymo AV was traveling east on [XXX] when an animal that appeared to be a cat ran into the roadway from the left side of the road in front of the Waymo AV. The rear drivers side of the Waymo AV then made contact with the animal. At the time of the impact, the Waymo AVs Level 4 ADS was engaged in autonomous mode. The Waymo AV sustained damage. 
Waymo is reporting this crash under Request No. 2 of Standing General Order 2021-01. Although the Waymo AV was towed, that happened for a reason unrelated to the crash so it was not covered by Request 1. D, which applies where ""the crash results in a vehicle tow-away."" Waymo may supplement or correct its reporting with additional information as it may become available.",No Injuries Reported,No,No,Yes,Phoenix,AZ ,JUN-2024,04:37,Street,Y, , , , , ,"Prior to June 16, 2025 (Amendment 2)",False,Moving,Unclear,Unclear,JUN-2024_04:37_Phoenix_Animal
30270-8157,1,Waymo LLC,Passenger Car,Stopped,Backing,0.0,"On June [XXX], 2024 at 1:24 PM MT a Waymo Autonomous Vehicle (Waymo AV) operating in [XXX], Arizona was in a collision involving a passenger car at [XXX]. 
The Waymo AV was stopped for a drop-off facing south in a parking lot at [XXX]. A rider in the Waymo AV opened the driver side rear door of the Waymo AV. At the same time, a passenger car that was facing north was reversing south through the parking lot and the mirror of the passenger car made contact with the driver side passenger door of the Waymo AV. One of the passengers in the Waymo AV unbuckled their seatbelt shortly before the moment of impact, likely because the AV was at its dropoff location and the passenger was preparing to exit. At the time of the impact, the Waymo AVs Level 4 ADS was engaged in autonomous mode. Waymo has received notice of a claim of damage to the passenger car.
Waymo is reporting this crash under Request No. 2 of Standing General Order 2021-01. Waymo may supplement or correct its reporting with additional information as it may become available.",No Injuries Reported,No,No,"No, see Narrative",Phoenix,AZ ,JUN-2024,13:24,Parking Lot,Y, , , , , ,"Prior to June 16, 2025 (Amendment 2)",False,Stationary,Unclear,Waymo,JUN-2024_13:24_Phoenix_Passenger Car
30270-8634,1,Waymo LLC,"Other, see Narrative",Proceeding Straight,"Other, see Narrative",36.0,"On June [XXX], 2024 at 8:09 AM MT a Waymo Autonomous Vehicle (""Waymo AV"") operating in Phoenix, Arizona was in a collision involving a piece of debris on [XXX] at North [XXX]. 
The Waymo AV was traveling westbound in the left lane on [XXX] when it made contact with a piece of debris in the roadway.  At the time of the impact, the Waymo AV's Level 4 ADS was engaged in autonomous mode. The Waymo AV sustained damage. 
Waymo is reporting this crash under Request No. 2 of Standing General Order 2021-01. The damage to the vehicle was discovered on the same day as the event, but the collision was identified later, on August 20, 2024, in a routine data review process. Waymo may supplement or correct its reporting with additional information as it may become available.",No Injuries Reported,No,No,Yes,Phoenix,AZ ,JUN-2024,08:09,Street,Y, , , , , ,"Prior to June 16, 2025 (Amendment 2)",False,Moving,Unclear,Unclear,"JUN-2024_08:09_Phoenix_Other, see Narrative"
30270-7842,2,Waymo LLC,Motorcycle,Proceeding Straight,Proceeding Straight,22.0,"The content of this report is unchanged from the initial report submitted on June 9, 2024 [REDACTED, MAY CONTAIN CONFIDENTIAL BUSINESS INFORMATION]
On June [XXX], 2024 at 12:58 PM MT a Waymo Autonomous Vehicle (""Waymo AV"") operating in Scottsdale, AZ was in a collision involving a motorcycle on [XXX] at [XXX]. 
The Waymo AV was traveling north in the center through lane on [XXX] at the intersection with [XXX]. While the Waymo AV was driving straight through the intersection with a green light, a motorcycle traveling at a high rate of speed on eastbound [XXX] did not stop for a red light and made contact with the rear driver side corner of the Waymo AV. At the time of the impact, the Waymo AV's Level 4 ADS was engaged in autonomous mode and the passenger was not wearing a seat belt. Both vehicles sustained damage, and Waymo has not received notice of any reported injuries.
Waymo is reporting this crash under Request No. 1 of Standing General Order 2021-01 because a vulnerable road user was involved. Waymo may supplement or correct its reporting with additional information as it may become available.",No Injuries Reported,No,Yes,"No, see Narrative",Scottsdale,AZ ,JUN-2024,12:58,Intersection,Y, , , , , ,"Prior to June 16, 2025 (Amendment 2)",False,Moving,Unclear,Other party,JUN-2024_12:58_Scottsdale_Motorcycle
30270-8146,1,Waymo LLC,"Other, see Narrative",Proceeding Straight,"Other, see Narrative",44.0,"On June [XXX], 2024 at 10:53 PM MT a Waymo Autonomous Vehicle (Waymo AV) operating in [XXX], Arizona was in a collision involving debris on [XXX] near [XXX]. 
The Waymo AV was traveling east on [XXX] when the vehicle made contact with a small round object located in the middle of the AVs lane.  At the time of the impact, the Waymo AVs Level 4 ADS was engaged in autonomous mode. The Waymo AV sustained damage.
Waymo is reporting this crash under Request No. 2 of Standing General Order 2021-01. Waymo may supplement or correct its reporting with additional information as it may become available.",No Injuries Reported,No,No,Yes,Chandler,AZ ,JUN-2024,22:53,Street,Y, , , , , ,"Prior to June 16, 2025 (Amendment 2)",False,Moving,Unclear,Unclear,"JUN-2024_22:53_Chandler_Other, see Narrative"
30270-11174,1,Waymo LLC,Other Fixed Object,Proceeding Straight,,10.0,"On June [XXX], 2025 at 8:16 AM MT a Waymo Autonomous Vehicle (""Waymo AV"") operating in Chandler, Arizona was in a collision involving an elevated gate track in a parking lot at [XXX]. 
The Waymo AV was traveling eastbound in a parking lot at [XXX] through a gate opening when the bottom of the Waymo AV made contact with the elevated gate track. At the time of the impact, the Waymo AV's Level 4 ADS was engaged in autonomous mode. The Waymo AV sustained damage.
Waymo is reporting this crash under Request No. 1 of Standing General Order 2021-01 because a vehicle involved was towed away. Waymo may supplement or correct its reporting with additional information as it may become available.",No Injured Reported,"No Subject Vehicle, No Crash Partner","No Subject Vehicle, No Crash Partner",Subject Vehicle - No Passenger In Vehicle,Chandler,AZ,JUN-2025,08:16,Parking Lot,Y, , , , , ,"After June 16, 2025 (Amendment 3)",False,Moving,Unclear,Waymo,JUN-2025_08:16_Chandler_Other Fixed Object
30270-11013,1,Waymo LLC,Passenger Car,Proceeding Straight,Proceeding Straight,2.0,"On June [XXX], 2025 at 3:52 AM MST a Waymo Autonomous Vehicle (""Waymo AV"") operating in Phoenix, Arizona was in a collision involving a passenger car on the [XXX] near [XXX]. 
The Waymo AV was traveling northbound on the Interstate [XXX], and was slowing for a stop sign where the [XXX] joins the off ramp of northbound [XXX]. As the Waymo AV was slowing, a passenger car traveling directly behind the Waymo AV approached the Waymo AV from behind and the front of the passenger car made contact with the rear of the Waymo AV. At the time of the impact, the Waymo AV's Level 4 ADS was engaged in autonomous mode. Both vehicles sustained damage.
Waymo is reporting this crash under Request No. 1 of Standing General Order 2021-01 because a vehicle involved was towed away and because of airbag deployment. Waymo may supplement or correct its reporting with additional information as it may become available.",No Injuries Reported,No,Yes,No Passengers in Vehicle,Phoenix,AZ ,JUN-2025,03:52,Street, , ,Y, , , ,"Prior to June 16, 2025 (Amendment 2)",False,Moving,Other party,Other party,JUN-2025_03:52_Phoenix_Passenger Car