Report ID,Report Version,Reporting Entity,Crash With,SV Pre-Crash Movement,CP Pre-Crash Movement,SV Precrash Speed (MPH),Narrative,Highest Injury Severity Alleged,Any Air Bags Deployed?,Was Any Vehicle Towed?,Were All Passengers Belted?,City,State,Incident Date,Incident Time (24:00),Roadway Type,Weather - Clear,Weather - Cloudy,Weather - Rain,Weather - Snow,Weather - Severe Wind,Weather - Fog/Smoke/Haze,Data Period,Manual Mode at Impact,Waymo Status,Likely Fault,Contact Initiator,Incident_Key
30270-11015,1,Waymo LLC,Pickup Truck,Parked,Changing Lanes,0.0,"On June [XXX], 2025 at 7:20 PM MT a Waymo Autonomous Vehicle (""Waymo AV"") operating in Scottsdale, Arizona was in a collision involving a pickup truck on [XXX] at [XXX]. 
The Waymo AV was parked at the curb facing south in the rightmost lane on [XXX] with hazard lights activated for a passenger pick-up. While the Waymo AV remained parked, a pickup truck exited a parking lot onto southbound [XXX] and approached the Waymo AV from behind. The pickup truck was traveling partially in the rightmost lane and partially in the second to the right lane. The pickup truck then began to steer into the second to the right lane, and the front passenger side of the pickup truck made contact with the rear driver side of the stationary Waymo AV. At the time of the impact, the Waymo AV's Level 4 ADS was engaged in autonomous mode. The Waymo AV sustained damage.
Waymo is reporting this crash under Request No. 1 of Standing General Order 2021-01 because a vehicle involved was towed away. Waymo may supplement or correct its reporting with additional information as it may become available.",No Injuries Reported,No,Yes,No Passengers in Vehicle,Scottsdale,AZ ,JUN-2025,19:20,Street,Y, , , , , ,"Prior to June 16, 2025 (Amendment 2)",False,Stationary,Unclear,Other party,JUN-2025_19:20_Scottsdale_Pickup Truck
30270-11085,1,Waymo LLC,SUV,Stopped,Proceeding Straight,0.0,"On June [XXX], 2025 at 7:56 AM CT a Waymo Autonomous Vehicle (""Waymo AV"") operating in Austin, Texas was in a collision involving an SUV on [XXX] at [XXX]. 
The Waymo AV was traveling eastbound on [XXX] in the rightmost left turn lane and came to a stop for a red light at the intersection at [XXX]. An SUV traveling eastbound in the same lane approached the Waymo AV from behind, and the front driver side of the SUV made contact with the rear passenger side of the Waymo AV. At the time of the impact, the Waymo AV's Level 4 ADS was engaged in autonomous mode. Both vehicles sustained damage.
Waymo is reporting this crash under Request No. 1 of Standing General Order 2021-01 because a vehicle involved was towed away. Waymo may supplement or correct its reporting with additional information as it may become available.",No Injuries Reported,No,Yes,No Passengers in Vehicle,Austin,TX ,JUN-2025,07:56,Street,Y, , , , , ,"Prior to June 16, 2025 (Amendment 2)",False,Stationary,Unclear,Other party,JUN-2025_07:56_Austin_SUV
30270-11087,1,Waymo LLC,Passenger Car,Stopped,Proceeding Straight,0.0,"On June [XXX], 2025 at 12:23 PM MT a Waymo Autonomous Vehicle (""Waymo AV"") operating in Phoenix, Arizona was in a collision involving a passenger car on [XXX] at [XXX]. 
The Waymo AV was traveling eastbound on [XXX] in the left lane and came to a stop in a queue of traffic. A passenger car traveling directly behind the Waymo AV approached the stationary Waymo AV and came to a stop. A passenger car hit the passenger car behind the Waymo AV and the front of that passenger car made contact with the rear of the Waymo AV. At the time of the impact, the Waymo AV's Level 4 ADS was engaged in autonomous mode. Both vehicles sustained damage.
Waymo is reporting this crash under Request No. 1 of Standing General Order 2021-01 because a vehicle involved was towed away. Waymo may supplement or correct its reporting with additional information as it may become available.",No Injuries Reported,No,Yes,Yes,Phoenix,AZ ,JUN-2025,12:23,Street,Y, , , , , ,"Prior to June 16, 2025 (Amendment 2)",False,Stationary,Other party,Other party,JUN-2025_12:23_Phoenix_Passenger Car
30270-11088,1,Waymo LLC,Other Fixed Object,Making Left Turn,,9.0,"On June [XXX], 2025 at 3:59 PM CT a Waymo Autonomous Vehicle (""Waymo AV"") operating in Austin, Texas made contact with the pavement at a parking lot entrance off of [XXX] near [XXX] Interstate Highway [XXX]. 
The Waymo AV was traveling southbound on [XXX] when it turned left into a parking lot at [XXX]. Interstate Highway [XXX]. As the Waymo AV proceeded through the entrance of the parking lot, the Waymo AV's undercarriage made contact with the raised pavement at the entrance of the parking lot. At the time of the impact, the Waymo AV's Level 4 ADS was engaged in autonomous mode. The Waymo AV sustained damage.
Waymo is reporting this crash under Request No. 1 of Standing General Order 2021-01 because a vehicle involved was towed away. Waymo may supplement or correct its reporting with additional information as it may become available.",No Injuries Reported,No,Yes,Yes,Austin,TX ,JUN-2025,15:59,Parking Lot, ,Y, , , , ,"Prior to June 16, 2025 (Amendment 2)",False,Moving,Unclear,Waymo,JUN-2025_15:59_Austin_Other Fixed Object
30270-11160,1,Waymo LLC,Passenger Car,Stopped,Proceeding Straight,0.0,"On June [XXX], 2025 at 11:46 PM MT a Waymo Autonomous Vehicle (""Waymo AV"") operating in Phoenix, Arizona was in a collision involving a passenger car on [XXX] at [XXX]. 
The Waymo AV was traveling southbound on [XXX] and came to a stop for a red light at the intersection with [XXX]. A passenger car traveling southbound on [XXX] approached the Waymo AV from behind and the front of the passenger car made contact with the rear of the stationary Waymo AV. At the time of the impact, the Waymo AV's Level 4 ADS was engaged in autonomous mode. Both vehicles sustained damage.
Waymo is reporting this crash under Request No. 2 of Standing General Order 2021-01. Waymo may supplement or correct its reporting with additional information as it may become available.",Property Damage. No Injured Reported,"No Subject Vehicle, No Crash Partner","No Subject Vehicle, No Crash Partner",Subject Vehicle - No Passenger In Vehicle,Phoenix,AZ,JUN-2025,23:46,Intersection,Y, , , , , ,"After June 16, 2025 (Amendment 3)",False,Stationary,Other party,Other party,JUN-2025_23:46_Phoenix_Passenger Car
30270-11161,1,Waymo LLC,"Other, see Narrative",Backing,"Other, see Narrative",2.0,"On June[XXX], 2025 at 5:04 AM MT a Waymo Autonomous Vehicle (""Waymo AV"") operating in Tempe, Arizona was in a collision involving a trailer hitch attached to a trailer in a parking lot at [XXX]. 
The Waymo AV was traveling southbound in the parking lot of [XXX] and came to a stop to complete a multi-point turn. A trailer was parked in a parking stall located on the driver side of the Waymo AV. As the Waymo AV initiated its multi-point maneuver, it reversed northbound and the front driver side of the Waymo AV made contact with the hitch of the trailer. At the time of the impact, the Waymo AV's Level 4 ADS was engaged in autonomous mode. The Waymo AV sustained damage.
Waymo is reporting this crash under Request No. 2 of Standing General Order 2021-01. Waymo may supplement or correct its reporting with additional information as it may become available.",Property Damage. No Injured Reported,"No Subject Vehicle, No Crash Partner","No Subject Vehicle, No Crash Partner",Subject Vehicle - All Belted,Tempe,AZ,JUN-2025,05:04,Parking Lot,Y, , , , , ,"After June 16, 2025 (Amendment 3)",False,Moving,Unclear,Waymo,"JUN-2025_05:04_Tempe_Other, see Narrative"
30270-11167,1,Waymo LLC,Passenger Car,Parked,Backing,0.0,"On June [XXX], 2025 at 3:47 PM MT a Waymo Autonomous Vehicle (""Waymo AV"") operating in Scottsdale, Arizona was in a collision involving a passenger car on [XXX] at Hayden Road. 
The Waymo AV was parked at the curb facing east on [XXX] when a passenger car that was parked directly in front of the Waymo AV proceeded to reverse, and the rear of the passenger car made contact with the front of the Waymo AV. At the time of the impact, the Waymo AV's Level 4 ADS was engaged in autonomous mode. The Waymo AV sustained damage.
Waymo is reporting this crash under Request No. 2 of Standing General Order 2021-01. Waymo may supplement or correct its reporting with additional information as it may become available.",Property Damage. No Injured Reported,"No Subject Vehicle, No Crash Partner","No Subject Vehicle, No Crash Partner",Subject Vehicle - No Passenger In Vehicle,Scottsdale,AZ,JUN-2025,15:47,Street,Y, , , , , ,"After June 16, 2025 (Amendment 3)",False,Stationary,Other party,Other party,JUN-2025_15:47_Scottsdale_Passenger Car
30270-11173,1,Waymo LLC,Pickup Truck,Stopped,"Other, see Narrative",0.0,"On June [XXX], 2025 at 9:36 PM CT a Waymo Autonomous Vehicle (""Waymo AV"") operating in Austin, Texas was in a collision involving a pickup truck on [XXX] near [XXX]. 
The Waymo AV was stopped in-lane facing west on [XXX] for a passenger pick-up with hazard lights activated. A pickup truck approached the Waymo AV from behind, and the front of the pickup truck made contact with the rear of the stationary Waymo AV. The pickup truck then reversed, maneuvered around the left of the Waymo AV, and stopped directly in front of the stationary Waymo AV. While the Waymo AV remained stopped, the pickup truck reversed again, and the rear of the pickup truck made contact with the front of the Waymo AV. At the time of the impact, the Waymo AV's Level 4 ADS was engaged in autonomous mode. The Waymo AV sustained damage.
Waymo is reporting this crash under Request No. 2 of Standing General Order 2021-01. Waymo may supplement or correct its reporting with additional information as it may become available.",Property Damage. No Injured Reported,"No Subject Vehicle, No Crash Partner","No Subject Vehicle, No Crash Partner",Subject Vehicle - No Passenger In Vehicle,Austin,TX,JUN-2025,21:36,Street,Y, , , , , ,"After June 16, 2025 (Amendment 3)",False,Stationary,Other party,Other party,JUN-2025_21:36_Austin_Pickup Truck
30270-11146,1,Waymo LLC,"Other, see Narrative",Proceeding Straight,"Other, see Narrative",31.0,"On June [XXX], 2025 at 1:28 PM CT a Waymo Autonomous Vehicle (""Waymo AV"") operating in Austin, Texas was in a collision involving debris on [XXX] near [XXX]. 
The Waymo AV was traveling southeastbound on [XXX] in the right lane when the vehicle traveling ahead of the Waymo AV made contact with a stationary piece of debris that was in the roadway. The Waymo AV then made contact with the debris as it was moving across the roadway. At the time of the impact, the Waymo AV's Level 4 ADS was engaged in autonomous mode. The Waymo AV sustained damage.
Waymo is reporting this crash under Request No. 1 of Standing General Order 2021-01 because a vehicle involved was towed away. Waymo may supplement or correct its reporting with additional information as it may become available.",Property Damage. No Injured Reported,"No Subject Vehicle, No Crash Partner","Yes Subject Vehicle, No Crash Partner",Subject Vehicle - No Passenger In Vehicle,Austin,TX,JUN-2025,13:28,Street, , , , , , ,"After June 16, 2025 (Amendment 3)",False,Moving,Unclear,Waymo,"JUN-2025_13:28_Austin_Other, see Narrative"
30270-11208,1,Waymo LLC,SUV,Stopped,Proceeding Straight,0.0,"On June [XXX], 2025 at 9:05 PM CT a Waymo Autonomous Vehicle (""Waymo AV"") operating in Austin, Texas was in a collision involving an SUV on [XXX] at [XXX]. 
The Waymo AV was traveling southbound on [XXX] and came to a stop for a red light at the intersection at [XXX]. An SUV approached the Waymo AV from behind, and the front of the SUV made contact with the rear of the stationary Waymo AV. At the time of the impact, the Waymo AV's Level 4 ADS was engaged in autonomous mode. The Waymo AV sustained damage.
Waymo is reporting this crash under Request No. 2 of Standing General Order 2021-01. Waymo may supplement or correct its reporting with additional information as it may become available.",Property Damage. No Injured Reported,"No Subject Vehicle, No Crash Partner","No Subject Vehicle, No Crash Partner",Subject Vehicle - All Belted,Austin,TX,JUN-2025,21:05,Intersection,Y, , , , , ,"After June 16, 2025 (Amendment 3)",False,Stationary,Other party,Other party,JUN-2025_21:05_Austin_SUV
30270-11224,1,Waymo LLC,SUV,Proceeding Straight,Parked,6.0,"On June [XXX], 2025 at 5:34 PM MT a Waymo Autonomous Vehicle (""Waymo AV"") operating in Mesa, Arizona was in a collision involving an autonomous vehicle on [XXX] near [XXX]. 
The Waymo AV was parked facing east for a passenger pick-up on [XXX] adjacent to a parking lot at [XXX]. A passenger entered the Waymo AV and the Waymo AV began to proceed forward momentarily before the passenger opened the front passenger side door and exited the Waymo AV, prompting the Waymo AV to stop. The passenger then re-entered the Waymo AV and the Waymo AV proceeded to pass to the left of a different Waymo AV stopped facing east on [XXX]. While the first Waymo AV was passing the stopped Waymo AV, the passenger in the moving Waymo AV opened the front passenger side door, which then made contact with the driver side mirror of the stopped Waymo AV. The passenger in the moving Waymo AV was not belted at the time of the collision. At the time of the impact, the Level 4 ADS of both Waymo AVs were engaged in autonomous mode. Both vehicles sustained damage.
Waymo is reporting this crash under Request No. 1 of Standing General Order 2021-01 because a vehicle involved was towed away. Waymo may supplement or correct its reporting with additional information as it may become available.",Property Damage. No Injured Reported,"No Subject Vehicle, No Crash Partner","Yes Crash Partner, No Subject Vehicle",Subject Vehicle - Not Belted - see Narrative,Mesa,AZ,JUN-2025,17:34,Street,Y, , , , , ,"After June 16, 2025 (Amendment 3)",False,Moving,Unclear,Waymo,JUN-2025_17:34_Mesa_SUV
30270-11220,1,Waymo LLC,"Other, see Narrative",Proceeding Straight,"Other, see Narrative",23.0,"On June [XXX], 2025 at 11:35 PM MT a Waymo Autonomous Vehicle (""Waymo AV"") operating in Scottsdale, Arizona was in a collision involving an unattended bicycle in the roadway on [XXX] near [XXX]. 
The Waymo AV was traveling eastbound in the rightmost lane of [XXX] when the Waymo AV's front and undercarriage made contact with an unattended bicycle that was laying in the middle of the roadway. At the time of the impact, the Waymo AV's Level 4 ADS was engaged in autonomous mode. The Waymo AV sustained damage. One of the passengers in the Waymo AV was not belted at the time of the collision.
Waymo is reporting this crash under Request No. 2 of Standing General Order 2021-01. Waymo may supplement or correct its reporting with additional information as it may become available.",Property Damage. No Injured Reported,Not Applicable,"No Subject Vehicle, No Crash Partner",Subject Vehicle - Not Belted - see Narrative,Scottsdale,AZ,JUN-2025,23:35,Street,Y, , , , , ,"After June 16, 2025 (Amendment 3)",False,Moving,Unclear,Waymo,"JUN-2025_23:35_Scottsdale_Other, see Narrative"
30270-11219,1,Waymo LLC,Heavy Truck,Stopped,Proceeding Straight,0.0,"On June [XXX], 2025 at 12:11 PM ET a Waymo Autonomous Vehicle (""Waymo AV"") operating in Atlanta, Georgia was in a collision involving a heavy truck on [XXX] at [XXX]. 
The Waymo AV was traveling eastbound on [XXX] and came to a stop to yield to a heavy truck traveling westbound on a portion of [XXX] with vehicles parked at both curbs. As the heavy truck passed the stationary Waymo AV, the driver side of the heavy truck made contact with the rear driver side of the Waymo AV. At the time of the impact, the Waymo AV's Level 4 ADS was engaged in autonomous mode. The passenger in the Waymo AV alleged a minor injury. The Waymo AV sustained damage.
Waymo is reporting this crash under Request No. 2 of Standing General Order 2021-01. Waymo may supplement or correct its reporting with additional information as it may become available.",Minor W/O Hospitalization,"No Subject Vehicle, No Crash Partner","No Subject Vehicle, No Crash Partner",Subject Vehicle - All Belted,Atlanta,GA,JUN-2025,12:11,Street,Y, , , , , ,"After June 16, 2025 (Amendment 3)",False,Stationary,Unclear,Other party,JUN-2025_12:11_Atlanta_Heavy Truck
30270-11217,1,Waymo LLC,Passenger Car,Proceeding Straight,Proceeding Straight,1.0,"On June [XXX], 2025 at 5:26 PM CT a Waymo Autonomous Vehicle (""Waymo AV"") operating in Austin, Texas was in a collision involving a passenger car on [XXX] near [XXX]. 
The Waymo AV was traveling southbound on [XXX] in the third from the right lane and came to a stop in a queue of traffic. As traffic in all lanes started to proceed forward, the Waymo AV slowly proceeded forward with its left turn signal activated, yielding to traffic and momentarily stopping in an attempt to merge into the left adjacent lane. A passenger car that was initially stopped directly behind the Waymo AV began to proceed forward and the front of the passenger car made contact with the rear of the Waymo AV. At the time of the impact, the Waymo AV's Level 4 ADS was engaged in autonomous mode, and a test driver was present (in the driver's seating position).The Waymo AV sustained damage.
Waymo is reporting this crash under Request No. 2 of Standing General Order 2021-01. Waymo may supplement or correct its reporting with additional information as it may become available.",Property Damage. No Injured Reported,"No Subject Vehicle, No Crash Partner","No Subject Vehicle, No Crash Partner",Subject Vehicle - All Belted,Austin,TX,JUN-2025,17:26,Street,Y, , , , , ,"After June 16, 2025 (Amendment 3)",False,Moving,Other party,Other party,JUN-2025_17:26_Austin_Passenger Car
30270-11216,1,Waymo LLC,Passenger Car,Parked,Proceeding Straight,0.0,"On June [XXX], 2025 at 4:56 PM MST a Waymo Autonomous Vehicle (""Waymo AV"") operating in Phoenix, Arizona was in a collision involving a passenger car on [XXX] near [XXX]. 
The Waymo AV was parked at the curb facing south on [XXX] for a passenger drop-off with hazard lights activated. While the Waymo AV remained parked, a passenger car traveling southbound on [XXX] with its front passenger side door open proceeded to pass to the left of the Waymo AV. The front passenger door of the passenger car made contact with the rear driver side of the stationary Waymo AV. At the time of the impact, the Waymo AV's Level 4 ADS was engaged in autonomous mode. The passenger seated in the Waymo AV was not belted at the time of the collision, having not put the seatbelt on at the start of the trip. Both vehicles sustained damage.
Waymo is reporting this crash under Request No. 2 of Standing General Order 2021-01. Waymo may supplement or correct its reporting with additional information as it may become available.",Property Damage. No Injured Reported,"No Subject Vehicle, No Crash Partner","No Subject Vehicle, No Crash Partner",Subject Vehicle - Not Belted - see Narrative,Phoenix,AZ,JUN-2025,16:56,Street,Y, , , , , ,"After June 16, 2025 (Amendment 3)",False,Stationary,Unclear,Other party,JUN-2025_16:56_Phoenix_Passenger Car
30270-11214,1,Waymo LLC,Passenger Car,Proceeding Straight,Proceeding Straight,15.0,"On June [XXX], 2025 at 6:01 PM MT a Waymo Autonomous Vehicle (""Waymo AV"") operating in Guadalupe, Arizona was in a collision involving a passenger car on [XXX] near [XXX]. 
The Waymo AV was traveling southbound on [XXX] and began to slow for a queue of traffic at the intersection at [XXX]. A passenger car traveling southbound on [XXX] approached the Waymo AV from behind and the front of the passenger car made contact with the rear of the Waymo AV. At the time of the impact, the Waymo AV's Level 4 ADS was engaged in autonomous mode. Both vehicles sustained damage.
Waymo is reporting this crash under Request No. 2 of Standing General Order 2021-01. Waymo may supplement or correct its reporting with additional information as it may become available.",Property Damage. No Injured Reported,"No Subject Vehicle, No Crash Partner","No Subject Vehicle, No Crash Partner",Subject Vehicle - All Belted,Guadalupe,AZ,JUN-2025,18:01,Street,Y, , , , , ,"After June 16, 2025 (Amendment 3)",False,Moving,Other party,Other party,JUN-2025_18:01_Guadalupe_Passenger Car
30270-11212,1,Waymo LLC,SUV,Stopped,Proceeding Straight,0.0,"On June [XXX], 2025 at 10:26 PM CT a Waymo Autonomous Vehicle (""Waymo AV"") operating in Austin, Texas was in a collision involving an SUV on [XXX] near [XXX]. 
The Waymo AV was traveling southbound on [XXX] in the second lane from the right and came to a stop in a queue of traffic for a red light at the intersection at [XXX]. An SUV approached the Waymo AV from behind, and the front of the SUV made contact with the rear of the stationary Waymo AV. At the time of the impact, the Waymo AV's Level 4 ADS was engaged in autonomous mode. The passenger in the Waymo AV alleged a minor injury.
Waymo is reporting this crash under Request No. 2 of Standing General Order 2021-01. Waymo may supplement or correct its reporting with additional information as it may become available.",Minor W/O Hospitalization,"No Subject Vehicle, No Crash Partner","No Subject Vehicle, No Crash Partner",Subject Vehicle - All Belted,Austin,TX,JUN-2025,22:26,Street,Y, , , , , ,"After June 16, 2025 (Amendment 3)",False,Stationary,Other party,Other party,JUN-2025_22:26_Austin_SUV
30270-11204,1,Waymo LLC,Van,Stopped,Lane / Road Departure,0.0,"On June [XXX], 2025 at 5:58 AM MT a Waymo Autonomous Vehicle (""Waymo AV"") operating in Phoenix, Arizona was in a collision involving a van at the entrance of a parking lot at [XXX]. 
The Waymo AV was stopped facing south at the entrance of a parking lot at [XXX] while yielding to traffic and preparing to make a left turn at the intersection at [XXX]. As the Waymo AV remained stopped, a van traveling westbound in the rightmost lane on [XXX] traveled onto the north sidewalk of [XXX]. It then entered the parking lot entrance from the sidewalk, traveling perpendicular to the standard direction of travel. The front of the van made contact with the front driver side of the Waymo AV, which was still stationary at intersection, causing the Waymo AV to spin and the front of the Waymo AV to then make contact with a sign pole. At the time of the impact, the Waymo AV's Level 4 ADS was engaged in autonomous mode. Both vehicles sustained damage.
Waymo is reporting this crash under Request No. 1 of Standing General Order 2021-01 because a vehicle involved was towed away. Waymo may supplement or correct its reporting with additional information as it may become available.",No Injured Reported,"No Subject Vehicle, No Crash Partner","Yes Subject Vehicle, No Crash Partner",Subject Vehicle - No Passenger In Vehicle,Phoenix,AZ,JUN-2025,05:58,Parking Lot,Y, , , , , ,"After June 16, 2025 (Amendment 3)",False,Stationary,Unclear,Other party,JUN-2025_05:58_Phoenix_Van
30270-11206,1,Waymo LLC,"Other, see Narrative",Proceeding Straight,"Other, see Narrative",21.0,"On June [XXX], 2025 at 11:04 PM MT a Waymo Autonomous Vehicle (""Waymo AV"") operating in Phoenix, Arizona was in a collision involving a tire on [XXX] at [XXX]. 
The Waymo AV was traveling westbound on [XXX] in the second from the right lane when several tires fell from a trailer pulled by a recreation vehicle traveling westbound on [XXX] in front of the Waymo AV. The tires rolled into the roadway and the front of the Waymo AV made contact with one of the tires, which then went under the Waymo AV. At the time of the impact, the Waymo AV's Level 4 ADS was engaged in autonomous mode. The Waymo AV sustained damage. The passenger in the Waymo AV was not belted at the time of the collision.
Waymo is reporting this crash under Request No. 2 of Standing General Order 2021-01. Waymo may supplement or correct its reporting with additional information as it may become available.",Property Damage. No Injured Reported,"No Subject Vehicle, No Crash Partner","No Subject Vehicle, No Crash Partner",Subject Vehicle - Not Belted - see Narrative,Phoenix,AZ,JUN-2025,23:04,Intersection,Y, , , , , ,"After June 16, 2025 (Amendment 3)",False,Moving,Waymo,Waymo,"JUN-2025_23:04_Phoenix_Other, see Narrative"
30270-11238,1,Waymo LLC,Passenger Car,Stopped,Changing Lanes,0.0,"On June [XXX], 2025 at 10:56 PM CT a Waymo Autonomous Vehicle (""Waymo AV"") operating in Austin, Texas was in a collision involving a passenger car on [XXX] at [XXX]. 
The Waymo AV was stopped facing northbound on [XXX] in the left lane at a red light at the intersection with [XXX]. A passenger car approached the Waymo AV from behind and began to change lanes to the right of the Waymo AV, and the front driver side of the passenger car made contact with the rear passenger side of the stationary Waymo AV. At the time of the impact, the Waymo AV's Level 4 ADS was engaged in autonomous mode. Both vehicles sustained damage.
Waymo is reporting this crash under Request No. 1 of Standing General Order 2021-01 because a vehicle involved was towed away. Waymo may supplement or correct its reporting with additional information as it may become available.",Property Damage. No Injured Reported,"No Subject Vehicle, No Crash Partner","Yes Subject Vehicle, No Crash Partner",Subject Vehicle - No Passenger In Vehicle,Austin,TX,JUN-2025,22:56,Intersection,Y, , , , , ,"After June 16, 2025 (Amendment 3)",False,Stationary,Unclear,Other party,JUN-2025_22:56_Austin_Passenger Car
30270-11291,1,Waymo LLC,Heavy Truck,Proceeding Straight,Making Right Turn,5.0,"On June [XXX], 2025 at 9:20 AM CT a Waymo Autonomous Vehicle (""Waymo AV"") operating in Austin, Texas was in a collision involving a heavy truck on an unnamed service road off [XXX] near the intersection with [XXX].
The Waymo AV was traveling northwestbound in the right-most turn lane on an unnamed service road off [XXX] when it slowed at the intersection at [XXXX] to yield to northbound traffic in preparation for right turn onto northbound [XXX]. While the Waymo AV was slowing, a heavy truck that was stopped facing northwest in the left-most turn lane on the unnamed service road proceeded to turn right onto northbound [XXX] and crossed into the Waymo AV's lane of travel. The passenger side of the heavy truck made contact with the driver side of the Waymo AV. At the time of the impact, the Waymo AV's Level 4 ADS was engaged in autonomous mode. Both vehicles sustained damage.
Waymo is reporting this crash under Request No. 2 of Standing General Order 2021-01. Waymo may supplement or correct its reporting with additional information as it may become available.",Property Damage. No Injured Reported,"No Subject Vehicle, No Crash Partner","No Subject Vehicle, No Crash Partner",Subject Vehicle - No Passenger In Vehicle,Austin,TX,JUN-2025,09:20,Intersection, , , , , , ,"After June 16, 2025 (Amendment 3)",False,Moving,Unclear,Other party,JUN-2025_09:20_Austin_Heavy Truck
30270-11177,1,Waymo LLC,SUV,Stopped,Proceeding Straight,0.0,"On June [XXX], 2025 at 12:45 PM MT a Waymo Autonomous Vehicle (""Waymo AV"") operating in Phoenix, Arizona was in a collision involving an SUV on [XXX] at [XXX]. 
The Waymo AV was stopped facing south in the second from the right lane on [XXX] for a red light at the intersection at [XXX]. While the Waymo AV remained stopped, an SUV that was initially stopped directly behind the Waymo AV approached the Waymo AV and the front of the SUV made contact with the rear of the stationary Waymo AV. At the time of the impact, the Waymo AV's Level 4 ADS was engaged in autonomous mode. Both vehicles sustained damage.
Waymo is reporting this crash under Request No. 2 of Standing General Order 2021-01. Waymo may supplement or correct its reporting with additional information as it may become available.",Property Damage. No Injured Reported,"No Subject Vehicle, No Crash Partner","No Subject Vehicle, No Crash Partner",Subject Vehicle - All Belted,Phoenix,AZ,JUN-2025,12:45,Intersection,Y, , , , , ,"After June 16, 2025 (Amendment 3)",False,Stationary,Other party,Other party,JUN-2025_12:45_Phoenix_SUV
30270-11190,1,Waymo LLC,Passenger Car,Stopped,Proceeding Straight,0.0,"On June [XXX], 2025 at 2:46 AM MT a Waymo Autonomous Vehicle (""Waymo AV"") operating in Phoenix, Arizona was in a collision involving a passenger car on [XXX at [XXX]. 
The Waymo AV was stopped facing south in the rightmost lane on [XXX] for a red light at the intersection at [XXX]. While the Waymo AV remained stopped, a passenger car traveling southbound in the rightmost lane on [XXX] approached the Waymo AV from behind and the front of the passenger car made contact with the rear of the Waymo AV. At the time of the impact, the Waymo AV's Level 4 ADS was engaged in autonomous mode. Both vehicles sustained damage.
Waymo is reporting this crash under Request No. 1 of Standing General Order 2021-01 because of airbag deployment and a vehicle involved was towed away. Waymo may supplement or correct its reporting with additional information as it may become available.",Property Damage. No Injured Reported,"Yes Crash Partner, No Subject Vehicle","Yes Subject Vehicle, No Crash Partner",Subject Vehicle - All Belted,Phoenix,AZ,JUN-2025,02:46,Intersection,Y, , , , , ,"After June 16, 2025 (Amendment 3)",False,Stationary,Other party,Other party,JUN-2025_02:46_Phoenix_Passenger Car
30270-11209,1,Waymo LLC,Other Fixed Object,Proceeding Straight,,10.0,"On June [XXX], 2025 at 9:05 AM MT a Waymo Autonomous Vehicle (""Waymo AV"") operating in Chandler, Arizona was in a collision involving an elevated gate track in a parking lot at [XXX]. 
The Waymo AV was traveling eastbound in a parking lot at [XXX] through a gate opening when the bottom of the Waymo AV made contact with the elevated gate track. At the time of the impact, the Waymo AV's Level 4 ADS was engaged in autonomous mode. The Waymo AV sustained damage.
Waymo is reporting this crash under Request No. 1 of Standing General Order 2021-01 because a vehicle involved was towed away. Waymo may supplement or correct its reporting with additional information as it may become available.",No Injured Reported,"No Subject Vehicle, No Crash Partner","Yes Subject Vehicle, No Crash Partner",Subject Vehicle - No Passenger In Vehicle,Chandler,AZ,JUN-2025,09:05,Parking Lot,Y, , , , , ,"After June 16, 2025 (Amendment 3)",False,Moving,Unclear,Waymo,JUN-2025_09:05_Chandler_Other Fixed Object
30270-11276,1,Waymo LLC,SUV,Parked,Backing,0.0,"On June [XXX], 2025 at 11:03 PM ET a Waymo Autonomous Vehicle (""Waymo AV"") operating in Atlanta, Georgia was in a collision involving an SUV on [XXX] near [XXX].
The Waymo AV was parked at the curb facing north on [XXX] when an SUV reversed out of a driveway on the west side of [XXX], and the rear of the SUV made contact with the rear driver side of the stationary Waymo AV. At the time of the impact, the Waymo AV's Level 4 ADS was engaged in autonomous mode. The Waymo AV sustained damage.
Waymo is reporting this crash under Request No. 2 of Standing General Order 2021-01. Waymo may supplement or correct its reporting with additional information as it may become available.",Property Damage. No Injured Reported,"No Subject Vehicle, No Crash Partner","No Subject Vehicle, No Crash Partner",Subject Vehicle - No Passenger In Vehicle,Atlanta,GA,JUN-2025,23:03,Street,Y, , , , , ,"After June 16, 2025 (Amendment 3)",False,Stationary,Unclear,Other party,JUN-2025_23:03_Atlanta_SUV
30270-11275,1,Waymo LLC,"Other, see Narrative",Proceeding Straight,"Other, see Narrative",39.0,"On June [XXX], 2025 at 11:29 PM MT a Waymo Autonomous Vehicle (""Waymo AV"") operating in Scottsdale, Arizona was in a collision involving an unattended bicycle in the roadway on [XXX] near [XXX]. 
The Waymo AV was traveling eastbound in the rightmost lane of [XXX] when the Waymo AV's front passenger side and undercarriage made contact with an unattended bicycle that was laying in the roadway. At the time of the impact, the Waymo AV's Level 4 ADS was engaged in autonomous mode. The Waymo AV sustained damage. 
Waymo is reporting this crash under Request No. 2 of Standing General Order 2021-01. Waymo may supplement or correct its reporting with additional information as it may become available.",Property Damage. No Injured Reported,"No Subject Vehicle, No Crash Partner","No Subject Vehicle, No Crash Partner",Subject Vehicle - All Belted,Scottsdale,AZ,JUN-2025,23:29,Street,Y, , , , , ,"After June 16, 2025 (Amendment 3)",False,Moving,Unclear,Waymo,"JUN-2025_23:29_Scottsdale_Other, see Narrative"