Report ID,Report Version,Reporting Entity,Crash With,SV Pre-Crash Movement,CP Pre-Crash Movement,SV Precrash Speed (MPH),Narrative,Highest Injury Severity Alleged,Any Air Bags Deployed?,Was Any Vehicle Towed?,Were All Passengers Belted?,City,State,Incident Date,Incident Time (24:00),Roadway Type,Weather - Clear,Weather - Cloudy,Weather - Rain,Weather - Snow,Weather - Severe Wind,Weather - Fog/Smoke/Haze,Data Period,Manual Mode at Impact,Waymo Status,Likely Fault,Contact Initiator,Incident_Key
30270-11247,1,Waymo LLC,Heavy Truck,Stopped,Proceeding Straight,0.0,"On June [XXX], 2025 at 6:11 PM CT a Waymo Autonomous Vehicle (""Waymo AV"") operating in Austin, Texas was in a collision involving a box truck on [XXX] near [XXX]. 
The Waymo AV was traveling northwestbound on a narrow portion of [XXX] when it came to a stop to yield to an approaching box truck traveling southeastbound on [XXX]. While the Waymo AV remained stopped, the box truck proceeded forward to pass the Waymo AV and the driver side of the box truck made contact with the rear driver side of the stationary Waymo AV. At the time of the impact, the Waymo AV's Level 4 ADS was engaged in autonomous mode. The Waymo AV sustained damage.
Waymo is reporting this crash under Request No. 1 of Standing General Order 2021-01 because a vehicle involved was towed away. Waymo may supplement or correct its reporting with additional information as it may become available.",Property Damage. No Injured Reported,"No Subject Vehicle, No Crash Partner","Yes Subject Vehicle, No Crash Partner",Subject Vehicle - No Passenger In Vehicle,Austin,TX,JUN-2025,18:11,Street, ,Y, , , , ,"After June 16, 2025 (Amendment 3)",False,Stationary,Unclear,Other party,JUN-2025_18:11_Austin_Heavy Truck
30270-11246,1,Waymo LLC,Pickup Truck,Making Left Turn,Making Left Turn,10.0,"On June [XXX], 2025 at 6:59 PM CT a Waymo Autonomous Vehicle (""Waymo AV"") operating in Austin, Texas was in a collision involving a pickup truck on [XXX] at [XXX]. 
The Waymo AV was stopped facing east in the outer dedicated left turn lane on [XXX] for a red light at the intersection at [XXX]. When the light turned green, the Waymo AV initiated a left turn from the outer left turn lane into the center lane of northbound [XXX]. While the Waymo AV was completing its left turn, a pickup truck turning left from the inner dedicated left turn lane entered the center lane of northbound [XXX], crossing the dotted white lane line. The front passenger side of the pickup truck made contact with the driver side of the Waymo AV. At the time of the impact, the Waymo AV's Level 4 ADS was engaged in autonomous mode. Both vehicles sustained damage.
Waymo is reporting this crash under Request No. 1 of Standing General Order 2021-01 because a vehicle involved was towed away. Waymo may supplement or correct its reporting with additional information as it may become available.",Property Damage. No Injured Reported,"No Subject Vehicle, No Crash Partner","Yes Subject Vehicle, No Crash Partner",Subject Vehicle - All Belted,Austin,TX,JUN-2025,18:59,Intersection, ,Y, , , , ,"After June 16, 2025 (Amendment 3)",False,Moving,Unclear,Other party,JUN-2025_18:59_Austin_Pickup Truck
30270-2465,2,Waymo LLC,Van,Stopped,Proceeding Straight,0.0,"The content of this report is unchanged from the initial report submitted on March [XXX], 2022 [Report ID # 30270-2465-1]. 
On March [XXX], 2022 at 9:39 PM PST a Waymo Autonomous Vehicle ('Waymo AV') operating in Phoenix, AZ was in a collision involving a van on N. [XXX] at [XXX]. 
The Waymo AV was stopped at a red light on southbound N. [XXX] when a van behind the Waymo AV failed to stop and made contact with the rear bumper of the Waymo AV. At the time of the impact, the Waymo AV's Level 4 ADS was engaged in autonomous mode, and a test driver was present (in the driver's seating position). The van and Waymo AV sustained moderate damage.
Waymo is reporting this crash under Request No. 1 of Standing General Order 2021-01 because a vehicle involved was towed away. Waymo may supplement or correct its reporting with additional information as it may become available. This report was submitted from the Pacific time zone on the required date.",No Injuries Reported,No,Yes,Yes,Phoenix,AZ ,MAR-2022,21:39,Intersection,Y, , , , , ,"Prior to June 16, 2025 (Amendment 2)",False,Stationary,Unclear,Other party,MAR-2022_21:39_Phoenix_Van
30270-5319,1,Waymo LLC,Heavy Truck,Stopped,Backing,0.0,"On March [XXX], 2023 at 12:03 PM PST a Waymo Autonomous Vehicle (Waymo AV) operating in Phoenix, Arizona was in a collision involving a heavy truck on [XXX] between [XXX] and [XXX].
The Waymo AV was traveling southbound on [XXX] when it approached a heavy truck and trailer that was positioning to reverse perpendicularly across [XXX] to back into an adjacent driveway. The Waymo AV stopped and the truck and trailer began reversing across [XXX]. The rear passengers side corner of the truck then made contact with the front drivers side corner of the stationary Waymo AV. At the time of the impact, the Waymo AVs Level 4 ADS was engaged in autonomous mode. The Waymo AV sustained damage.
Waymo is reporting this crash under Request No. 2 of Standing General Order 2021-01. Waymo may supplement or correct its reporting with additional information as it may become available.",No Injuries Reported,No,No,No Passengers in Vehicle,Phoenix,AZ ,MAR-2023,12:03,Street,Y, , , , , ,"Prior to June 16, 2025 (Amendment 2)",False,Stationary,Unclear,Other party,MAR-2023_12:03_Phoenix_Heavy Truck
30270-5324,1,Waymo LLC,Passenger Car,Proceeding Straight,Proceeding Straight,1.0,"On March [XXX], 2023 at 7:00 PM PST a Waymo Autonomous Vehicle (Waymo AV) operating in Tempe, Arizona was in a collision involving a passenger vehicle on [XXX] near [XXX].
The Waymo AV was traveling southbound on [XXX] behind traffic that was backed up from the intersection with [XXX]. As the Waymo AV was accelerating from a stop, a passenger vehicle approached the Waymo AV from behind and made contact with the rear of the Waymo AV. At the time of the impact, the Waymo AVs Level 4 ADS was engaged in autonomous mode, and a test driver was present (in the drivers seating position). The Waymo AV test driver reported having a minor injury and the passenger vehicle left the scene.
Waymo is reporting this crash under Request No. 2 of Standing General Order 2021-01. Waymo may supplement or correct its reporting with additional information as it may become available.",Minor,No,No,Yes,Tempe,AZ ,MAR-2023,19:00,Street,Y, , , , , ,"Prior to June 16, 2025 (Amendment 2)",False,Moving,Other party,Other party,MAR-2023_19:00_Tempe_Passenger Car
30270-7515,1,Waymo LLC,"Other, see Narrative",Lane / Road Departure,"Other, see Narrative",19.0,"On March [XXX], 2024 at 8:58 PM MST a Waymo Autonomous Vehicle (Waymo AV) operating in Mesa, Arizona was in a collision involving a curb on [XXX] at [XXX]. 
The Waymo AV was traveling eastbound in the rightmost lane of [XXX]. As it was crossing the intersection with [XXX], a bus traveling alongside the Waymo AV in the left adjacent lane to the Waymo AV began to move into the rightmost lane. As the Waymo AV moved closer to the right side of its lane to increase lateral distance from the bus, the passenger side tires made contact with the curb.  At the time of the impact, the Waymo AVs Level 4 ADS was engaged in autonomous mode, and one of the four passengers was wearing a seatbelt. The Waymo AV sustained damage.
Waymo is reporting this crash under Request No. 2 of Standing General Order 2021-01. Waymo may supplement or correct its reporting with additional information as it may become available.",No Injuries Reported,No,No,"No, see Narrative",Mesa,AZ ,MAR-2024,20:58,Intersection,Y, , , , , ,"Prior to June 16, 2025 (Amendment 2)",False,Moving,Unclear,Unclear,"MAR-2024_20:58_Mesa_Other, see Narrative"
30270-7533,1,Waymo LLC,Other Fixed Object,Lane / Road Departure,,19.0,"On March [XXX], 2024 at 9:49 PM MST a Waymo Autonomous Vehicle (Waymo AV) operating in Tempe, Arizona made contact with a median curb, while avoiding a collision with a SUV near [XXX]. 
The Waymo AV was traveling northbound in the left lane of [XXX] near the intersection with [XXX] when it began passing an SUV traveling in the right lane.  As the Waymo AV approached the SUV, the SUV merged into the left lane in front of the Waymo AV to pass a leading passenger car in the right lane which was slowing for a right turn into a driveway.  The Waymo AV maneuvered to the left in response to the SUVs lane change and the Waymo AVs wheels made contact with the median curb.  At the time of the impact, the Waymo AVs Level 4 ADS was engaged in autonomous mode. The Waymo AV sustained damage, and the SUV left the scene.
Waymo is reporting this crash under Request No. 2 of Standing General Order 2021-01. Waymo may supplement or correct its reporting with additional information as it may become available.",No Injuries Reported,No,No,Yes,Tempe,AZ ,MAR-2024,21:49,Street,Y, , , , , ,"Prior to June 16, 2025 (Amendment 2)",False,Moving,Unclear,Unclear,MAR-2024_21:49_Tempe_Other Fixed Object
30270-7532,1,Waymo LLC,"Other, see Narrative",Proceeding Straight,"Other, see Narrative",12.0,"On March [XXX], 2024 at 9:42 PM MST a Waymo Autonomous Vehicle (Waymo AV) operating in Chandler, Arizona was in a collision involving an object on [XXX] near [XXX].                                                                                                                                                                                                                                                                                                    
The Waymo AV was traveling eastbound in the rightmost lane of [XXX] when the driver side of the Waymo AV made contact with an object used for construction (possibly a vacuum) that was rolling into the Waymo AVs lane from the construction zone on the left side of the road. The Waymo AV moved to the right but was not able to avoid contact. At the time of the impact, the Waymo AVs Level 4 ADS was engaged in autonomous mode. The Waymo AV sustained damage.
Waymo is reporting this crash under Request No. 2 of Standing General Order 2021-01. Waymo may supplement or correct its reporting with additional information as it may become available.",No Injuries Reported,No,No,No Passengers in Vehicle,Chandler,AZ ,MAR-2024,21:42,Street,Y, , , , , ,"Prior to June 16, 2025 (Amendment 2)",False,Moving,Unclear,Waymo,"MAR-2024_21:42_Chandler_Other, see Narrative"
30270-7531,1,Waymo LLC,Pickup Truck,Proceeding Straight,Proceeding Straight,8.0,"On March [XXX], 2024 at 3:32 PM MST a Waymo Autonomous Vehicle (Waymo AV) operating in Phoenix, Arizona was in a collision involving a pickup truck on [XXX] at [XXX]. 
The Waymo AV was traveling westbound on [XXX] signaling to turn left when it began to brake as the vehicle in front of the AV slowed in preparation for a left turn. A pickup truck traveling behind the Waymo AV then made contact with the rear of the Waymo AV. At the time of the impact, the Waymo AVs Level 4 ADS was engaged in autonomous mode. Both vehicles sustained damage, and the passenger in the Waymo AV reported a minor injury.
Waymo is reporting this crash under Request No. 2 of Standing General Order 2021-01. Waymo may supplement or correct its reporting with additional information as it may become available.",Minor,No,No,Yes,Phoenix,AZ ,MAR-2024,15:32,Intersection, ,Y, , , , ,"Prior to June 16, 2025 (Amendment 2)",False,Moving,Other party,Other party,MAR-2024_15:32_Phoenix_Pickup Truck
30270-7530,1,Waymo LLC,SUV,Stopped,Changing Lanes,0.0,"On March [XXX], 2024 at 2:08 AM MST a Waymo Autonomous Vehicle (Waymo AV) operating in Tempe, Arizona was in a collision involving an SUV on [XXX] near [XXX].
The Waymo AV was stopped on westbound [XXX] before it reached the stop line for the railroad crossing. The warning lights at the railroad crossing were flashing red and a police vehicle was stopped in the crossing with its emergency lights activated. The Waymo AV remained stopped as traffic traveling westbound on [XXX] proceeded through the railroad crossing. An SUV behind the Waymo AV attempted to change lanes into the left adjacent lane and made contact with the rear driver side corner of the Waymo AV. At the time of the impact, the Waymo AVs Level 4 ADS was engaged in autonomous mode. Both vehicles sustained damage and the SUV left the scene.   
Waymo is reporting this crash under Request No. 2 of Standing General Order 2021-01. Waymo may supplement or correct its reporting with additional information as it may become available.",No Injuries Reported,No,No,No Passengers in Vehicle,Tempe,AZ ,MAR-2024,02:08,Street, , ,Y, , , ,"Prior to June 16, 2025 (Amendment 2)",False,Stationary,Unclear,Other party,MAR-2024_02:08_Tempe_SUV
30270-7528,1,Waymo LLC,Passenger Car,Proceeding Straight,Proceeding Straight,2.0,"On March [XXX], 2024 at 1:13 PM MT Waymo Autonomous Vehicle (Waymo AV) operating in Tempe, Arizona was in a collision involving a passenger car on [XXX] at [XXX].  
The Waymo AV was traveling southbound on [XXX] and stopped at a stop sign at [XXX] when a passenger car approached from behind and the front of the passenger car made contact with the rear of the Waymo AV. At the time of the impact, the Waymo AVs Level 4 ADS was engaged in autonomous mode. The Waymo AV sustained damage.
Waymo is reporting this crash under Request No. 2 of Standing General Order 2021-01. Waymo may supplement or correct its reporting with additional information as it may become available.",No Injuries Reported,No,No,Yes,Tempe,AZ ,MAR-2024,13:13,Intersection,Y, , , , , ,"Prior to June 16, 2025 (Amendment 2)",False,Moving,Other party,Other party,MAR-2024_13:13_Tempe_Passenger Car
30270-7527,1,Waymo LLC,Passenger Car,Stopped,Proceeding Straight,0.0,"On March [XXX], 2024 at 11:15 PM MT a Waymo Autonomous Vehicle (Waymo AV) operating in Chandler, Arizona was in a collision involving a passenger car on [XXX] at [XXX]. 
The Waymo AV was stopped for a red light on westbound [XXX] when a passenger car approached from behind and made contact with the rear of the Waymo AV.  At the time of the impact, the Waymo AVs Level 4 ADS was engaged in autonomous mode.  The Waymo AV sustained damage.
Waymo is reporting this crash under Request No. 2 of Standing General Order 2021-01. Waymo may supplement or correct its reporting with additional information as it may become available.",No Injuries Reported,No,No,No Passengers in Vehicle,Chandler,AZ ,MAR-2024,23:15,Intersection,Y, , , , , ,"Prior to June 16, 2025 (Amendment 2)",False,Stationary,Other party,Other party,MAR-2024_23:15_Chandler_Passenger Car
30270-7421,1,Waymo LLC,Passenger Car,Proceeding Straight,Making Left Turn,25.0,"On March [XXX], 2024 at 4:25 PM MST a Waymo Autonomous Vehicle (Waymo AV) operating in Phoenix, Arizona was in a collision involving a passenger car at the intersection of [XXX] and [XXX]. 
The Waymo AV was traveling southbound in the rightmost lane of a two-lane section of [XXX] approaching where [XXX] intersects from the right. An SUV in the left adjacent lane to the Waymo AV was stopped before the intersection behind backed up traffic. As the Waymo AV approached the intersection, a passenger car that had been traveling northbound on [XXX] and had been occluded by the SUV made a left turn and cut between the SUV and the car in front of it and across the path of the Waymo towards westbound [XXX] Avenue. The front of the Waymo AV then made contact with the passenger side of the passenger car.  At the time of the impact, the Waymo AVs Level 4 ADS was engaged in autonomous mode. Both vehicles sustained damage, and the passenger in the passenger car reported a minor injury. 
Waymo is reporting this crash under Request No. 1 of Standing General Order 2021-01 because both vehicles involved were towed away and because of airbag deployment. Waymo may supplement or correct its reporting with additional information as it may become available.",Minor,No,Yes,Yes,Phoenix,AZ ,MAR-2024,16:25,Intersection,Y, , , , , ,"Prior to June 16, 2025 (Amendment 2)",False,Moving,Unclear,Unclear,MAR-2024_16:25_Phoenix_Passenger Car
30270-7424,1,Waymo LLC,Passenger Car,Proceeding Straight,Making Left Turn,11.0,"On March [XXX], 2024 at 3:07 PM PDT/MST a Waymo Autonomous Vehicle (""Waymo AV"") operating in Scottsdale, Arizona was in a collision involving a passenger car on [XXX] at [XXX]. 
The Waymo AV was traveling north on [XXX] between [XXX] and [XXX] in the leftmost lane when a passenger car traveling south on [XXX] and approaching the Waymo AV entered a dedicated left turn lane. The Waymo AV slowed down as the passenger car approached and then began accelerating again after the passenger car had slowed and appeared to be properly yielding. The passenger car then initiated a left turn across the path of the Waymo AV and the front of the passenger car made contact with the front left corner of the Waymo AV. At the time of the impact, the Waymo AV's Level 4 ADS was engaged in autonomous mode. Both vehicles sustained damage.
Waymo is reporting this crash under Request No. 1 of Standing General Order 2021-01 because a vehicle involved was towed away. Waymo may supplement or correct its reporting with additional information as it may become available.",No Injuries Reported,No,Yes,No Passengers in Vehicle,Scottsdale,AZ ,MAR-2024,15:07,Street,Y, , , , , ,"Prior to June 16, 2025 (Amendment 2)",False,Moving,Unclear,Unclear,MAR-2024_15:07_Scottsdale_Passenger Car
30270-7522,1,Waymo LLC,Passenger Car,Stopped,Backing,0.0,"On March [XXX], 2024 at 7:45 PM MST a Waymo Autonomous Vehicle (Waymo AV) operating in Phoenix, Arizona was in a collision involving a passenger car on [XXX] at [XXX]. 
While the Waymo AV was traveling westbound on [XXX], a passenger car on the oncoming side of [XXX] attempted to complete a multi-point turn at the intersection with [XXX]. As the Waymo AV approached the intersection with [XXX], it began to make a right turn, but slowed to a stop as the passenger car began reversing again. While the Waymo AV remained stopped, the passenger car continued reversing and made contact with the front of the Waymo AV. At the time of the impact, the Waymo AVs Level 4 ADS was engaged in autonomous mode. The Waymo AV sustained damage and the passenger car left the scene.
Waymo is reporting this crash under Request No. 2 of Standing General Order 2021-01. Waymo may supplement or correct its reporting with additional information as it may become available.",No Injuries Reported,No,No,No Passengers in Vehicle,Phoenix,AZ ,MAR-2024,19:45,Intersection,Y, , , , , ,"Prior to June 16, 2025 (Amendment 2)",False,Stationary,Other party,Other party,MAR-2024_19:45_Phoenix_Passenger Car
30270-10174,2,Waymo LLC,SUV,Stopped,"Other, see Narrative",0.0,"On March [XXX], 2025 at 11:24 AM MT a Waymo Autonomous Vehicle (""Waymo AV"") operating in Phoenix, Arizona was in a collision involving a SUV on[XXX].
The Waymo AV was traveling westbound in the left lane on [XXX]and came to a stop in a queue of traffic for a red light at the intersection at [XXX]. The SUV directly behind the Waymo AV slowed and came to a stop. While the Waymo AV and the SUV were stopped, a passenger car traveling westbound from behind the SUV made contact with the rear of the SUV, causing the SUV to make contact with the rear of the stationary Waymo AV. At the time of the impact, the Waymo AV's Level 4 ADS was engaged in autonomous mode. Both vehicles sustained damage.The passenger in the Waymo AV reported a minor injury. 
Waymo is reporting this crash under Request No. 1 of Standing General Order 2021-01 because a vehicle involved was towed away and because of airbag deployment. Waymo may supplement or correct its reporting with additional information as it may become available.",Minor,No,Yes,Yes,Phoenix,AZ ,MAR-2025,11:24,Street,Y, , , , , ,"Prior to June 16, 2025 (Amendment 2)",False,Stationary,Unclear,Unclear,MAR-2025_11:24_Phoenix_SUV
30270-10175,1,Waymo LLC,SUV,Stopped,Making Left Turn,0.0,"On March [XXX], 2025 at 5:43 PM MT a Waymo Autonomous Vehicle (""Waymo AV"") operating in Phoenix, Arizona was in a collision involving an SUV on [XXX]. 
The Waymo AV was stopped in a queue of westbound traffic for a red traffic light on [XXX]. An SUV traveling eastbound on W Monroe Street attempted to make a left turn across the stationary Waymo AV's lane of travel to the entrance of a parking lot on the right of the Waymo AV. As the SUV attempted the left turn the front passenger side of the SUV made contact with the front of the stationary Waymo AV. At the time of the impact, the Waymo AV's Level 4 ADS was engaged in autonomous mode. The Waymo AV sustained damage.
Waymo is reporting this crash under Request No. 1 of Standing General Order 2021-01 because a vehicle involved was towed away. Waymo may supplement or correct its reporting with additional information as it may become available.",No Injuries Reported,No,Yes,No Passengers in Vehicle,Phoenix,AZ ,MAR-2025,17:43,Street,Y, , , , , ,"Prior to June 16, 2025 (Amendment 2)",False,Stationary,Other party,Other party,MAR-2025_17:43_Phoenix_SUV
30270-10450,1,Waymo LLC,Van,Parked,Passing,0.0,"On March [XXX], 2025 at 12:51 AM CT a Waymo Autonomous Vehicle (""Waymo AV"") operating in Austin, Texas was in a collision involving a van on [XXX] near [XXX]. 
The Waymo AV was stopped facing north on [XXX] for a rider pickup when a van traveling directly behind the parked Waymo AV proceeded to pass the Waymo AV. As the van passed the parked Waymo AV, the passenger side of the van made contact with the rear driver side of the Waymo AV. At the time of the impact, the Waymo AV's Level 4 ADS was engaged in autonomous mode. The van sustained damage.
Waymo is reporting this crash under Request No. 2 of Standing General Order 2021-01. Waymo may supplement or correct its reporting with additional information as it may become available.",No Injuries Reported,No,No,No Passengers in Vehicle,Austin,TX ,MAR-2025,00:51,Street,Y, , , , , ,"Prior to June 16, 2025 (Amendment 2)",False,Stationary,Unclear,Other party,MAR-2025_00:51_Austin_Van
30270-10330,1,Waymo LLC,SUV,Stopped,Traveling Wrong Way,0.0,"On March [XXX], 2025 at 8:30 AM MT a Waymo Autonomous Vehicle (""Waymo AV"") operating in Phoenix, Arizona was in a collision involving an SUV on [XXX] near [XXX]. 
The Waymo AV was traveling eastbound on [XXX] in the left lane and came to a stop in a queue of traffic. An SUV traveling directly behind the Waymo AV attempted to maneuver around the Waymo AV, crossing the center double yellow line.  As the SUV passed the stationary Waymo AV, the passenger side of the SUV made contact with the rear driver side of the Waymo AV. At the time of the impact, the Waymo AV's Level 4 ADS was engaged in autonomous mode. Both vehicles sustained damage.
Waymo is reporting this crash under Request No. 2 of Standing General Order 2021-01. Waymo may supplement or correct its reporting with additional information as it may become available.",No Injuries Reported,No,No,Yes,Phoenix,AZ ,MAR-2025,08:30,Street,Y, , , , , ,"Prior to June 16, 2025 (Amendment 2)",False,Stationary,Unclear,Other party,MAR-2025_08:30_Phoenix_SUV
30270-10329,1,Waymo LLC,SUV,Stopped,Traveling Wrong Way,0.0,"On March [XXX], 2025 at 6:11 PM CDT a Waymo Autonomous Vehicle (""Waymo AV"") operating in Austin, Texas was in a collision involving an SUV on [XXX] near [XXX]. 
The Waymo AV was traveling eastbound on a narrow portion of [XXX] with vehicles parked at the curb in both directions, and came to a stop to yield to a passenger car traveling westbound on [XXX]. The passenger car then reversed, and an SUV traveling directly behind the Waymo AV entered the opposing lane and began to pass the stationary Waymo AV, and the passenger side of the SUV made contact with the rear driver side of the Waymo AV. At the time of the impact, the Waymo AV's Level 4 ADS was engaged in autonomous mode. The SUV sustained damage.
Waymo is reporting this crash under Request No. 2 of Standing General Order 2021-01. Waymo may supplement or correct its reporting with additional information as it may become available.",No Injuries Reported,No,No,No Passengers in Vehicle,Austin,TX ,MAR-2025,18:11,Street, ,Y, , , , ,"Prior to June 16, 2025 (Amendment 2)",False,Stationary,Unclear,Other party,MAR-2025_18:11_Austin_SUV
30270-10328,1,Waymo LLC,Passenger Car,Parked,Backing,0.0,"On March [XXX], 2025 at 5:06 PM CT a Waymo Autonomous Vehicle (""Waymo AV"") operating in Austin, Texas was in a collision involving a passenger car in a parking lot off of [XXX] near [XXX].
The Waymo AV was parked in a parking lot driveway facing northwest for a passenger drop-off. A passenger car parked in a parking stall to the right of the Waymo AV reversed out of the parking stall, and the driver side of the passenger car made contact with the rear passenger side of the Waymo AV. The passenger, who was seated in the rear of the Waymo AV, was not belted at the time of the collision as they were preparing to exit the Waymo AV. At the time of the impact, the Waymo AV's Level 4 ADS was engaged in autonomous mode. Both vehicles sustained damage.
Waymo is reporting this crash under Request No. 2 of Standing General Order 2021-01. Waymo may supplement or correct its reporting with additional information as it may become available.",No Injuries Reported,No,No,"No, see Narrative",Austin,TX ,MAR-2025,17:06,Parking Lot,Y, , , , , ,"Prior to June 16, 2025 (Amendment 2)",False,Stationary,Unclear,Other party,MAR-2025_17:06_Austin_Passenger Car
30270-10184,2,Waymo LLC,Passenger Car,Stopped,Proceeding Straight,0.0,"The content of this report is unchanged from the initial report submitted on March [XXX], 2025 [REDACTED, MAY CONTAIN CONFIDENTIAL BUSINESS INFORMATION]. 
On March [XXX], 2025 at 11:52 PM MT a Waymo Autonomous Vehicle (""Waymo AV"") operating in Tempe, Arizona was in a collision involving a passenger car in a parking lot at [XXX].
The Waymo AV was exiting a parking lot at [XXX] when it slowed to a stop to yield for pedestrians entering the crosswalk ahead. As the Waymo AV remained stopped, a passenger car directly behind the Waymo AV approached the Waymo AV from behind, and the front of the passenger car made contact with the rear of the Waymo AV. The passenger car continued to proceed straight, nudging the Waymo AV forward as the front of the passenger car continued to make contact with the rear of the Waymo AV. The passenger car then passed the Waymo AV on the left and proceeded to exit the parking lot just after the pedestrians had finished crossing. At the time of the impact, the Waymo AV's Level 4 ADS was engaged in autonomous mode. Both vehicles sustained damage. 
Waymo is reporting this crash under Request No. 1 of Standing General Order 2021-01 because a vulnerable road user influenced the driving task of a vehicle involved. Waymo may supplement or correct its reporting with additional information as it may become available.",No Injuries Reported,No,No,No Passengers in Vehicle,Tempe,AZ ,MAR-2025,23:52,Parking Lot,Y, , , , , ,"Prior to June 16, 2025 (Amendment 2)",False,Stationary,Other party,Other party,MAR-2025_23:52_Tempe_Passenger Car
30270-10196,1,Waymo LLC,Passenger Car,Stopped,Proceeding Straight,0.0,"On March [XXX], 2025 at 11:48 AM MST a Waymo Autonomous Vehicle (""Waymo AV"") operating in Scottsdale, Arizona was in a collision involving a passenger car on [XXX]. 
The Waymo AV was traveling east on [XXX] when it slowed to a stop at a red light in the dedicated right turn lane at the intersection with [XXX]. When the traffic light turned green, the Waymo AV proceeded forward to initiate its right turn, but slowed to a stop before the crosswalk due to the uncertainty about the state of a traffic signal at the crosswalk. While the Waymo AV remained stopped, a passenger car approached the Waymo AV from behind and the front of the passenger car made contact with the rear of the stationary Waymo AV. At the time of the impact, the Waymo AV's Level 4 ADS was engaged in autonomous mode. Both vehicles sustained damage. 
Waymo is reporting this crash under Request No. 1 of Standing General Order 2021-01 because a vehicle involved was towed away. Waymo may supplement or correct its reporting with additional information as it may become available.",No Injuries Reported,No,Yes,No Passengers in Vehicle,Scottsdale,AZ ,MAR-2025,11:48,Street,Y, , , , , ,"Prior to June 16, 2025 (Amendment 2)",False,Stationary,Other party,Other party,MAR-2025_11:48_Scottsdale_Passenger Car
30270-10318,1,Waymo LLC,SUV,Proceeding Straight,Making Right Turn,20.0,"On March [XXX], 2025 at 7:42 AM MST a Waymo Autonomous Vehicle (""Waymo AV"") operating in Phoenix, Arizona was in a collision involving an SUV on [XXX] near [XXX]. 
The Waymo AV was traveling westbound on [XXX] in the rightmost lane when an SUV, also traveling westbound but in the leftmost lane, began to maneuver across the three travel lanes to turn right into a driveway on the north side of [XXX]. As the SUV was changing lanes and beginning the right turn, it entered the Waymo AV's lane of travel, and the rear passenger side of the SUV made contact with the front driver side of the Waymo AV. At the time of the impact, the Waymo AV's Level 4 ADS was engaged in autonomous mode. The Waymo AV sustained damage.
Waymo is reporting this crash under Request No. 2 of Standing General Order 2021-01. Waymo may supplement or correct its reporting with additional information as it may become available.",No Injuries Reported,No,No,Yes,Phoenix,AZ ,MAR-2025,07:42,Street,Y, , , , , ,"Prior to June 16, 2025 (Amendment 2)",False,Moving,Unclear,Other party,MAR-2025_07:42_Phoenix_SUV
30270-10147,1,Waymo LLC,Pickup Truck,Parked,Proceeding Straight,0.0,"On March [XXX], 2025 at 9:48 PM CT a Waymo Autonomous Vehicle (Waymo AV) operating in Austin, Texas was in a collision involving a pick-up truck on[XXX]. 
The Waymo AV was stopped for a passenger pick-up facing westbound on [XXX] when the Waymo AV passenger opened the driver side rear door as a pick-up truck traveling westbound on [XXX] approached the stationary Waymo AV. As the pick-up truck passed by the Waymo AV, the front passenger side of the pick-up truck made contact with the open driver side rear door of the Waymo AV.  At the time of the impact, the Waymo AVs Level 4 ADS was engaged in autonomous mode.  The passengers, who were seated in the rear of the Waymo AV, were not belted at the time of the collision, having just entered the vehicle.The Waymo AV sustained damage.
Waymo is reporting this crash under Request No. 1 of Standing General Order 2021-01 because a vehicle involved was towed away. Waymo may supplement or correct its reporting with additional information as it may become available.",No Injuries Reported,No,Yes,"No, see Narrative",Austin,TX ,MAR-2025,21:47,Street,Y, , , , , ,"Prior to June 16, 2025 (Amendment 2)",False,Stationary,Unclear,Waymo,MAR-2025_21:47_Austin_Pickup Truck
30270-10145,1,Waymo LLC,Passenger Car,Proceeding Straight,Proceeding Straight,2.0,"On March [XXX] 2025 at 11:03 AM MT a Waymo Autonomous Vehicle (""Waymo AV"") operating in Phoenix, Arizona was in a collision involving a passenger car at 3400 Sky Harbor Boulevard, Terminal 4 at the Phoenix Sky Harbor International Airport. 
The Waymo AV was traveling westbound in the center lane of 3400 Sky Harbor Boulevard, Terminal 4 and came to a stop in a queue of traffic. A passenger car approached the Waymo AV from behind, and the front of the passenger car made contact with the rear of the stationary Waymo AV. At the time of the impact, the Waymo AV's Level 4 ADS was engaged in autonomous mode. Both vehicles sustained damage.
Waymo is reporting this crash under Request No. 1 of Standing General Order 2021-01 because a vehicle involved was towed away. Waymo may supplement or correct its reporting with additional information as it may become available.",No Injuries Reported,No,Yes,Yes,Phoenix,AZ ,MAR-2025,11:03,Street,Y, , , , , ,"Prior to June 16, 2025 (Amendment 2)",False,Moving,Other party,Other party,MAR-2025_11:03_Phoenix_Passenger Car
30270-10346,2,Waymo LLC,Pickup Truck,Stopped,Passing,0.0,"This is an update to report 30270-10346-1, originally submitted on March 28, 2025. The previous report indicated that the highest injury severity was ""Unknown"". Waymo has since received notice of an alleged injury to the pedestrian involved in contact with the Waymo AV.
On March [XXX], 2025 at 9:52 PM CDT a Waymo Autonomous Vehicle (""Waymo AV"") operating in Austin, Texas was in a collision involving a pickup truck on [XXX] near [XXX]. 
The Waymo AV was traveling east on [XXX] and preparing for a right turn into a parking lot on the south side of [XXX] for a pick up. Two pedestrians approached the Waymo AV at the entrance to the parking lot, resulting in the Waymo AV remaining stationary in the rightmost lane of [XXX]with its hazard lights activated. After stopping, the ADV reversed briefly in an attempt to make progress toward the pick up location. As the two pedestrians attempted to enter the Waymo AV, the pedestrians remained in close proximity to the vehicle, which inhibited the Waymo AV's progress. While the Waymo AV remained stopped, a pickup truck traveling east on [XXX] in the rightmost lane approached the Waymo AV. The pickup truck began braking as it neared the Waymo AV. The front passenger side of the pickup truck then made contact with the rear driver side of the Waymo AV. The Waymo AV made contact with one of the pedestrians who was standing to the right of the Waymo AV, who fell to the ground to the right of the Waymo AV and then returned to a standing position. At the time of the impact, the Waymo AV's Level 4 ADS was engaged in autonomous mode. Both vehicles sustained damage.
Waymo is reporting this crash under Request No. 1 of Standing General Order 2021-01 because a vulnerable road user was involved, and a vehicle involved was towed away. Waymo may supplement or correct its reporting with additional information as it may become available.",Minor,No,Yes,No Passengers in Vehicle,Austin,TX ,MAR-2025,21:52,Street,Y, , , , , ,"Prior to June 16, 2025 (Amendment 2)",False,Stationary,Unclear,Other party,MAR-2025_21:52_Austin_Pickup Truck