Report ID,Report Version,Reporting Entity,Crash With,SV Pre-Crash Movement,CP Pre-Crash Movement,SV Precrash Speed (MPH),Narrative,Highest Injury Severity Alleged,Any Air Bags Deployed?,Was Any Vehicle Towed?,Were All Passengers Belted?,City,State,Incident Date,Incident Time (24:00),Roadway Type,Weather - Clear,Weather - Cloudy,Weather - Rain,Weather - Snow,Weather - Severe Wind,Weather - Fog/Smoke/Haze,Data Period,Manual Mode at Impact,Waymo Status,Likely Fault,Contact Initiator,Incident_Key
30270-10340,1,Waymo LLC,Passenger Car,Proceeding Straight,Crossing into Opposing Lane,12.0,"On March [XXX], 2025 at 3:42 PM MT a Waymo Autonomous Vehicle (""Waymo AV"") operating in Phoenix, Arizona was in a collision involving a passenger car on [XXX] near [XXX]. 
The Waymo AV was traveling northbound in the leftmost lane of three lanes on [XXX], entering the dedicated left turn lane for the intersection with [XXX]. As the Waymo AV entered the left turn lane, a passenger car leaving a parking lot on the east side of the roadway began turning through the stopped queue of traffic in the three northbound lanes to enter the southbound lanes of [XXX]. As the passenger car crossed into the left dedicated turn lane the front passenger side of the passenger car made contact with the passenger side of the Waymo AV. At the time of the impact, the Waymo AV's Level 4 ADS was engaged in autonomous mode. Both vehicles sustained damage.
Waymo is reporting this crash under Request No. 2 of Standing General Order 2021-01. Waymo may supplement or correct its reporting with additional information as it may become available.",No Injuries Reported,No,No,Yes,Phoenix,AZ ,MAR-2025,15:42,Street,Y, , , , , ,"Prior to June 16, 2025 (Amendment 2)",False,Moving,Unclear,Other party,MAR-2025_15:42_Phoenix_Passenger Car
30270-10361,1,Waymo LLC,"Other, see Narrative",Proceeding Straight,"Other, see Narrative",29.0,"On March [XXX], 2025 at 5:03 AM CT a Waymo Autonomous Vehicle (""Waymo AV"") operating in Austin, Texas was in a collision involving what appeared to be a plastic Adirondack chair on [XXX] near [XXX]. 
The Waymo AV was traveling east on [XXX] when an oncoming pickup truck made contact with what appeared to be a plastic Adirondack chair located in the middle of the pickup truck's lane. The contact with the pickup truck propelled the chair directly into the path of the Waymo AV. The chair then made contact with the front of the Waymo AV. At the time of the impact, the Waymo AV's Level 4 ADS was engaged in autonomous mode. The Waymo AV sustained damage.
Waymo is reporting this crash under Request No. 2 of Standing General Order 2021-01. Waymo may supplement or correct its reporting with additional information as it may become available.",No Injuries Reported,No,No,No Passengers in Vehicle,Austin,TX ,MAR-2025,05:03,Street,Y, , , , , ,"Prior to June 16, 2025 (Amendment 2)",False,Moving,Other party,Other party,"MAR-2025_05:03_Austin_Other, see Narrative"
30270-10381,1,Waymo LLC,SUV,Stopped,Proceeding Straight,0.0,"On March [XXX], 2025 at 5:51 AM MST a Waymo Autonomous Vehicle (""Waymo AV"") operating in Phoenix, Arizona was in a collision involving an SUV on [XXX] at [XXX]. 
The Waymo AV was traveling northbound in the rightmost lane of [XXX] and came to a stop for a red light at the intersection at [XXX]. An SUV approached the Waymo AV from behind, and the front of the SUV made contact with the rear of the stationary Waymo AV. At the time of the impact, the Waymo AV's Level 4 ADS was engaged in autonomous mode. Both vehicles sustained damage. The driver of the SUV alleged a minor injury.
Waymo is reporting this crash under Request No. 1 of Standing General Order 2021-01 because a vehicle involved was towed away. Waymo may supplement or correct its reporting with additional information as it may become available.",Minor,No,Yes,Yes,Phoenix,AZ ,MAR-2025,05:51,Intersection,Y, , , , , ,"Prior to June 16, 2025 (Amendment 2)",False,Stationary,Other party,Other party,MAR-2025_05:51_Phoenix_SUV
30270-10427,1,Waymo LLC,Passenger Car,Stopped,Proceeding Straight,0.0,"On March [XXX], 2025 at 4:10 PM MST a Waymo Autonomous Vehicle (""Waymo AV"") operating in Phoenix, Arizona was in a collision involving a passenger car on [XXX] at [XXX]. 
The Waymo AV was traveling northbound on [XXX] in the rightmost lane and came to a stop for a red light at the intersection at [XXX]. As the light remained red, a passenger car that was stopped directly behind the Waymo AV proceeded forward and the front of the passenger car made contact with the rear of the stationary Waymo AV. At the time of the impact, the Waymo AV's Level 4 ADS was engaged in autonomous mode. The Waymo AV sustained damage.
Waymo is reporting this crash under Request No. 2 of Standing General Order 2021-01. Waymo may supplement or correct its reporting with additional information as it may become available.",No Injuries Reported,No,No,Yes,Phoenix,AZ ,MAR-2025,16:10,Intersection,Y, , , , , ,"Prior to June 16, 2025 (Amendment 2)",False,Stationary,Other party,Other party,MAR-2025_16:10_Phoenix_Passenger Car
30270-10435,1,Waymo LLC,Passenger Car,Parked,Backing,0.0,"On March [XXX], 2025 at 6:49 AM MT a Waymo Autonomous Vehicle (""Waymo AV"") operating in Phoenix, Arizona was in a collision involving a passenger car on [XXX] near [XXX]. 
The Waymo AV was parked at the curb facing south on [XXX] when a passenger car attempting to parallel park directly in front of the Waymo AV reversed, and the rear of the passenger car made contact with the front of the stationary Waymo AV. At the time of the impact, the Waymo AV's Level 4 ADS was engaged in autonomous mode. Both vehicles sustained damage.
Waymo is reporting this crash under Request No. 2 of Standing General Order 2021-01. Waymo may supplement or correct its reporting with additional information as it may become available.",No Injuries Reported,No,No,No Passengers in Vehicle,Phoenix,AZ ,MAR-2025,06:49,Street,Y, , , , , ,"Prior to June 16, 2025 (Amendment 2)",False,Stationary,Other party,Other party,MAR-2025_06:49_Phoenix_Passenger Car
30270-10448,1,Waymo LLC,Heavy Truck,Stopped,Proceeding Straight,0.0,"On March [XXX], 2025 at 5:40 PM CDT a Waymo Autonomous Vehicle (""Waymo AV"") operating in Austin, Texas was in a collision involving a swing-out tailgate of a trailer being towed by a heavy-duty pickup truck on [XXX] at [XXX]. 
The Waymo AV was traveling east on [XXX] when a heavy-duty pickup truck towing a dump trailer  traveling west on [XXX] approached the Waymo AV. The dump trailer was equipped with a swing-out tailgate that was open and had begun protruding across the center line and into the lane occupied by the Waymo AV. The Waymo AV came to a stop as the vehicle approached and the swung-out tailgate made contact with the front driver side of the stationary Waymo AV. At the time of the impact, the Waymo AV's Level 4 ADS was engaged in autonomous mode. The Waymo AV sustained damage.
Waymo is reporting this crash under Request No. 2 of Standing General Order 2021-01. Waymo may supplement or correct its reporting with additional information as it may become available.",No Injuries Reported,No,No,No Passengers in Vehicle,Austin,TX ,MAR-2025,17:40,Street,Y, , , , , ,"Prior to June 16, 2025 (Amendment 2)",False,Stationary,Unclear,Other party,MAR-2025_17:40_Austin_Heavy Truck
30270-2895,2,Waymo LLC,Heavy Truck,Proceeding Straight,Changing Lanes,62.0,"Other than noting that the vehicle that struck the Waymo AV had encountered tire debris in its lane, the content of this report is unchanged from the initial report submitted on May [XXX], 2022 [Report ID # 30270-[XXX]-1]. 
On May [XXX], 2022 at 3:11 PM PST a Waymo Autonomous Vehicle (Waymo AV) Peterbilt Class 8 semi-truck and trailer, operating in Ennis, Texas was in a collision involving a Class 8 semi-truck and trailer on northbound Interstate [XXX] near [XXX]. 
The Waymo AV was traveling in autonomous mode in the rightmost lane on Interstate [XXX] when a Class 8 semi-truck and trailer began to pass it in the adjacent left lane. Before the adjacent Class 8 semi-truck and trailer had fully passed the Waymo AV, it encountered tire debris in its lane, executed a right lane change, and its trailer (the right side, rear section) entered the lane in which the Waymo AV was traveling and made contact with the driver side of the Waymo AV cab. The Waymo AV transitioned to manual mode and the test driver took control. The Waymo AV exited the roadway to the right shoulder of the road and came to a stop off of the roadway. At the time of the impact, the Waymo AV's ADS was engaged in autonomous mode, and a test driver was present (in the driver's seating position). The Waymo AV sustained moderate damage and the third-party Class 8 semi-truck and trailer did not stop to exchange information. The Waymo AV test driver was transported for medical care and the Waymo AV software operator, seated in the passenger seat, later sought medical attention. 
Waymo is reporting this crash under Request No. 1 of Standing General Order 2021-01 because an individual involved in the crash was transported from the scene to a hospital for medical treatment and a vehicle involved was towed away. Waymo may supplement or correct its reporting with additional information as it may become available. This report was submitted from the Pacific time zone on the required date.",Moderate,No,Yes,Yes,Ennis,TX ,MAY-2022,15:11,Highway / Freeway,Y, , , , , ,"Prior to June 16, 2025 (Amendment 2)",False,Moving,Unclear,Other party,MAY-2022_15:11_Ennis_Heavy Truck
30270-3056,2,Waymo LLC,"Other, see Narrative",Making Left Turn,"Other, see Narrative",9.0,"The content of this report is unchanged from the initial report submitted on May [XXX], 2022 [REDACTED, MAY CONTAIN CONFIDENTIAL BUSINESS INFORMATION]. 
On May [XXX], 2022 at 1:43AM PST a Waymo Autonomous Vehicle (Waymo AV) operating in Phoenix, Arizona made contact with a parking lot driveway on the 700 block of [XXX]. 
The Waymo AV was traveling westbound on [XXX] in autonomous mode when it approached a parking lot on the left side of the street. As the Waymo AV turned left and into the parking lot, the Waymo AVs undercarriage made contact with the driveway pavement (the AV did not contact any vehicle or road user). At the time of the contact, the Waymo AVs Level 4 ADS was engaged in autonomous mode, and a test driver was present (in the drivers seating position). The Waymo AV sustained minor undercarriage damage.
Waymo is reporting this crash under Request No. 1 of Standing General Order 2021-01 because the Waymo AV was towed away. Waymo may supplement or correct its reporting with additional information as it may become available. This report was submitted from the Pacific time zone on the required date.",No Injuries Reported,No,Yes,Yes,Phoenix,AZ ,MAY-2022,01:43,Parking Lot,Y, , , , , ,"Prior to June 16, 2025 (Amendment 2)",False,Moving,Unclear,Waymo,"MAY-2022_01:43_Phoenix_Other, see Narrative"
30270-3057,2,Waymo LLC,Passenger Car,Stopped,Proceeding Straight,0.0,"The content of this report is unchanged from the initial report submitted on May [XXX], 2022 [Report ID # 30270-3057-1].
On May [XXX], 2022 at 2:30 AM PST a Waymo Autonomous Vehicle (""Waymo AV"") operating in Phoenix, Arizona was in a collision involving a passenger vehicle on [XXX] at the [XXX] onramp.
While the Waymo AV was stopped at a red light on southbound [XXX] in the rightmost through lane, a passenger vehicle approached the Waymo AV from behind and the right front of the passenger vehicle made contact with the left rear of the Waymo AV. At the time of the impact, the Waymo AV's Level 4 ADS was engaged in autonomous mode and a test driver was present (in the driver's seating position). Both vehicles sustained major damage. The driver of the other vehicle was transported from the scene to a hospital for medical treatment.
Waymo is reporting this crash under Request No. 1 of Standing General Order 2021-01 because a vehicle involved was towed away, the crash resulted in airbag deployment, and the driver of the other vehicle was transported from the scene to a hospital for medical treatment. Waymo may supplement or correct its reporting with additional information as it may become available. This report was submitted from the Pacific time zone on the required date.",Unknown,No,Yes,Yes,Phoenix,AZ ,MAY-2022,02:30,Intersection,Y, , , , , ,"Prior to June 16, 2025 (Amendment 2)",False,Stationary,Unclear,Other party,MAY-2022_02:30_Phoenix_Passenger Car
30270-5760,1,Waymo LLC,Heavy Truck,Stopped,Entering Traffic,0.0,"On [XXX], 2023 at 09:42 AM PT a Waymo Autonomous Vehicle (Waymo AV) operating in Phoenix, Arizona was in a collision involving a heavy truck on [XXX], just west of [XXX].
The Waymo AV was traveling westbound on [XXX] when it came to a stop, yielding to a U-Haul box  truck that was attempting to reverse into a parking lot to the right of the Waymo AV. The truck exited the lot and re-entered the oncoming eastbound lane, making contact with the left front end of the Waymo AV. At the time of the impact, the Waymo AVs Level 4 ADS was engaged in autonomous mode. Both vehicles sustained damage.
Waymo is reporting this crash under Request No. 2 of Standing General Order 2021-01. Waymo may supplement or correct its reporting with additional information as it may become available.",No Injuries Reported,No,No,No Passengers in Vehicle,Phoenix,AZ ,MAY-2023,09:42,Street,Y, , , , , ,"Prior to June 16, 2025 (Amendment 2)",False,Stationary,Unclear,Other party,MAY-2023_09:42_Phoenix_Heavy Truck
30270-5759,1,Waymo LLC,Passenger Car,Stopped,Proceeding Straight,0.0,"On [XXX], 2023 at 11:30 PM PT a Waymo Autonomous Vehicle (Waymo AV) operating in Tempe, Arizona was in a collision involving a passenger vehicle on [XXX] at [XXX].
The Waymo AV was stopped at a red light at the intersection of [XXX] at [XXX]. A passenger vehicle that had been previously stopped behind the Waymo AV proceeded forward, making contact with the rear bumper of the Waymo AV. At the time of the impact, the Waymo AVs Level 4 ADS was engaged in autonomous mode, and a test driver was present (in the drivers seating position). The Waymo AV sustained damage.
Waymo is reporting this crash under Request No. 2 of Standing General Order 2021-01. Waymo may supplement or correct its reporting with additional information as it may become available.",No Injuries Reported,No,No,Yes,Tempe,AZ ,MAY-2023,23:30,Intersection,Y, , , , , ,"Prior to June 16, 2025 (Amendment 2)",False,Stationary,Unclear,Waymo,MAY-2023_23:30_Tempe_Passenger Car
30270-5757,1,Waymo LLC,"Other, see Narrative",Proceeding Straight,"Other, see Narrative",63.0,"On [XXX], 2023 at 9:29 PM PT a Waymo Autonomous Vehicle (Waymo AV) operating in Mesa, Arizona was in a collision involving an object on the [XXX], East of [XXX].
The Waymo AV was traveling eastbound in the far right lane on a three-lane stretch of the [XXX] when a load of hay bales fell off a truck traveling in the center lane ahead of the Waymo AV. The front left fender of the Waymo AV made contact with a hay bale. At the time of the impact, the Waymo AVs Level 4 ADS was engaged in autonomous mode, and a test driver was present (in the drivers seating position). The Waymo AV sustained damage.
Waymo is reporting this crash under Request No. 2 of Standing General Order 2021-01. Waymo may supplement or correct its reporting with additional information as it may become available.",No Injuries Reported,No,No,Yes,Mesa,AZ ,MAY-2023,21:29,Highway / Freeway,Y, , , , , ,"Prior to June 16, 2025 (Amendment 2)",False,Moving,Unclear,Waymo,"MAY-2023_21:29_Mesa_Other, see Narrative"
30270-5756,1,Waymo LLC,Passenger Car,Proceeding Straight,Lane / Road Departure,32.0,"On [XXX], 2023 at 1:37 PM PT a Waymo Autonomous Vehicle (Waymo AV) operating in Phoenix, Arizona was in a collision involving a passenger vehicle on [XXX] at S [XXX]. 
While traveling eastbound on [XXX], a passenger vehicle in the oncoming lane veered out of their lane and into the eastbound lane. The vehicle made contact with the left rear door of the Waymo AV. At the time of the impact, the Waymo AVs Level 4 ADS was engaged in autonomous mode. The other party immediately left the scene without exchanging information. The Waymo AV sustained damage.
Waymo is reporting this crash under Request No. 2 of Standing General Order 2021-01. Waymo may supplement or correct its reporting with additional information as it may become available.",No Injuries Reported,No,No,No Passengers in Vehicle,Phoenix,AZ ,MAY-2023,13:37,Street,Y, , , , , ,"Prior to June 16, 2025 (Amendment 2)",False,Moving,Unclear,Unclear,MAY-2023_13:37_Phoenix_Passenger Car
30270-5612,1,Waymo LLC,"Other, see Narrative",Proceeding Straight,"Other, see Narrative",8.0,"On May [XXX], 2023 at 5:34 PM PT a Waymo Autonomous Vehicle (Waymo AV) operating in Phoenix, Arizona made contact with an asphalt speed bump in a parking lot at [XXX].
The Waymo AV entered the parking lot and the Waymo AVs undercarriage then made contact with a speed bump (the AV did not contact any vehicle or other road user). At the time of the contact, the Waymo AVs Level 4 ADS was engaged in autonomous mode. The Waymo AV sustained undercarriage damage.
Waymo is reporting this crash under Request No. 1 of the Second Amended Standing General Order 2021-01 because a vehicle involved was towed away. Waymo may supplement or correct its reporting with additional information as it may become available.",No Injuries Reported,No,Yes,Yes,Phoenix,AZ ,MAY-2023,17:34,Parking Lot,Y, , , , , ,"Prior to June 16, 2025 (Amendment 2)",False,Moving,Unclear,Unclear,"MAY-2023_17:34_Phoenix_Other, see Narrative"
30270-5611,1,Waymo LLC,"Other, see Narrative",Proceeding Straight,"Other, see Narrative",10.0,"On May [XXX], 2023 at 5:54 PM PT a Waymo Autonomous Vehicle (Waymo AV) operating in Phoenix, Arizona made contact with an asphalt speed bump in a parking lot at [XXX].
The Waymo AV entered the parking lot and the Waymo AVs undercarriage then made contact with a speed bump (the AV did not contact any vehicle or other road user). At the time of the contact, the Waymo AVs Level 4 ADS was engaged in autonomous mode. The Waymo AV sustained undercarriage damage.
Waymo is reporting this crash under Request No. 1 of the Second Amended Standing General Order 2021-01 because a vehicle involved was towed away. Waymo may supplement or correct its reporting with additional information as it may become available.",No Injuries Reported,No,Yes,No Passengers in Vehicle,Phoenix,AZ ,MAY-2023,17:54,Parking Lot,Y, , , , , ,"Prior to June 16, 2025 (Amendment 2)",False,Moving,Unclear,Unclear,"MAY-2023_17:54_Phoenix_Other, see Narrative"
30270-7952,1,Waymo LLC,Pickup Truck,Stopped,Backing,0.0,"On May [XXX], 2024 at 9:04 PM MT a Waymo Autonomous Vehicle (""Waymo AV"") operating in Tempe, Arizona was in a collision involving a pickup truck on [XXX] near [XXX].
The Waymo AV was traveling south on [XXX] in the right turn lane and came to a stop behind a pickup truck which was stopped at a red light. After the AV had stopped and the light was still red, the pickup truck reversed and the rear of the pickup truck made contact with the front of the Waymo AV.  At the time of the impact, the Waymo AV's Level 4 ADS was engaged in autonomous mode. The Waymo AV sustained damage.
Waymo is reporting this crash under Request No. 2 of Standing General Order 2021-01. Waymo may supplement or correct its reporting with additional information as it may become available.",No Injuries Reported,No,No,Yes,Tempe,AZ ,MAY-2024,21:04,Street,Y, , , , , ,"Prior to June 16, 2025 (Amendment 2)",False,Stationary,Other party,Other party,MAY-2024_21:04_Tempe_Pickup Truck
30270-7794,1,Waymo LLC,Pole / Tree,Parking Maneuver,,8.0,"On May [XXX], 2024 at 11:47 AM MST a Waymo Autonomous Vehicle (Waymo AV) operating in Phoenix, Arizona was in a collision involving a utility pole in an alleyway near [XXX] and [XXX]. 
The Waymo AV was traveling north towards [XXX] down an alleyway east of [XXX] when the front of the Waymo AV made contact with a utility pole on the right side of the alleyway. At the time of the impact, the Waymo AVs Level 4 ADS was engaged in autonomous mode. The Waymo AV sustained damage.
Waymo is reporting this crash under Request No. 1 of Standing General Order 2021-01 because a vehicle involved was towed away. Waymo may supplement or correct its reporting with additional information as it may become available.",No Injuries Reported,No,Yes,No Passengers in Vehicle,Phoenix,AZ ,MAY-2024,11:47,Street,Y, , , , , ,"Prior to June 16, 2025 (Amendment 2)",False,Moving,Waymo,Waymo,MAY-2024_11:47_Phoenix_Pole / Tree
30270-7734,1,Waymo LLC,Passenger Car,Making Right Turn,Making Right Turn,2.0,"On May [XXX], 2024 at 9:34 PM MT Waymo Autonomous Vehicle (""Waymo AV"") operating in Phoenix, Arizona was in a collision involving a passenger car on [XXX] at [XXX].
The Waymo AV was traveling east on [XXX] and came to a stop at a red light at the intersection with  [XXX] to prepare for a right turn. The Waymo AV yielded to cross traffic traveling south on [XXX] and then initiated a right turn when a passenger car traveling north on [XXX] initiated a U-turn across the intended path of the Waymo AV. The Waymo AV slowed to yield to the U-turning passenger car and had begun to accelerate again to complete the right turn when the front of another passenger car which was following behind the Waymo AV made contact with the rear of the Waymo AV. At the time of the impact, the Waymo AV's Level 4 ADS was engaged in autonomous mode. Both vehicles sustained damage.
Waymo is reporting this crash under Request No. 1 of Standing General Order 2021-01 because a vehicle involved was towed away. Waymo may supplement or correct its reporting with additional information as it may become available.",Minor,No,Yes,Yes,Phoenix,AZ ,MAY-2024,21:34,Intersection,Y, , , , , ,"Prior to June 16, 2025 (Amendment 2)",False,Moving,Other party,Other party,MAY-2024_21:34_Phoenix_Passenger Car
30270-7733,2,Waymo LLC,SUV,Proceeding Straight,Making Right Turn,19.0,"On May 24, 2024, Waymo received notice that passengers in the other involved vehicle alleged moderate injuries. This report is being submitted as an update to the initial report submitted on May 17, 2024 [REDACTED, MAY CONTAIN CONFIDENTIAL BUSINESS INFORMATION]. Otherwise, the content of this report is unchanged.
On May [XXX], 2024 at 11:02 AM MT a Waymo Autonomous Vehicle (""Waymo AV"") operating in Tempe, Arizona was in a collision involving an SUV on [XXX] at [XXX].
The Waymo AV was traveling west on [XXX] in the far right lane approaching the intersection with [XXX]. An SUV in the lane directly to the left of and adjacent to the Waymo AV passed and overtook the Waymo AV on the left, then initiated a right turn onto [XXX], crossing in front of the Waymo AV. The passenger side of the SUV made contact with the front driver side corner of the Waymo AV. At the time of the impact, the Waymo AV's Level 4 ADS was engaged in autonomous mode.Both vehicles sustained damage.
Waymo is reporting this crash under Request No. 1 of Standing General Order 2021-01 because a vehicle involved was towed away. Waymo may supplement or correct its reporting with additional information as it may become available.",Moderate,No,Yes,Yes,Tempe,AZ ,MAY-2024,11:02,Intersection,Y, , , , , ,"Prior to June 16, 2025 (Amendment 2)",False,Moving,Unclear,Other party,MAY-2024_11:02_Tempe_SUV
30270-7730,2,Waymo LLC,Passenger Car,Stopped,Backing,0.0,"The content of this report is unchanged from the initial report submitted on May 15, 2024 [REDACTED, MAY CONTAIN CONFIDENTIAL BUSINESS INFORMATION]. 
On May [XXX], 2024 at 12:47 PM MT a Waymo Autonomous Vehicle (Waymo AV) operating in Scottsdale, Arizona was in a collision involving a passenger car in a parking lot at [XXX]. 
The Waymo AV was navigating through a parking lot en route to drop off passengers when it stopped to yield for a pedestrian walking in the parking lot. A passenger car then backed out of a parking spot and made contact with the driver side rear passenger door of the Waymo AV.  At the time of the impact, the Waymo AVs Level 4 ADS was engaged in autonomous mode. Both vehicles sustained damage.
Waymo is reporting this crash under Request No. 1 of Standing General Order 2021-01 because a vulnerable road user was involved. Waymo may supplement or correct its reporting with additional information as it may become available.",No Injuries Reported,No,No,Yes,Scottsdale,AZ ,MAY-2024,12:47,Parking Lot,Y, , , , , ,"Prior to June 16, 2025 (Amendment 2)",False,Stationary,Unclear,Other party,MAY-2024_12:47_Scottsdale_Passenger Car
30270-7947,1,Waymo LLC,"Other, see Narrative",Proceeding Straight,"Other, see Narrative",3.0,"On May [XXX], 2024 at 9:13 PM MT a Waymo Autonomous Vehicle (""Waymo AV"") operating in Phoenix, Arizona was in a collision involving a rope in a parking lot at [XXX]. 
As the Waymo AV was exiting the parking lot onto [XXX], it made contact with a rope that was hanging at the entrance of the parking lot. At the time of the impact, the Waymo AV's Level 4 ADS was engaged in autonomous mode. The Waymo AV and the rope sustained damage.
Waymo is reporting this crash under Request No. 2 of Standing General Order 2021-01. Waymo may supplement or correct its reporting with additional information as it may become available.",No Injuries Reported,No,No,Yes,Phoenix,AZ ,MAY-2024,21:13,Parking Lot,Y, , , , , ,"Prior to June 16, 2025 (Amendment 2)",False,Moving,Unclear,Unclear,"MAY-2024_21:13_Phoenix_Other, see Narrative"
30270-7945,2,Waymo LLC,Passenger Car,Making Left Turn,Making Left Turn,1.0,"This report is being submitted as an update to the initial report submitted on June 17, 2024 [REDACTED, MAY CONTAIN CONFIDENTIAL BUSINESS INFORMATION]. Waymo also received notice that passengers in the other involved vehicle alleged injuries of unspecified severity and is updating this report accordingly. All other content in this report remains unchanged.
On May [XXX], 2024 at 11:18 AM MT a Waymo Autonomous Vehicle (Waymo AV) operating in [XXX], Arizona was in a collision involving a passenger car on [XXX] at [XXX]. 
The Waymo AV was traveling south on [XXX] and was preparing to make a protected left turn onto [XXX] in the leftmost dedicated left turn lane. As the Waymo AV entered the intersection, the traffic light for the Waymo AVs lane turned red. The Waymo AV began to slow, and the passenger car that was traveling closely behind the Waymo AV made contact with the rear of the Waymo AV. At the time of the impact, the Waymo AVs Level 4 ADS was engaged in autonomous mode. Both vehicles sustained damage.
Waymo is reporting this crash under Request No. 2 of Standing General Order 2021-01. Waymo may supplement or correct its reporting with additional information as it may become available.",Unknown,No,No,Yes,Tempe,AZ ,MAY-2024,11:18,Intersection,Y, , , , , ,"Prior to June 16, 2025 (Amendment 2)",False,Moving,Other party,Other party,MAY-2024_11:18_Tempe_Passenger Car
30270-7946,1,Waymo LLC,Heavy Truck,Stopped,Backing,0.0,"On May [XXX], 2024 at 2:49 PM MT a Waymo Autonomous Vehicle (""Waymo AV"") operating in Phoenix, Arizona was in a collision involving a heavy truck and trailer in a parking lot near [XXX]. 
The Waymo AV was traveling west on [XXX] when it turned left into a parking lot near [XXX]. As the Waymo AV was traveling through the parking lot, a heavy truck traveling directly in front of the Waymo AV stopped. While the heavy truck remained stopped, the Waymo AV began to slowly proceed straight around the heavy truck, but slowed to a stop as the heavy truck began reversing. The rear passenger side of the heavy trucks trailer then made contact with the front passenger side of the Waymo AV. At the time of the impact, the Waymo AV's Level 4 ADS was engaged in autonomous mode. The Waymo AV sustained damage.
Waymo is reporting this crash under Request No. 2 of Standing General Order 2021-01. Waymo may supplement or correct its reporting with additional information as it may become available.",No Injuries Reported,No,No,No Passengers in Vehicle,Phoenix,AZ ,MAY-2024,14:49,Parking Lot, ,Y, , , , ,"Prior to June 16, 2025 (Amendment 2)",False,Stationary,Unclear,Other party,MAY-2024_14:49_Phoenix_Heavy Truck
30270-7637,2,Waymo LLC,SUV,Making Left Turn,Proceeding Straight,3.0,"On May 10, 2024, Waymo received notice that passengers in the other involved vehicle alleged injuries of unspecified severity. This report is being submitted as an update to the initial report submitted on May 8, 2024 [REDACTED, MAY CONTAIN CONFIDENTIAL BUSINESS INFORMATION]. Otherwise, the content of this report is unchanged.
On May [XXX], 2024 at 2:56 PM MT a Waymo Autonomous Vehicle (""Waymo AV"") operating in Phoenix, Arizona was in a collision involving a Mercedes SUV on [XXX] at [XXX].
The Waymo AV was traveling east on [XXX] at the intersection with [XXX]. As the Waymo AV approached the intersection and prepared to make an unprotected left turn onto northbound [XXX], a Honda SUV on the opposite side of the intersection slowed down in the westbound lane of [XXX] to prepare for an unprotected left onto southbound [XXX]. As the Waymo AV was beginning its unprotected left turn, a Mercedes SUV became visible and was passing on the right side of a line of traffic behind the Honda SUV, partially in the westbound bicycle lane and partially in a paved area between the bicycle lane and the curb of [XXX]. The Mercedes SUV then entered the intersection and the front passenger side corner of the Mercedes SUV made contact with the passenger side of the Waymo AV. At the time of the impact, the Waymo AV's Level 4 ADS was engaged in autonomous mode. Both vehicles sustained damage.
Waymo is reporting this crash under Request No. 1 of Standing General Order 2021-01 because a vehicle involved was towed away. Waymo may supplement or correct its reporting with additional information as it may become available.",Unknown,No,Yes,No Passengers in Vehicle,Phoenix,AZ ,MAY-2024,14:56,Intersection,Y, , , , , ,"Prior to June 16, 2025 (Amendment 2)",False,Moving,Unclear,Other party,MAY-2024_14:56_Phoenix_SUV
30270-7877,1,Waymo LLC,Other Fixed Object,Proceeding Straight,,2.0,"On May [XXX], 2024 at 3:34 PM MT a Waymo Autonomous Vehicle (""Waymo AV"") operating in Phoenix, Arizona was in a collision involving a fixed object on [XXX] near [XXX].
The Waymo AV was entering a driveway off of [XXX] to drop off a passenger when a partially open gate made contact with the passenger side of Waymo AV. At the time of the impact, the Waymo AV's Level 4 ADS was engaged in autonomous mode. The Waymo AV sustained damage.
Waymo is reporting this crash under Request No. 1 because a vehicle involved was towed away. Waymo may supplement or correct its reporting with additional information as it may become available.",No Injuries Reported,No,Yes,Yes,Phoenix,AZ ,MAY-2024,15:34,Parking Lot,Y, , , , , ,"Prior to June 16, 2025 (Amendment 2)",False,Moving,Unclear,Unclear,MAY-2024_15:34_Phoenix_Other Fixed Object
30270-7936,1,Waymo LLC,"Other, see Narrative",Making Left Turn,"Other, see Narrative",3.0,"On May [XXX], 2024 at 8:25 AM MT a Waymo Autonomous Vehicle (""Waymo AV"") operating in Tempe, Arizona was in a collision involving a chain at the entrance of a parking lot at Arizona State University on [XXX] near [XXX]. 
The Waymo AV was traveling north on [XXX] when it made a left turn into a parking lot near [XXX]. As the Waymo AV was entering the parking lot, it made contact with a chain hanging at the entrance of the parking lot. At the time of the impact, the Waymo AV's Level 4 ADS was engaged in autonomous mode. The chain sustained damage. 
Waymo is reporting this crash under Request No. 2 of Standing General Order 2021-01. Waymo may supplement or correct its reporting with additional information as it may become available.",No Injuries Reported,No,No,Yes,Tempe,AZ ,MAY-2024,08:25,Parking Lot,Y, , , , , ,"Prior to June 16, 2025 (Amendment 2)",False,Moving,Unclear,Unclear,"MAY-2024_08:25_Tempe_Other, see Narrative"
30270-7941,1,Waymo LLC,Passenger Car,Parking Maneuver,Backing,4.0,"On May [XXX], 2024 at 11:02 AM MT a Waymo Autonomous Vehicle (""Waymo AV"") operating in Tempe, Arizona was in a collision involving a passenger car in a parking lot at [XXX]. 
The Waymo AV was traveling west through a parking lot on [XXX] when a passenger car reversed out of a parking spot and made contact with the rear passenger door of the Waymo AV. At the time of the impact, the Waymo AV's Level 4 ADS was engaged in autonomous mode. Both vehicles sustained damage.
Waymo is reporting this crash under Request No. 2 of Standing General Order 2021-01. Waymo may supplement or correct its reporting with additional information as it may become available.",No Injuries Reported,No,No,No Passengers in Vehicle,Tempe,AZ ,MAY-2024,11:02,Parking Lot,Y, , , , , ,"Prior to June 16, 2025 (Amendment 2)",False,Moving,Unclear,Unclear,MAY-2024_11:02_Tempe_Passenger Car