Report ID,Report Version,Reporting Entity,Crash With,SV Pre-Crash Movement,CP Pre-Crash Movement,SV Precrash Speed (MPH),Narrative,Highest Injury Severity Alleged,Any Air Bags Deployed?,Was Any Vehicle Towed?,Were All Passengers Belted?,City,State,Incident Date,Incident Time (24:00),Roadway Type,Weather - Clear,Weather - Cloudy,Weather - Rain,Weather - Snow,Weather - Severe Wind,Weather - Fog/Smoke/Haze,Data Period,Manual Mode at Impact,Waymo Status,Likely Fault,Contact Initiator,Incident_Key
30270-7943,1,Waymo LLC,Passenger Car,Stopped,Proceeding Straight,0.0,"On May [XXX], 2024 at 10:41 AM MT a Waymo Autonomous Vehicle (""Waymo AV"") operating in Tempe, Arizona was in a collision involving a passenger car on [XXX] at [XXX]. 
The Waymo AV was traveling north in the middle lane on [XXX] and stopped at a red light when a passenger car made contact with the rear of the Waymo AV.  At the time of the impact, the Waymo AV's Level 4 ADS was engaged in autonomous mode. Both vehicles sustained damage.
Waymo is reporting this crash under Request No. 2 of Standing General Order 2021-01. Waymo may supplement or correct its reporting with additional information as it may become available.",No Injuries Reported,No,No,No Passengers in Vehicle,Tempe,AZ ,MAY-2024,10:41,Street,Y, , , , , ,"Prior to June 16, 2025 (Amendment 2)",False,Stationary,Other party,Other party,MAY-2024_10:41_Tempe_Passenger Car
30270-7944,1,Waymo LLC,Passenger Car,Proceeding Straight,Backing,7.0,"On May [XXX], 2024 at 8:33 AM MT a Waymo Autonomous Vehicle (""Waymo AV"") operating in Phoenix, Arizona was in a collision involving a passenger car in a parking lot off of [XXX] near [XXX]. 
The Waymo AV was traveling south through a parking lot at Fillmore Place Apartments when a passenger car reversed out of a parking spot to the right of the Waymo AV. The rear of the passenger car made contact with the passenger side of the Waymo AV. At the time of the impact, the Waymo AV's Level 4 ADS was engaged in autonomous mode. The Waymo AV sustained damage and the passenger car left the scene.
Waymo is reporting this crash under Request No. 2 of Standing General Order 2021-01. Waymo may supplement or correct its reporting with additional information as it may become available.",No Injuries Reported,No,No,Yes,Phoenix,AZ ,MAY-2024,08:33,Parking Lot,Y, , , , , ,"Prior to June 16, 2025 (Amendment 2)",False,Moving,Unclear,Other party,MAY-2024_08:33_Phoenix_Passenger Car
30270-10954,1,Waymo LLC,SUV,Stopped,Proceeding Straight,0.0,"On May [XXX], 2025 at 1:51 PM ET a Waymo Autonomous Vehicle (""Waymo AV"") operating in Atlanta, Georgia was in a collision involving an SUV on [XXX] at [XXX]. 
The Waymo AV was stopped facing south in the second from right lane on [XXX] in a queue of traffic for a red light at the intersection with [XXX]. While the Waymo AV remained stopped for the red light, an SUV that was stopped directly behind the Waymo AV proceeded forward and the front of the SUV made contact with the rear of the stationary Waymo AV. At the time of the impact, the Waymo AV's Level 4 ADS was engaged in autonomous mode. The SUV sustained damage.
Waymo is reporting this crash under Request No. 2 of Standing General Order 2021-01. Waymo may supplement or correct its reporting with additional information as it may become available.",No Injuries Reported,No,No,Yes,Atlanta,GA ,MAY-2025,13:51,Street,Y, , , , , ,"Prior to June 16, 2025 (Amendment 2)",False,Stationary,Other party,Other party,MAY-2025_13:51_Atlanta_SUV
30270-11010,1,Waymo LLC,"Other, see Narrative",Proceeding Straight,"Other, see Narrative",23.0,"On May [XXX], 2025 at 6:18 AM ET a Waymo Autonomous Vehicle (""Waymo AV"") operating in Atlanta, Georgia was in a collision involving a portable basketball hoop on [XXX] near [XXX]. 
The Waymo AV was traveling eastbound on [XXX] when the passenger side of the Waymo AV made contact with the base of a portable basketball hoop laying on the right side of the Waymo AV's lane of travel. At the time of the impact, the Waymo AV's Level 4 ADS was engaged in autonomous mode. The Waymo AV sustained damage.
Waymo is reporting this crash under Request No. 2 of Standing General Order 2021-01. Waymo may supplement or correct its reporting with additional information as it may become available.",No Injuries Reported,No,No,No Passengers in Vehicle,Atlanta,GA ,MAY-2025,06:18,Street, , ,Y, , , ,"Prior to June 16, 2025 (Amendment 2)",False,Moving,Unclear,Waymo,"MAY-2025_06:18_Atlanta_Other, see Narrative"
30270-11007,1,Waymo LLC,Other Fixed Object,Backing,,1.0,"On May [XXX], 2025 at 5:41 AM CT a Waymo Autonomous Vehicle (""Waymo AV"") operating in Austin, Texas was in a collision involving a roadside curb on [XXX] near [XXX]. 
The Waymo AV was parked at the curb facing northeast on [XXX]. As the Waymo AV reversed to leave the curbside parking spot, the front passenger side of the Waymo AV made contact with the roadside curb. At the time of the impact, the Waymo AV's Level 4 ADS was engaged in autonomous mode.The Waymo AV sustained damage.
Waymo is reporting this crash under Request No. 1 of Standing General Order 2021-01 because a vehicle involved was towed away. Waymo may supplement or correct its reporting with additional information as it may become available.",No Injuries Reported,No,Yes,No Passengers in Vehicle,Austin,TX ,MAY-2025,05:41,Street,Y, , , , , ,"Prior to June 16, 2025 (Amendment 2)",False,Moving,Unclear,Waymo,MAY-2025_05:41_Austin_Other Fixed Object
30270-11063,1,Waymo LLC,Passenger Car,Parked,Backing,0.0,"On May [XXX], 2025 at 10:00 AM MT a Waymo Autonomous Vehicle (""Waymo AV"") operating in Phoenix, Arizona was in a collision involving an SUV in a parking lot at [XXX]. 
The Waymo AV was parked facing south in a parking lot at [XXX]. An SUV parked in a parking stall to the right of the Waymo AV reversed out of the parking stall, and the front passenger side of the SUV made contact with the rear driver side of the stationary Waymo AV. At the time of the impact, the Waymo AV's Level 4 ADS was engaged in autonomous mode. Both vehicles sustained damage.
Waymo is reporting this crash under Request No. 2 of Standing General Order 2021-01. Waymo may supplement or correct its reporting with additional information as it may become available.",No Injuries Reported,No,No,No Passengers in Vehicle,Phoenix,AZ ,MAY-2025,10:00,Parking Lot,Y, , , , , ,"Prior to June 16, 2025 (Amendment 2)",False,Stationary,Unclear,Other party,MAY-2025_10:00_Phoenix_Passenger Car
30270-11062,1,Waymo LLC,"Other, see Narrative",Proceeding Straight,"Other, see Narrative",25.0,"On May [XXX], 2025 at 6:54 PM CT a Waymo Autonomous Vehicle (""Waymo AV"") operating in Austin, Texas was in a collision involving a trash can on [XXX] near [XXX]. 
The Waymo AV was traveling eastbound on [XXX] when the front driver side of the Waymo AV made contact with a trash can that was laying on its side in the middle of the roadway in the AV's lane of travel. At the time of the impact, the Waymo AV's Level 4 ADS was engaged in autonomous mode. The Waymo AV sustained damage.
Waymo is reporting this crash under Request No. 2 of Standing General Order 2021-01. Waymo may supplement or correct its reporting with additional information as it may become available.",No Injuries Reported,No,No,Yes,Austin,TX ,MAY-2025,18:54,Street, ,Y, , ,Y, ,"Prior to June 16, 2025 (Amendment 2)",False,Moving,Unclear,Waymo,"MAY-2025_18:54_Austin_Other, see Narrative"
30270-11058,1,Waymo LLC,"Other, see Narrative",Proceeding Straight,"Other, see Narrative",26.0,"On May [XXX], 2025 at 11:02 AM ET a Waymo Autonomous Vehicle (""Waymo AV"") operating in Atlanta, Georgia traveled through standing water on [XXX] near [XXX]. 
The Waymo AV was traveling southwestbound on [XXX] when it approached standing water on [XXX]. As the Waymo AV traveled through the standing water on the roadway, the front, rear, and bottom of the Waymo AV made contact with the standing water. At the time of the impact, the Waymo AV's Level 4 ADS was engaged in autonomous mode. The Waymo AV sustained damage.
Waymo is reporting this crash under Request No. 1 of Standing General Order 2021-01 because a vehicle involved was towed away. Waymo may supplement or correct its reporting with additional information as it may become available.",No Injuries Reported,No,Yes,No Passengers in Vehicle,Atlanta,GA ,MAY-2025,11:02,Street, ,Y, , , , ,"Prior to June 16, 2025 (Amendment 2)",False,Moving,Unclear,Waymo,"MAY-2025_11:02_Atlanta_Other, see Narrative"
30270-10965,1,Waymo LLC,Passenger Car,Proceeding Straight,Proceeding Straight,4.0,"On May [XXX], 2025 at 10:38 PM MT a Waymo Autonomous Vehicle (""Waymo AV"") operating in Tempe, Arizona was in a collision involving a passenger car on [XXX] at [XXX]. 
The Waymo AV was traveling northbound on [XXX] and stopped for a red light at the intersection at [XXX]. As the light turned green and the Waymo AV began to enter the intersection, a passenger car, also traveling northbound, approached the Waymo AV from behind and the front of the passenger car made contact with the rear of the Waymo AV. At the time of the impact, the Waymo AV's Level 4 ADS was engaged in autonomous mode. Both vehicles sustained damage.
Waymo is reporting this crash under Request No. 2 of Standing General Order 2021-01. Waymo may supplement or correct its reporting with additional information as it may become available.",No Injuries Reported,No,No,Yes,Tempe,AZ ,MAY-2025,22:38,Intersection,Y, , , , , ,"Prior to June 16, 2025 (Amendment 2)",False,Moving,Other party,Other party,MAY-2025_22:38_Tempe_Passenger Car
30270-10957,1,Waymo LLC,Animal,Changing Lanes,"Other, see Narrative",20.0,"On May [XXX], 2025 at 9:14 AM MST a Waymo Autonomous Vehicle (""Waymo AV"") operating in Phoenix, Arizona was in a collision involving a domestic animal on [XXX] near [XXX]. 
The Waymo AV was traveling westbound in the right lane on [XXX] when it merged into the left lane in order to pass two vehicles parked in the right lane. As the Waymo AV began to merge back into the right lane after passing the two vehicles, a domestic animal entered the roadway from in front of the second parked vehicle, and the passenger side of the Waymo AV made contact with the domestic animal. At the time of the impact, the Waymo AV's Level 4 ADS was engaged in autonomous mode. The domestic animal sustained injuries.
Waymo is reporting this crash under Request No. 2 of Standing General Order 2021-01. Waymo may supplement or correct its reporting with additional information as it may become available.",No Injuries Reported,No,No,No Passengers in Vehicle,Phoenix,AZ ,MAY-2025,09:14,Street, ,Y, , , , ,"Prior to June 16, 2025 (Amendment 2)",False,Moving,Unclear,Waymo,MAY-2025_09:14_Phoenix_Animal
30270-11003,1,Waymo LLC,"Other, see Narrative",Proceeding Straight,"Other, see Narrative",34.0,"On May [XXX], 2025 at 1:14 AM CDT, a Waymo Autonomous Vehicle (""Waymo AV"") operating in Austin, Texas sustained damage from a wheel separation on [XXX] and [XXX].
The Waymo AV was traveling westbound in the left lane on [XXX] at the intersection with [XXX] when the front driver side wheel separated from the Waymo AV, resulting in the underside of the Waymo AV making contact with the pavement. At the time of the impact, the Waymo AV's Level 4 ADS was engaged in autonomous mode. The passenger in the Waymo AV reported a minor injury. The Waymo AV sustained damage from its contact with the pavement.
Waymo is reporting this crash under Request No. 1 of Standing General Order 2021-01 because a vehicle involved was towed away. Waymo may supplement or correct its reporting with additional information as it may become available.",Minor,No,Yes,Yes,Austin,TX ,MAY-2025,01:14,Intersection,Y, , , , , ,"Prior to June 16, 2025 (Amendment 2)",False,Moving,Unclear,Unclear,"MAY-2025_01:14_Austin_Other, see Narrative"
30270-10967,1,Waymo LLC,Passenger Car,Parked,Proceeding Straight,0.0,"On May [XXX], 2025 at 1:26 AM MT a Waymo Autonomous Vehicle (""Waymo AV"") operating in Phoenix, Arizona was in a collision involving a passenger car in a parking lot near [XXX]. 
The Waymo AV was stopped facing west for a passenger pick-up in a parking lot at [XXX] when a passenger car facing south to the right of the Waymo AV proceeded forward out of a parking stall. The front passenger side of the passenger car made contact with the rear passenger side of the stationary Waymo AV. At the time of the impact, the Waymo AV's Level 4 ADS was engaged in autonomous mode. The Waymo AV sustained damage.
Waymo is reporting this crash under Request No. 2 of Standing General Order 2021-01. Waymo may supplement or correct its reporting with additional information as it may become available.",No Injuries Reported,No,No,No Passengers in Vehicle,Phoenix,AZ ,MAY-2025,01:26,Parking Lot,Y, , , , , ,"Prior to June 16, 2025 (Amendment 2)",False,Stationary,Unclear,Other party,MAY-2025_01:26_Phoenix_Passenger Car
30270-10946,1,Waymo LLC,Heavy Truck,Stopped,Proceeding Straight,0.0,"On May [XXX], 2025 at 7:58 AM a Waymo Autonomous Vehicle (""Waymo AV"") operating in Austin, Texas was in a collision involving a heavy truck on [XXX] near [XXX]. 
The Waymo AV was traveling northbound on a narrow portion of [XXX] with vehicles parked at both curbs when it came to a stop to yield to a garbage truck that was stopped facing south on [XXX]. The garbage truck proceeded forward to pass the Waymo AV, and the driver side of the garbage truck made contact with the rear driver side of the stationary Waymo AV. At the time of the impact, the Waymo AV's Level 4 ADS was engaged in autonomous mode.The Waymo AV sustained damage.
Waymo is reporting this crash under Request No. 2 of Standing General Order 2021-01. Waymo may supplement or correct its reporting with additional information as it may become available.",No Injuries Reported,No,No,No Passengers in Vehicle,Austin,TX ,MAY-2025,07:58,Street, ,Y, , , , ,"Prior to June 16, 2025 (Amendment 2)",False,Stationary,Unclear,Other party,MAY-2025_07:58_Austin_Heavy Truck
30270-10916,1,Waymo LLC,Passenger Car,Proceeding Straight,Making Right Turn,18.0,"On May [XXX], 2025 at 7:27 PM MT a Waymo Autonomous Vehicle (""Waymo AV"") operating in Tempe, Arizona was in a collision involving a passenger car on [XXX] at [XXX]. 
The Waymo AV was traveling westbound on [XXX] in the second from the right lane and began to enter the intersection with a green light at [XXX]. A passenger car traveling westbound in the leftmost lane passed the Waymo AV and made a right turn across the Waymo AV's lane of travel to proceed northbound on [XXX]. The rear passenger side of the passenger car made contact with the front driver side of the Waymo AV. At the time of the impact, the Waymo AV's Level 4 ADS was engaged in autonomous mode. Both vehicles sustained damage.
Waymo is reporting this crash under Request No. 2 of Standing General Order 2021-01. Waymo may supplement or correct its reporting with additional information as it may become available.",No Injuries Reported,No,No,Yes,Tempe,AZ ,MAY-2025,19:27,Intersection,Y, , , , , ,"Prior to June 16, 2025 (Amendment 2)",False,Moving,Unclear,Other party,MAY-2025_19:27_Tempe_Passenger Car
30270-10912,1,Waymo LLC,Pickup Truck,Lane / Road Departure,Parked,5.0,"On May [XXX], 2025 at 4:27 PM CDT a Waymo Autonomous Vehicle (""Waymo AV"") operating in Austin, Texas was in a collision involving a pickup truck on [XXX] near [XXX]. 
The Waymo AV was traveling southbound on [XXX] when a pickup truck facing east on [XXX] initiated a left turn onto northbound [XXX], crossing the double yellow centerline and entering the Waymo AV's lane of travel as the Waymo AV approached. The Waymo AV braked and maneuvered to the right and the front passenger side of the Waymo AV made contact with the front driver side of another pickup truck that was parked facing southbound at the curb on [XXX]. At the time of the impact, the Waymo AV's Level 4 ADS was engaged in autonomous mode. The Waymo AV and the parked pickup truck sustained damage.
Waymo is reporting this crash under Request No. 1 of Standing General Order 2021-01 because a vehicle involved was towed away. Waymo may supplement or correct its reporting with additional information as it may become available.",No Injuries Reported,No,Yes,No Passengers in Vehicle,Austin,TX ,MAY-2025,16:27,Street,Y, , , , , ,"Prior to June 16, 2025 (Amendment 2)",False,Moving,Unclear,Waymo,MAY-2025_16:27_Austin_Pickup Truck
30270-10889,1,Waymo LLC,Passenger Car,Stopped,Proceeding Straight,0.0,"On May [XXX], 2025 at 7:37 AM MST a Waymo Autonomous Vehicle (""Waymo AV"") operating in Phoenix, Arizona was in a collision involving a passenger car on [XXX] at [XXX]. 
The Waymo AV was traveling eastbound on [XXX] in the second to right lane when it stopped before entering the intersection of [XXX] in order to yield to the queue of traffic ahead and the traffic light was green. While the Waymo AV was waiting for traffic ahead to clear before proceeding straight, a passenger car traveling eastbound on [XXX] approached the Waymo AV from behind, and the front of the passenger car made contact with the rear of the stationary Waymo AV. At the time of the impact, the Waymo AV's Level 4 ADS was engaged in autonomous mode. The passenger car sustained damage.
Waymo is reporting this crash under Request No. 2 of Standing General Order 2021-01. Waymo may supplement or correct its reporting with additional information as it may become available.",No Injuries Reported,No,No,Yes,Phoenix,AZ ,MAY-2025,7:37,Intersection,Y, , , , , ,"Prior to June 16, 2025 (Amendment 2)",False,Stationary,Other party,Other party,MAY-2025_7:37_Phoenix_Passenger Car
30270-10891,1,Waymo LLC,Other Fixed Object,Making Left Turn,,4.0,"On May [XXX], 2025 at 3:12 AM MT a Waymo Autonomous Vehicle (""Waymo AV"") operating in Tempe, Arizona was in a collision involving a chain in a parking lot at [XXX]. 
The Waymo AV was traveling southbound on [XXX] when it made a left turn into a parking lot at [XXX]. As the Waymo AV was turning into the parking lot, the front driver side of the Waymo AV made contact with a hanging chain separating a section of the parking lot. At the time of the impact, the Waymo AV's Level 4 ADS was engaged in autonomous mode. The Waymo AV and the chain sustained damage.
Waymo is reporting this crash under Request No. 2 of Standing General Order 2021-01. Waymo may supplement or correct its reporting with additional information as it may become available.",No Injuries Reported,No,No,No Passengers in Vehicle,Tempe,AZ ,MAY-2025,3:12,Parking Lot,Y, , , , , ,"Prior to June 16, 2025 (Amendment 2)",False,Moving,Unclear,Waymo,MAY-2025_3:12_Tempe_Other Fixed Object
30270-10980,1,Waymo LLC,Bus,Parked,Passing,0.0,"On May [XXX], 2025 at 6:42 PM MT a Waymo Autonomous Vehicle (""Waymo AV"") operating in Tempe, Arizona was in a collision involving a bus on [XXX] near [XXX]. 
The Waymo AV was traveling northwestbound on [XXX] when it came to a stop at the curb and partially in the travel lane with hazard lights activated for a passenger drop-off. A bus traveling northwestbound on [XXX] proceeded to pass the Waymo AV on the left and the passenger side of the bus made contact with the driver side mirror of the stationary Waymo AV. At the time of the impact, the Waymo AV's Level 4 ADS was engaged in autonomous mode. The Waymo AV sustained damage.
Waymo is reporting this crash under Request No. 1 of Standing General Order 2021-01 because a vehicle involved was towed away. Waymo may supplement or correct its reporting with additional information as it may become available.",No Injuries Reported,No,Yes,Yes,Tempe,AZ ,MAY-2025,18:42,Street,Y, , , , , ,"Prior to June 16, 2025 (Amendment 2)",False,Stationary,Unclear,Other party,MAY-2025_18:42_Tempe_Bus
30270-10920,1,Waymo LLC,Passenger Car,Parked,Passing,0.0,"On May [XXX], 2025 at 10:51 PM CT a Waymo Autonomous Vehicle (""Waymo AV"") operating in Austin, Texas was in a collision involving a passenger car in a parking lot at [XXX]. 
The Waymo AV was stopped facing north in a parking lot at [XXX] for a passenger drop-off when a passenger car traveling northbound in the parking lot proceeded to pass the Waymo AV on the left. While the passenger car was maneuvering around the Waymo AV, a passenger in the Waymo AV opened the rear driver side door and the rear driver side door made contact with the passenger side of the passenger car. At the time of the impact, the Waymo AV's Level 4 ADS was engaged in autonomous mode. A passenger in the vehicle was not belted at the time of the collision, as they were preparing to exit the Waymo AV. Both vehicles sustained damage.
Waymo is reporting this crash under Request No. 2 of Standing General Order 2021-01. Waymo may supplement or correct its reporting with additional information as it may become available.",No Injuries Reported,No,No,"No, see Narrative",Austin,TX ,MAY-2025,22:51,Parking Lot,Y, , , , , ,"Prior to June 16, 2025 (Amendment 2)",False,Stationary,Other party,Other party,MAY-2025_22:51_Austin_Passenger Car
30270-11001,1,Waymo LLC,"Other, see Narrative",Proceeding Straight,"Other, see Narrative",6.0,"On May [XXX], 2025 at 11:46 AM ET a Waymo Autonomous Vehicle (""Waymo AV"") operating in Atlanta, Georgia was in a collision involving a fallen utility line near the [XXX] block of [XXX]. 
The Waymo AV was traveling northbound on [XXX] when the front driver side of the Waymo AV made contact with a fallen utility line hanging in the travel lane. At the time of the impact, the Waymo AV's Level 4 ADS was engaged in autonomous mode. The Waymo AV sustained damage.
Waymo is reporting this crash under Request No. 2 of Standing General Order 2021-01. Waymo may supplement or correct its reporting with additional information as it may become available.",No Injuries Reported,No,No,No Passengers in Vehicle,Atlanta,GA ,MAY-2025,11:46,Street, ,Y, , , , ,"Prior to June 16, 2025 (Amendment 2)",False,Moving,Unclear,Waymo,"MAY-2025_11:46_Atlanta_Other, see Narrative"
30270-10833,1,Waymo LLC,Passenger Car,Stopped,Stopped,0.0,"On May [XXX], 2025 at 5:28 AM MST a Waymo Autonomous Vehicle (""Waymo AV"") operating in Tempe, Arizona was in a collision involving a passenger car on [XXX] at [XXX]. 
The Waymo AV was stopped facing south in the leftmost lane on [XXX] for a red light at the intersection of [XXX]. A passenger car traveling southbound on [XXX] slowed to a stop directly behind the Waymo AV. While the Waymo AV and the passenger car remained stopped, a second passenger car traveling southbound on [XXX] approached the passenger car from behind and began crossing the lane line between the leftmost lane and the second-from-leftmost lane. As the second passenger car was passing between lanes, the front of the second passenger car made contact with the rear of the passenger car stopped directly behind the Waymo AV. The front passenger side of the passenger car that was stopped behind the Waymo AV then made contact with the rear of the stationary Waymo AV. At the time of the impact, the Waymo AV's Level 4 ADS was engaged in autonomous mode. The passenger car sustained damage.
Waymo is reporting this crash under Request No. 1 of Standing General Order 2021-01 because a vehicle involved was towed away. Waymo may supplement or correct its reporting with additional information as it may become available.",No Injuries Reported,No,No,Yes,Tempe,AZ ,MAY-2025,05:28,Intersection,Y, , , , , ,"Prior to June 16, 2025 (Amendment 2)",False,Stationary,Other party,Other party,MAY-2025_05:28_Tempe_Passenger Car
30270-10869,1,Waymo LLC,SUV,Proceeding Straight,Proceeding Straight,33.0,"On May [XXX], 2025 at 7:36 AM MT a Waymo Autonomous Vehicle (""Waymo AV"") operating in Chandler, Arizona was in a collision involving an SUV on [XXX] at [XXX]. 
The Waymo AV was traveling northbound on [XXX] in the left lane. As the Waymo AV proceeded through the intersection at [XXX], an SUV traveling westbound on [XXX] emerged from around and behind a stopped heavy truck, entering the intersection and the Waymo AV's lane of travel. The front of the SUV made contact with the passenger side of the Waymo AV. At the time of the impact, the Waymo AV's Level 4 ADS was engaged in autonomous mode. Both vehicles sustained damage.
Waymo is reporting this crash under Request No. 1 of Standing General Order 2021-01 because a vehicle involved was towed away. Waymo may supplement or correct its reporting with additional information as it may become available.",No Injuries Reported,No,Yes,No Passengers in Vehicle,Chandler,AZ ,MAY-2025,07:36,Intersection,Y, , , , , ,"Prior to June 16, 2025 (Amendment 2)",False,Moving,Unclear,Other party,MAY-2025_07:36_Chandler_SUV
30270-10674,1,Waymo LLC,"Other, see Narrative",Proceeding Straight,"Other, see Narrative",33.0,"On May [XXX], 2025 at 11:36 AM MT a Waymo Autonomous Vehicle (""Waymo AV"") operating in Phoenix, Arizona was in a collision involving a wheel and tire on [XXX] near [XXX]. 
The Waymo AV was traveling northbound on [XXX] in the middle lane when the left front wheel from an SUV traveling in the right most lane of [XXX] separated from the SUV and rolled into the Waymo AV's lane of travel. The front driver side of the Waymo AV made contact with the wheel and tire. At the time of the impact, the Waymo AV's Level 4 ADS was engaged in autonomous mode. The Waymo AV sustained damage.
Waymo is reporting this crash under Request No. 1 of Standing General Order 2021-01 because a vehicle involved was towed away. Waymo may supplement or correct its reporting with additional information as it may become available.",No Injuries Reported,No,Yes,No Passengers in Vehicle,Phoenix,AZ ,MAY-2025,11:36,Street,Y, , , , , ,"Prior to June 16, 2025 (Amendment 2)",False,Moving,Unclear,Waymo,"MAY-2025_11:36_Phoenix_Other, see Narrative"
30270-10675,1,Waymo LLC,Passenger Car,Stopped,Stopped,0.0,"On May [XXX], 2025 at 11:42 AM MST a Waymo Autonomous Vehicle (""Waymo AV"") operating in Phoenix, Arizona was in a collision involving a passenger car on [XXX] at [XXX]. 
The Waymo AV was stopped in the second to the right lane facing east on [XXX] in a queue of traffic for a red light at the intersection with N[XXX]. While the Waymo AV remained stopped, a van traveling eastbound in the third to the right lane made contact with a pickup truck traveling directly in front of the van. The van then entered the second to the right lane, and the front of the van made contact with the rear of a passenger car located two vehicles behind the Waymo AV. The front of this passenger car then made contact with the rear of the passenger car stopped directly behind the Waymo AV. The front of that passenger car then made contact with the rear of the Waymo AV. At the time of the impact, the Waymo AV's Level 4 ADS was engaged in autonomous mode. The Waymo AV sustained damage.
Waymo is reporting this crash under Request No. 1 of Standing General Order 2021-01 because a vehicle involved was towed away. Waymo may supplement or correct its reporting with additional information as it may become available.",No Injuries Reported,No,No,Yes,Phoenix,AZ ,MAY-2025,11:42,Street, , ,Y, , , ,"Prior to June 16, 2025 (Amendment 2)",False,Stationary,Other party,Other party,MAY-2025_11:42_Phoenix_Passenger Car
30270-10695,1,Waymo LLC,SUV,"Other, see Narrative",Proceeding Straight,0.0,"On May [XXX], 2025 at 8:50 AM MT a Waymo Autonomous Vehicle (""Waymo AV"") operating in Paradise Valley, Arizona was in a collision involving an animal and subsequently an SUV on [XXX] at [XXX]. 
The Waymo AV was traveling southbound on [XXX] in the leftmost lane, proceeding through a green light at the intersection with [XXX]. As the Waymo AV exited the intersection, a cat crossed [XXX] from the east side of the street, and began to enter the Waymo AV's lane of travel. As the Waymo AV braked, the front of the Waymo AV made contact with the cat, which subsequently ran away, and the Waymo AV came to a stop. The front of an SUV traveling directly behind the Waymo AV then made contact with the right rear of the stationary Waymo AV. A passenger car then braked to a stop behind the Waymo and to the left of the SUV. A second passenger car then made contact with the SUV and the first passenger car. At the time of the impact, the Waymo AV's Level 4 ADS was engaged in autonomous mode. All involved vehicles sustained damage.
Waymo is reporting this crash under Request No. 1 of Standing General Order 2021-01 because a vehicle involved was towed away and because of airbag deployment. Waymo may supplement or correct its reporting with additional information as it may become available.",No Injuries Reported,No,Yes,Yes,Paradise Valley,AZ ,MAY-2025,08:50,Street,Y, , , , , ,"Prior to June 16, 2025 (Amendment 2)",False,Moving,Waymo,Waymo,MAY-2025_08:50_Paradise Valley_SUV
30270-10642,2,Waymo LLC,SUV,Stopped,Passing,0.0,"The content of this report is unchanged from the initial report submitted on May 4, 2025 [REDACTED, MAY CONTAIN CONFIDENTIAL BUSINESS INFORMATION]. 
On May [XXX], 2025 at 3:20 PM CDT a Waymo Autonomous Vehicle (""Waymo AV"") operating in Austin, Texas was in a collision involving a SUV on [XXX] at [XXX]. 
The Waymo AV was traveling eastbound on [XXX] preparing to make a right turn onto [XXX]. The Waymo AV came to a stop prior to making the right turn while yielding to pedestrians in the crosswalk crossing [XXX]. While the Waymo AV was stopped, the SUV traveling behind the Waymo AV passed the Waymo AV on the left and the right rear of the SUV made contact with the left rear of the Waymo AV. At the time of the impact, the Waymo AV's Level 4 ADS was engaged in autonomous mode, and a test driver was present in the driver's seating position. The SUV sustained damage.
Waymo is reporting this crash under Request No. 1 of Standing General Order 2021-01 because a vulnerable road user influenced the driving task of a vehicle involved. Waymo may supplement or correct its reporting with additional information as it may become available.",No Injuries Reported,No,No,Yes,Austin,TX ,MAY-2025,15:20,Street,Y, , , , , ,"Prior to June 16, 2025 (Amendment 2)",False,Stationary,Unclear,Other party,MAY-2025_15:20_Austin_SUV
30270-10836,2,Waymo LLC,Non-Motorist: Other,Proceeding Straight,Making Left Turn,6.0,"The content of this report is unchanged from the initial report submitted on May 18, 2025 [REDACTED, MAY CONTAIN CONFIDENTIAL BUSINESS INFORMATION]. 
On May [XXX], 2025 at 9:49 PM PT a Waymo Autonomous Vehicle (""Waymo AV"") operating in Phoenix, Arizona was involved in a collision involving a vulnerable road user on a scooter (""scooterist"") at the intersection of [XXX] and [XXX].
The Waymo AV was in autonomous mode traveling northbound on [XXX] in the left of two lanes headed straight. As the Waymo AV entered the intersection with [XXX] facing a green light, a scooterist traveling west on [XXX] entered the intersection against the red light and turned left into the path of the Waymo AV. The Waymo AV braked but the scooterist continued forward and made contact with the front bumper of the Waymo AV. After contact, the scooterist left the scene with no reported or apparent injuries. At the time of the impact, the Waymo AV's Level 4 ADS was engaged in autonomous mode. The Waymo AV sustained damage. 
Waymo is reporting this crash under Request No. 1 of Standing General Order 2021-01 because a vulnerable road user was involved. Waymo may supplement or correct its reporting with additional information as it may become available.",No Injuries Reported,No,No,No Passengers in Vehicle,Phoenix,AZ ,MAY-2025,21:49,Intersection,Y, , , , , ,"Prior to June 16, 2025 (Amendment 2)",False,Moving,Unclear,Unclear,MAY-2025_21:49_Phoenix_Non-Motorist: Other
30270-10852,1,Waymo LLC,SUV,Making Left Turn,Proceeding Straight,6.0,"On May [XXX], 2025 at 10:37 PM MST a Waymo Autonomous Vehicle (""Waymo AV"") operating in Phoenix, Arizona was in a collision involving an SUV in the parking lot of [XXX]. 
The Waymo AV was traveling westbound in a parking lot at [XXX] after a passenger pick-up and approached the corner of a building to the right of the Waymo AV. The Waymo AV began a left turn where the parking lot intersects the corner of the building and an SUV traveling southbound emerged from behind the corner of the building. The front passenger side of the Waymo AV made contact with the front driver side of the SUV. At the time of the impact, the Waymo AV's Level 4 ADS was engaged in autonomous mode. Two of the three passengers seated in the Waymo AV were not belted at the time of the collision, which occurred at the start of the trip. Both vehicles sustained damage.
Waymo is reporting this crash under Request No. 1 of Standing General Order 2021-01 because a vehicle involved was towed away. Waymo may supplement or correct its reporting with additional information as it may become available.",No Injuries Reported,No,Yes,"No, see Narrative",Phoenix,AZ ,MAY-2025,22:37,Parking Lot,Y, , , , , ,"Prior to June 16, 2025 (Amendment 2)",False,Moving,Unclear,Waymo,MAY-2025_22:37_Phoenix_SUV