Report ID,Report Version,Reporting Entity,Crash With,SV Pre-Crash Movement,CP Pre-Crash Movement,SV Precrash Speed (MPH),Narrative,Highest Injury Severity Alleged,Any Air Bags Deployed?,Was Any Vehicle Towed?,Were All Passengers Belted?,City,State,Incident Date,Incident Time (24:00),Roadway Type,Weather - Clear,Weather - Cloudy,Weather - Rain,Weather - Snow,Weather - Severe Wind,Weather - Fog/Smoke/Haze,Data Period,Manual Mode at Impact,Waymo Status,Likely Fault,Contact Initiator,Incident_Key
30270-10751,1,Waymo LLC,Pickup Truck,Stopped,Proceeding Straight,0.0,"On May [XXX], 2025 at 11:23 PM MT a Waymo Autonomous Vehicle (""Waymo AV"") operating in Phoenix, Arizona was in a collision involving a pickup truck on [XXX] at [XXX]. 
The Waymo AV was stopped facing west on [XXX] for a red traffic light at the intersection with [XXX]. A pickup truck traveling westbound on [XXX] approached the Waymo AV from behind and the front of the pickup truck made contact with the rear of the stationary Waymo AV. At the time of the impact, the Waymo AV's Level 4 ADS was engaged in autonomous mode. Both vehicles sustained damage.
Waymo is reporting this crash under Request No. 1 of Standing General Order 2021-01 because a vehicle involved was towed away. Waymo may supplement or correct its reporting with additional information as it may become available.",No Injuries Reported,No,Yes,No Passengers in Vehicle,Phoenix,AZ ,MAY-2025,23:23,Intersection,Y, , , , , ,"Prior to June 16, 2025 (Amendment 2)",False,Stationary,Other party,Other party,MAY-2025_23:23_Phoenix_Pickup Truck
30270-10884,1,Waymo LLC,SUV,Stopped,Making Left Turn,0.0,"On May [XXX], 2025 at 7:16 PM CT a Waymo Autonomous Vehicle (""Waymo AV"") operating in Austin, Texas was in a collision involving an SUV on [XXX] at [XXX].
The Waymo AV was stopped facing north on [XXX] for a stop sign at the intersection with [XXX] when an SUV that was traveling westbound on [XXX] proceeded to turn left onto [XXX]. As the SUV was completing its left turn, the driver side of the SUV made contact with the front driver side of the stationary Waymo AV. At the time of the impact, the Waymo AV's Level 4 ADS was engaged in autonomous mode. Both vehicles sustained damage.
Waymo is reporting this crash under Request No. 2 of Standing General Order 2021-01. Waymo may supplement or correct its reporting with additional information as it may become available.",No Injuries Reported,No,No,No Passengers in Vehicle,Austin,TX ,MAY-2025,19:16,Intersection,Y, , , , , ,"Prior to June 16, 2025 (Amendment 2)",False,Stationary,Unclear,Other party,MAY-2025_19:16_Austin_SUV
30270-10863,1,Waymo LLC,"Other, see Narrative",Proceeding Straight,"Other, see Narrative",9.0,"On May [XXX], 2025 at 9:27 AM MT a Waymo Autonomous Vehicle (""Waymo AV"") operating in Chandler, Arizona was in a collision involving an elevated gate track in a parking lot at [XXX]. 
The Waymo AV was traveling eastbound in a parking lot at [XXX] through a gate opening when the bottom of the Waymo AV made contact with the elevated gate track. At the time of the impact, the Waymo AV's Level 4 ADS was engaged in autonomous mode. The Waymo AV sustained damage.
Waymo is reporting this crash under Request No. 1 of Standing General Order 2021-01 because a vehicle involved was towed away. Waymo may supplement or correct its reporting with additional information as it may become available.",No Injuries Reported,No,Yes,No Passengers in Vehicle,Chandler,AZ ,MAY-2025,09:27,Parking Lot,Y, , , , , ,"Prior to June 16, 2025 (Amendment 2)",False,Moving,Unclear,Waymo,"MAY-2025_09:27_Chandler_Other, see Narrative"
30270-1778,1,Waymo LLC,Passenger Car,Stopped,Proceeding Straight,0.0,"On November [XXX], 2021 at 12:39 AM PST a Waymo Autonomous Vehicle ('Waymo AV') operating in Phoenix, AZ was in a collision involving a passenger vehicle at [XXX] and [XXX]. 
The Waymo AV was stopped at a red light on southbound [XXX] at [XXX] when a passenger vehicle struck the Waymo AV's rear bumper. At the time of the impact, the Waymo AV's Level 4 ADS was engaged in autonomous mode, and a test driver was present (in the driver's seating position). The Waymo AV's rear bumper and undercarriage sustained damage, and the passenger vehicle's front bumper and hood sustained damage.
Waymo is reporting this crash under Request No. 1 of Standing General Order 2021-01. Waymo may supplement or correct its reporting with additional information as it may become available. This report was submitted from the Pacific time zone on the required date.",Unknown,No,Yes,Yes,Phoenix,AZ ,NOV-2021,00:39,Intersection,Y, , , , , ,"Prior to June 16, 2025 (Amendment 2)",False,Stationary,Unclear,Other party,NOV-2021_00:39_Phoenix_Passenger Car
30270-1813,1,Waymo LLC,Passenger Car,Stopped,Proceeding Straight,0.0,"The content of this report is unchanged from the initial report submitted on November [XXX], 2021 [Report ID # 30270-1778-1]. 
On November [XXX], 2021 at 12:39 AM PST a Waymo Autonomous Vehicle ('Waymo AV') operating in Phoenix, AZ was in a collision involving a passenger vehicle at [XXX] and [XXX]. 
The Waymo AV was stopped at a red light on southbound [XXX] at [XXX] when a passenger vehicle struck the Waymo AV's rear bumper. At the time of the impact, the Waymo AV's Level 4 ADS was engaged in autonomous mode, and a test driver was present (in the driver's seating position). The Waymo AV's rear bumper and undercarriage sustained damage, and the passenger vehicle's front bumper and hood sustained damage.
Waymo is reporting this crash under Request No. 1 of Standing General Order 2021-01. Waymo may supplement or correct its reporting with additional information as it may become available. This report was submitted from the Pacific time zone on the required date.",Unknown,No,Yes,Yes,Phoenix,AZ ,NOV-2021,00:39,Intersection,Y, , , , , ,"Prior to June 16, 2025 (Amendment 2)",False,Stationary,Unclear,Other party,NOV-2021_00:39_Phoenix_Passenger Car
30270-1923,1,Waymo LLC,Passenger Car,Stopped,Making Right Turn,0.0,"On November [XXX], 2021 at 6:47 PM PST a Waymo Autonomous Vehicle ('Waymo AV') operating in Chandler, AZ was in a collision involving a passenger vehicle at a shopping mall parking lot exit at [XXX]. 
The Waymo AV was attempting a right turn from the [XXX] parking lot onto southbound [XXX] when it began yielding for approaching traffic and came to a stop. A passenger vehicle behind the Waymo AV then struck the rear of the Waymo AV. At the time of the impact, the Waymo AV's Level 4 ADS was engaged in autonomous mode, and a test driver was present (in the driver's seating position). The Waymo AV sustained minor damage, and the passenger vehicle sustained minor damage. 
Waymo is reporting this crash under Request No. 2 of Standing General Order 2021-01. Waymo may supplement or correct its reporting with additional information as it may become available. This report was submitted from the Pacific time zone on the required date.",No Injuries Reported,No,No,Yes,Chandler,AZ ,NOV-2021,18:47,Intersection,Y, , , , , ,"Prior to June 16, 2025 (Amendment 2)",False,Stationary,Unclear,Other party,NOV-2021_18:47_Chandler_Passenger Car
30270-4484,1,Waymo LLC,Heavy Truck,Stopped,Proceeding Straight,0.0,"On November [XXX], 2022 at 8:48 AM PST a Waymo Autonomous Vehicle (Waymo AV) operating in Phoenix, Arizona was in a collision involving a garbage truck on the 500 block of [XXX].
The Waymo AV was traveling eastbound on [XXX] when it encountered a stopped garbage truck traveling westbound. The Waymo AV pulled to the right side of the street and stopped, unable to proceed past the garbage truck and an SUV parked parallel to the curb. The garbage truck then attempted to pass between the Waymo AV and a parked passenger vehicle to the right of the garbage truck, and the garbage truck made contact with the left rear corner of the Waymo AV. At the time of the impact, the Waymo AVs Level 4 ADS was engaged in autonomous mode and the Waymo AV was stationary. The Waymo AV sustained damage.
Waymo is reporting this crash under Request No. 2 of Standing General Order 2021-01. Waymo may supplement or correct its reporting with additional information as it may become available.",No Injuries Reported,No,No,No Passengers in Vehicle,Phoenix,AZ ,NOV-2022,08:48,Street,Y, , , , , ,"Prior to June 16, 2025 (Amendment 2)",False,Stationary,Unclear,Other party,NOV-2022_08:48_Phoenix_Heavy Truck
30270-6854,1,Waymo LLC,"Other, see Narrative",Proceeding Straight,"Other, see Narrative",10.0,"On November [XXX], 2023 at 8:36 PM PT a Waymo Autonomous Vehicle (Waymo AV) operating in Tempe, Arizona was in a collision involving an automatic gate at [XXX].
The Waymo AV was traveling northbound through a parking lot at an apartment complex, heading toward [XXX]. An automatic gate was closing as the Waymo AV approached, and the gate made contact with the rear side sensors of the Waymo AV. At the time of the impact, the Waymo AVs Level 4 ADS was engaged in autonomous mode. The Waymo AV sustained damage.
Waymo is reporting this crash under Request No. 2 of Standing General Order 2021-01. Waymo may supplement or correct its reporting with additional information as it may become available.",No Injuries Reported,No,No,Yes,Tempe,AZ ,NOV-2023,21:36,Parking Lot,Y, , , , , ,"Prior to June 16, 2025 (Amendment 2)",False,Moving,Unclear,Unclear,"NOV-2023_21:36_Tempe_Other, see Narrative"
30270-6838,1,Waymo LLC,"Other, see Narrative",Proceeding Straight,"Other, see Narrative",2.0,"On November [XXX] , 2023 at 10:09 AM PT a Waymo Autonomous Vehicle (Waymo AV) operating in Tempe, Arizona was in a collision involving a chain in a parking lot at [XXX].
The Waymo AV was traveling in a parking lot at [XXX] when it made contact with a hanging chain separating a section of the parking lot. At the time of the impact, the Waymo AVs Level 4 ADS was engaged in autonomous mode. The Waymo AV sustained damage.
Waymo is reporting this crash under Request No. 2 of Standing General Order 2021-01. Waymo may supplement or correct its reporting with additional information as it may become available.",No Injuries Reported,No,No,No Passengers in Vehicle,Tempe,AZ ,NOV-2023,10:09,Parking Lot,Y, , , , , ,"Prior to June 16, 2025 (Amendment 2)",False,Moving,Unclear,Unclear,"NOV-2023_10:09_Tempe_Other, see Narrative"
30270-6765,1,Waymo LLC,Passenger Car,Stopped,Proceeding Straight,0.0,"On November [XXX], 2023 at 5:40 PM PT a Waymo Autonomous Vehicle (Waymo AV) operating in Scottsdale, Arizona was in a collision involving a passenger car on [XXX] and [XXX]. 
The Waymo AV was traveling northbound on [XXX] and was approaching the intersection with [XXX], when it detected an approaching emergency vehicle, which was traveling southbound on [XXX] and approaching the intersection with [XXX]. The Waymo AV braked to a stop soon after passing the nearside crosswalk in an attempt to keep the intersection clear for the emergency vehicle. A passenger vehicle approached from behind and then made contact with the rear of the Waymo AV. At the time of the impact, the Waymo AVs Level 4 ADS was engaged in autonomous mode. Both vehicles sustained damage.
Waymo is reporting this crash under Request No. 1 of Standing General Order 2021-01 because a vehicle involved was towed away. Waymo may supplement or correct its reporting with additional information as it may become available.",No Injuries Reported,No,Yes,Yes,Scottsdale,AZ ,NOV-2023,17:40,Intersection, , ,Y, , , ,"Prior to June 16, 2025 (Amendment 2)",False,Stationary,Other party,Other party,NOV-2023_17:40_Scottsdale_Passenger Car
30270-6853,1,Waymo LLC,Pickup Truck,Stopped,Proceeding Straight,0.0,"On November [XXX], 2023 at 4:06 AM PT a Waymo Autonomous Vehicle (Waymo AV) operating in Austin, Texas was in a collision involving a pickup truck on [XXX] at [XXX].
The Waymo AV was traveling southbound on [XXX] and stopped at a red light on [XXX], preparing to make a right turn onto southbound [XXX]. A pickup truck approached from behind and made contact with the rear of the Waymo AV. At the time of the impact, the Waymo AVs Level 4 ADS was engaged in autonomous mode, and a test driver was present (in the drivers seating position). Both vehicles sustained damage.
Waymo is reporting this crash under Request No. 2 of Standing General Order 2021-01. Waymo may supplement or correct its reporting with additional information as it may become available.",No Injuries Reported,No,No,Yes,Austin,TX ,NOV-2023,04:06,Intersection,Y, , , , , ,"Prior to June 16, 2025 (Amendment 2)",False,Stationary,Other party,Other party,NOV-2023_04:06_Austin_Pickup Truck
30270-9260,1,Waymo LLC,Passenger Car,Making Left Turn,Making Left Turn,20.0,"On November [XXX], 2024 at 9:37 PM PT, a Waymo Autonomous Vehicle (Waymo AV) operating in Tempe, Arizona, was involved in a collision involving a passenger car at the intersection of [XXX] and [XXX].
The Waymo AV was traveling north on [XXX] in left turn lane # 2, preparing to turn left onto westbound [XXX]. Upon completing the proper left turn through a protected left turn green light, a passenger car in left turn lane # 1, veered wide to the right when completing their left turn, and sideswiped the driver side door of the ADV. At the time of the impact, the Waymo AV Level 4 ADS was engaged in autonomous mode. The Waymo AV sustained non-disabling damage to the driver side door, and the passenger car proceeded westbound on [XXX] and left the scene. The Waymo AV was towed for convenience.",No Injuries Reported,No,Yes,No Passengers in Vehicle,Tempe,AZ ,NOV-2024,21:37,Intersection,Y, , , , , ,"Prior to June 16, 2025 (Amendment 2)",False,Moving,Unclear,Unclear,NOV-2024_21:37_Tempe_Passenger Car
30270-9231,1,Waymo LLC,Passenger Car,Proceeding Straight,Changing Lanes,22.0,"On November [XXX], 2024 at 12:07 AM CT a Waymo Autonomous Vehicle (""Waymo AV"") operating in Austin, Texas was in a collision involving a passenger car on [XXX] at [XXX]. 
The Waymo AV was traveling northwest in the dedicated right turn lane on [XXX] approaching the intersection with [XXX] when a passenger car traveling in front of the Waymo AV in the rightmost straight/through lane initiated a right turn into the AV's lane crossing over a single solid white line as the AV was passing.  The passenger side of the passenger car made contact with the driver side of the Waymo AV.  At the time of the impact, the Waymo AV's Level 4 ADS was engaged in autonomous mode.  Both vehicles sustained damage. 
Waymo is reporting this crash under Request No. 1 of Standing General Order 2021-01 because a vehicle involved was towed away. Waymo may supplement or correct its reporting with additional information as it may become available.",No Injuries Reported,No,Yes,Yes,Austin,TX ,NOV-2024,00:07,Street,Y, , , , , ,"Prior to June 16, 2025 (Amendment 2)",False,Moving,Unclear,Other party,NOV-2024_00:07_Austin_Passenger Car
30270-9212,1,Waymo LLC,"Other, see Narrative",Parked,"Other, see Narrative",0.0,"On November [XXX], 2024 at 6:46 AM CT a Waymo Autonomous Vehicle (""Waymo AV"") operating in Austin, Texas was in a collision involving a portable basketball hoop on [XXX] at [XXX]. 
The Waymo AV was parked at the curb facing east on [XXX] when a pickup truck that was dragging a large portable basketball hoop behind it approached the AV from behind, traveling in the eastbound direction. As the pickup truck passed the Waymo AV on the left, the portable basketball hoop made contact with the driver side of the Waymo AV. At the time of the impact, the Waymo AV's Level 4 ADS was engaged in autonomous mode. The Waymo AV sustained damage.
Waymo is reporting this crash under Request No. 1 of Standing General Order 2021-01 because a vehicle involved was towed away. Waymo may supplement or correct its reporting with additional information as it may become available.",No Injuries Reported,No,Yes,No Passengers in Vehicle,Austin,TX ,NOV-2024,06:46,Street,Y, , , , , ,"Prior to June 16, 2025 (Amendment 2)",False,Stationary,Unclear,Other party,"NOV-2024_06:46_Austin_Other, see Narrative"
30270-9203,1,Waymo LLC,SUV,Parked,Proceeding Straight,0.0,"On November [XXX], 2024 at 12:01 PM MT a Waymo Autonomous Vehicle (""Waymo AV"") operating in Phoenix, Arizona was in a collision involving an SUV on [XXX] at [XXX].
The Waymo AV was traveling westbound on [XXX] in a one lane road and came to a stop at the curb for a passenger drop off. A rider in the Waymo AV opened the rear driver side door to exit as an SUV was passing the Waymo AV on the left, and the front passenger side of the SUV made contact with the opened rear driver side door of the Waymo AV. The passenger that was in the vehicle was not belted at the time of the collision, likely because they were at a drop off location and preparing to exit. At the time of the impact, the Waymo AV's Level 4 ADS was engaged in autonomous mode. Both vehicles sustained damage.
Waymo is reporting this crash under Request No. 1 of Standing General Order 2021-01 because a vehicle involved was towed away. Waymo may supplement or correct its reporting with additional information as it may become available.",No Injuries Reported,No,Yes,"No, see Narrative",Phoenix,AZ ,NOV-2024,12:01,Street,Y, , , , , ,"Prior to June 16, 2025 (Amendment 2)",False,Stationary,Unclear,Waymo,NOV-2024_12:01_Phoenix_SUV
30270-9194,2,Waymo LLC,Passenger Car,Proceeding Straight,Entering Traffic,13.0,"Other than a revision to the narrative clarifying the Waymo AV's behavior leading up to the collision, the content of this report is unchanged from the initial report submitted on November 16, 2024 [REDACTED, MAY CONTAIN CONFIDENTIAL BUSINESS INFORMATION]. 
On Friday, November [XXX], 2024 at 06:10 PM MT a Waymo Autonomous Vehicle (""Waymo AV"") operating in Tempe, Arizona was in a collision involving a passenger car on [XXX] near [XXX].
The Waymo AV was traveling northbound on [XXX] approaching [XXX] when a passenger car, exiting a shopping complex, made contact with the rear passenger end of the Waymo AV. The Waymo AV initially detected the passenger car and yielded for the passenger car to allow it to turn onto [XXX]. Instead of turning onto [XXX] immediately, the passenger car creeped forward very slowly indicating that it intended to yield to the Waymo AV and make way for a cyclist passing by on the sidewalk. The Waymo AV predicted that the passenger car would yield in this situation and proceeded past the passenger car. When the Waymo AV was positioned directly in front of the passenger car, the passenger car accelerated out of the shopping center exit and drove into the rear passenger side of the Waymo AV. At the time of the impact, the Waymo AV's Level 4 ADS was engaged in autonomous mode. Both vehicles sustained damage.
Waymo is reporting this crash under Request No. 1 of Standing General Order 2021-01 because a vulnerable road user influenced the driving task of a vehicle involved. Waymo may supplement or correct its reporting with additional information as it may become available.",No Injuries Reported,No,No,No Passengers in Vehicle,Tempe,AZ ,NOV-2024,18:10,Street,Y, , , , , ,"Prior to June 16, 2025 (Amendment 2)",False,Moving,Unclear,Unclear,NOV-2024_18:10_Tempe_Passenger Car
30270-9409,1,Waymo LLC,Passenger Car,Stopped,Traveling Wrong Way,0.0,"On Saturday, November [XXX], 2024 at 1:27 AM MST, a Waymo Autonomous Vehicle (""Waymo AV"") operating in Scottsdale, Arizona was in a collision involving a passenger car on [XXX] at [XXX].
The Waymo AV was traveling north on [XXX] when it encountered a queue of double-parked vehicles in the northbound lane. The Waymo AV began passing the double-parked vehicles on the left, but as it did so the queue of double-parked vehicles began to proceed. The Waymo AV began to merge back into the northbound lane, but a vehicle in the queue then double-parked again before the Waymo AV could fully merge back into the northbound lane. The Waymo AV then began reversing to make space for southbound traffic but came to a stop before completing its reversing maneuver to yield to traffic approaching the Waymo AV from the rear.  A passenger car traveling south on [XXX] then crossed the double yellow line to pass the Waymo AV in the northbound lane. As it did so, the rear passenger side of the passenger car made contact with the rear driver side of the Waymo AV. The passenger was not belted at the time, likely because the AV had just departed its pickup location. At the time of the impact, the Waymo AV's Level 4 ADS was engaged in autonomous mode. The passenger car sustained damage.
Waymo is reporting this crash under Request No. 2 of Standing General Order 2021-01. Waymo may supplement or correct its reporting with additional information as it may become available.",No Injuries Reported,No,No,"No, see Narrative",Scottsdale,AZ ,NOV-2024,01:27,Street,Y, , , , , ,"Prior to June 16, 2025 (Amendment 2)",False,Stationary,Unclear,Other party,NOV-2024_01:27_Scottsdale_Passenger Car
30270-9410,1,Waymo LLC,"Other, see Narrative",Proceeding Straight,"Other, see Narrative",43.0,"On November [XXX], 2024 at 4:25 AM MT a Waymo Autonomous Vehicle (""Waymo AV"") operating in Chandler, Arizona was in a collision involving a street sign on [XXX] at [XXX].
The Waymo AV was traveling northbound on [XXX] and approached a broken street sign that was laying stationary across the Waymo AV's lane of travel. The Waymo AV continued forward and the front bumper made contact with the street sign. At the time of the impact, the Waymo AV's Level 4 ADS was engaged in autonomous mode. The Waymo AV sustained damage.
Waymo is reporting this crash under Request No. 2 of Standing General Order 2021-01. Waymo may supplement or correct its reporting with additional information as it may become available.",No Injuries Reported,No,No,No Passengers in Vehicle,Chandler,AZ ,NOV-2024,04:25,Street, ,Y, , , , ,"Prior to June 16, 2025 (Amendment 2)",False,Moving,Unclear,Waymo,"NOV-2024_04:25_Chandler_Other, see Narrative"
30270-9411,1,Waymo LLC,Van,Stopped,Proceeding Straight,0.0,"On November [XXX], 2024 at 6:44 PM MT a Waymo Autonomous Vehicle (""Waymo AV"") operating in Tempe, Arizona was in a collision involving a van on [XXX] at [XXX].
The Waymo AV was traveling north on [XXX] and came to a stop in the rightmost of two dedicated left turn lanes as the traffic signal changed to red at the intersection with [XXX]. A van located behind the Waymo AV proceeded in the turn lane without stopping and the front bumper of the van made contact with the rear bumper of the Waymo AV.  A passenger in the Waymo AV reported that their back was hurting but that they were not in need of emergency services.  At the time of the impact, the Waymo AV's Level 4 ADS was engaged in autonomous mode. Both vehicles sustained damage. The passenger in the Waymo AV reported a minor injury. 
Waymo is reporting this crash under Request No. 2 of Standing General Order 2021-01.  Waymo may supplement or correct its reporting with additional information as it may become available.",Minor,No,No,Yes,Tempe,AZ ,NOV-2024,18:44,Street,Y, , , , , ,"Prior to June 16, 2025 (Amendment 2)",False,Stationary,Unclear,Other party,NOV-2024_18:44_Tempe_Van
30270-9082,1,Waymo LLC,"Other, see Narrative",Changing Lanes,"Other, see Narrative",20.0,"On November [XXX], 2024 at 8:54 PM MT a Waymo Autonomous Vehicle (Waymo AV) operating in Tempe, Arizona was in a collision involving debris on [XXX] near [XXX]. 
The Waymo AV was entering the leftmost dedicated left turn lane of [XXX] when the front passenger side of the Waymo AV made contact with a small, white metallic debris located in the middle of its lane. At the time of the impact, the Waymo AVs Level 4 ADS was engaged in autonomous mode. The Waymo AV sustained damage.
Waymo is reporting this crash under Request No. 1 of Standing General Order 2021-01 because a vehicle involved was towed away. Waymo may supplement or correct its reporting with additional information as it may become available.",No Injuries Reported,No,Yes,Yes,Tempe,AZ ,NOV-2024,20:54,Street,Y, , , , , ,"Prior to June 16, 2025 (Amendment 2)",False,Moving,Unclear,Waymo,"NOV-2024_20:54_Tempe_Other, see Narrative"
30270-9400,1,Waymo LLC,Pickup Truck,Stopped,Changing Lanes,0.0,"On November [XXX], 2024 at 4:45 PM MT a Waymo Autonomous Vehicle (""Waymo AV"") operating in Phoenix, Arizona was in a collision involving a pickup truck on [XXX] at [XXX].
The Waymo AV was stopped in the leftmost lane facing east on [XXX] in a queue of traffic for a red traffic signal at the intersection with [XXX]. As the queue of traffic began to proceed forward for a green traffic signal, a pickup truck directly behind the Waymo AV proceeded to pass the Waymo AV on the left to enter the beginning of the dedicated left turn lanes.  While the Waymo AV remained stationary in the queue of traffic, the right side of the pickup truck made contact with the rear of the Waymo AV.   At the time of the impact, the Waymo AV's Level 4 ADS was engaged in autonomous mode. Both vehicles sustained damage.
Waymo is reporting this crash under Request No. 2 of Standing General Order 2021-01. Waymo may supplement or correct its reporting with additional information as it may become available.",No Injuries Reported,No,No,Yes,Phoenix,AZ ,NOV-2024,16:45,Street, ,Y, , , , ,"Prior to June 16, 2025 (Amendment 2)",False,Stationary,Other party,Other party,NOV-2024_16:45_Phoenix_Pickup Truck
30270-9417,1,Waymo LLC,Van,Stopped,Proceeding Straight,0.0,"On November [XXX], 2024 at 12:03 AM MT a Waymo Autonomous Vehicle (Waymo AV) operating in Scottsdale, Arizona was in a collision involving a van on [XXX] near [XXX].
The Waymo AV was stopped facing west on [XXX]  for a passenger pick-up. The Waymo AV remained stopped as an oncoming van in the narrow roadway with parked vehicles on both sides of the street approached it. As the oncoming van passed the stopped Waymo AV, the drivers side rear of the van made contact with the drivers side rear of the Waymo AV. At the time of the impact, the Waymo AVs Level 4 ADS was engaged in autonomous mode, and the passenger in the Waymo AV was in the process of putting on their seatbelt after boarding the Waymo AV. The Waymo AV sustained damage. 
Waymo is reporting this crash under Request No. 2 of Standing General Order 2021-01. Waymo may supplement or correct its reporting with additional information as it may become available.",No Injuries Reported,No,No,"No, see Narrative",Scottsdale,AZ ,NOV-2024,00:03,Street,Y, , , , , ,"Prior to June 16, 2025 (Amendment 2)",False,Stationary,Unclear,Other party,NOV-2024_00:03_Scottsdale_Van
30270-9372,1,Waymo LLC,"Other, see Narrative",Making Left Turn,"Other, see Narrative",25.0,"On November [XXX], 2024 at 1:26 PM MT a Waymo Autonomous Vehicle (""Waymo AV"") operating in Phoenix, Arizona was in a collision involving a rock on [XXX] at [XXX].
The Waymo AV was traveling westbound on [XXX] and made a left turn at the intersection onto southbound [XXX]. As the Waymo AV completed its left turn onto [XXX], a rock was in the center of the Waymo AV's lane of travel, and the Waymo AV proceeded to drive over the rock, which made contact with the underside of the Waymo AV. At the time of the impact, the Waymo AV's Level 4 ADS was engaged in autonomous mode. The Waymo AV sustained damage.
Waymo is reporting this crash under Request No. 2 of Standing General Order 2021-01. Waymo may supplement or correct its reporting with additional information as it may become available.",No Injuries Reported,No,No,Yes,Phoenix,AZ ,NOV-2024,13:26,Intersection,Y, , , , , ,"Prior to June 16, 2025 (Amendment 2)",False,Moving,Unclear,Unclear,"NOV-2024_13:26_Phoenix_Other, see Narrative"
30270-9355,1,Waymo LLC,"Other, see Narrative",Proceeding Straight,"Other, see Narrative",35.0,"On November [XXX], 2024 at 12:57 AM MT a Waymo Autonomous Vehicle (""Waymo AV"") operating in Tempe, Arizona was in a collision with a piece of debris on [XXX] near [XXX].
The Waymo AV was traveling westbound on [XXX] in the right lane when the front passenger side of the Waymo AV made contact with a piece of debris that was in the lane of travel. At the time of the impact, the Waymo AV's Level 4 ADS was engaged in autonomous mode. The Waymo AV sustained damage.
Waymo is reporting this crash under Request No. 2 of Standing General Order 2021-01. Waymo may supplement or correct its reporting with additional information as it may become available.",No Injuries Reported,No,No,No Passengers in Vehicle,Tempe,AZ ,NOV-2024,00:57,Street,Y, , , , , ,"Prior to June 16, 2025 (Amendment 2)",False,Moving,Unclear,Waymo,"NOV-2024_00:57_Tempe_Other, see Narrative"
30270-9081,2,Waymo LLC,Pickup Truck,Stopped,Proceeding Straight,0.0,"Waymo received notice that passengers in the Waymo AV alleged injuries of varying severity. One passenger alleged to have sustained a moderate injury, while the other passenger alleged an injury of unspecified severity. This report is being submitted as an update to the initial report submitted on November 12, 2024 [REDACTED, MAY CONTAIN CONFIDENTIAL BUSINESS INFORMATION]. Otherwise, the content of this report is unchanged.
On November [XXX], 2024 at 8:50 AM MT a Waymo Autonomous Vehicle (Waymo AV) operating in Phoenix, Arizona was in a collision involving a pickup truck on [XXX] at [XX]. 
The Waymo AV was stopped for a red light in the leftmost northbound lane of [XXX], preparing to make a U-turn at the intersection with [XXX]. While the Waymo AV remained stopped, a pickup truck traveling at a high rate of speed approached the Waymo AV from behind. The front driver side of the pickup truck made contact with the rear passenger side of the Waymo AV. At the time of the impact, the Waymo AVs Level 4 ADS was engaged in autonomous mode. Both vehicles sustained damage.
Waymo is reporting this crash under Request No. 1 of Standing General Order 2021-01 because a vehicle involved was towed away. Waymo may supplement or correct its reporting with additional information as it may become available.",Moderate,No,Yes,Yes,Phoenix,AZ ,NOV-2024,08:50,Intersection,Y, , , , , ,"Prior to June 16, 2025 (Amendment 2)",False,Stationary,Unclear,Other party,NOV-2024_08:50_Phoenix_Pickup Truck
30270-9430,1,Waymo LLC,Passenger Car,Stopped,Proceeding Straight,0.0,"On November [XXX], 2024 at 4:52 PM MT a Waymo Autonomous Vehicle (Waymo AV) operating in Phoenix, Arizona was in a collision involving a passenger car on [XXX] at [XXX].
The Waymo AV was stopped in traffic for a red light on eastbound [XXX] when a passenger car approached the Waymo AV from behind. The front of the passenger car made contact with the rear of the Waymo AV. At the time of the impact, the Waymo AVs Level 4 ADS was engaged in autonomous mode. Both vehicles sustained damage.
Waymo is reporting this crash under Request No. 2 of Standing General Order 2021-01. Waymo may supplement or correct its reporting with additional information as it may become available.",No Injuries Reported,No,No,No Passengers in Vehicle,Phoenix,AZ ,NOV-2024,16:52,Intersection, ,Y, , , , ,"Prior to June 16, 2025 (Amendment 2)",False,Stationary,Other party,Other party,NOV-2024_16:52_Phoenix_Passenger Car
30270-9442,1,Waymo LLC,"Other, see Narrative",Proceeding Straight,"Other, see Narrative",42.0,"On November [XXX], 2024 at 10:36 PM MT a Waymo Autonomous Vehicle (""Waymo AV"") operating in Chandler, Arizona was in a collision involving a shopping cart at [XXX] near [XXX].
The Waymo AV was traveling north in the leftmost of two northbound lanes on [XXX] near [XXX] when it encountered an empty shopping cart within its lane. The Waymo AV applied braking and the front of the Waymo AV made contact with the shopping cart. At the time of the impact, the Waymo AV's Level 4 ADS was engaged in autonomous mode. The Waymo AV sustained damage.
Waymo is reporting this crash under Request No. 2 of Standing General Order 2021-01. Waymo may supplement or correct its reporting with additional information as it may become available.",No Injuries Reported,No,No,No Passengers in Vehicle,Chandler,AZ ,NOV-2024,22:36,Street,Y, , , , , ,"Prior to June 16, 2025 (Amendment 2)",False,Moving,Waymo,Waymo,"NOV-2024_22:36_Chandler_Other, see Narrative"
30270-9684,1,Waymo LLC,SUV,Stopped,Passing,0.0,"On Sunday, November [XXX], 2024 at 1:27 AM MST, a Waymo Autonomous Vehicle (""Waymo AV"") operating in Scottsdale, Arizona was in a collision involving an SUV on [XXX] at [XXX].
The Waymo AV was stopped facing east on East Indian Plaza for a rider drop-off when an SUV began passing the AV on the left side. As the SUV passed, a rider in the rear driver side passenger seat opened the door of the Waymo AV and the door made contact with the passenger side of the SUV. The passengers were not belted at the time of impact, likely because the AV was conducting a drop-off and the passengers were preparing to exit. At the time of the impact, the Waymo AV's Level 4 ADS was engaged in autonomous mode. Waymo received notice that the SUV sustained damage on December 1, 2024.
Waymo is reporting this crash under Request No. 2 of Standing General Order 2021-01. Waymo may supplement or correct its reporting with additional information as it may become available.",No Injuries Reported,No,No,"No, see Narrative",Scottsdale,AZ ,NOV-2024,01:27,Street,Y, , , , , ,"Prior to June 16, 2025 (Amendment 2)",False,Stationary,Other party,Other party,NOV-2024_01:27_Scottsdale_SUV