Report ID,Report Version,Reporting Entity,Crash With,SV Pre-Crash Movement,CP Pre-Crash Movement,SV Precrash Speed (MPH),Narrative,Highest Injury Severity Alleged,Any Air Bags Deployed?,Was Any Vehicle Towed?,Were All Passengers Belted?,City,State,Incident Date,Incident Time (24:00),Roadway Type,Weather - Clear,Weather - Cloudy,Weather - Rain,Weather - Snow,Weather - Severe Wind,Weather - Fog/Smoke/Haze,Data Period,Manual Mode at Impact,Waymo Status,Likely Fault,Contact Initiator,Incident_Key
30270-11836,1,Waymo LLC,Heavy Truck,Passing,Parked,1.0,"On October 2, 2025 at 4:14 PM MT a Waymo Autonomous Vehicle (""Waymo AV"") operating in Phoenix, Arizona was in a collision involving a heavy truck with a flatbed trailer on E. Indianola Avenue near N. 16th Street. 
The Waymo AV was traveling eastbound on E. Indianola Avenue behind a heavy truck with an attached flatbed trailer when the heavy truck slowed to a stop and parked at the curb on the south side of E. Indianola Avenue near a stop sign at the intersection with N. 16th Street. The Waymo AV slowed to a stop to yield to the parked heavy truck, which was partially in the Waymo AV's lane of travel. The Waymo AV proceeded to maneuver around the left side of the heavy truck and the front right side of the Waymo AV made contact with the rear left side of the flatbed of the heavy truck. At the time of the impact, the Waymo AV's Level 4 ADS was engaged in autonomous mode. The Waymo AV sustained damage. 
Waymo is reporting this crash under Request No. 1 of Standing General Order 2021-01 because a vehicle involved was towed away. Waymo may supplement or correct its reporting with additional information as it may become available.",Property Damage. No Injured Reported,"No Subject Vehicle, No Crash Partner","Yes Subject Vehicle, No Crash Partner",Subject Vehicle - All Belted,Phoenix,AZ ,OCT-2025,16:14,Street,Y, , , , , ,"After June 16, 2025 (Amendment 3)",False,Moving,Unclear,Waymo,OCT-2025_16:14_Phoenix_Heavy Truck
30270-11841,1,Waymo LLC,Passenger Car,Stopped,Proceeding Straight,0.0,"On October 3, 2025 at 9:55 AM EDT a Waymo Autonomous Vehicle (""Waymo AV"") operating in Atlanta, Georgia was in a collision involving a passenger car on James P Brawley Drive at Carter St NW. 
The Waymo AV was traveling northbound on James P Brawley Drive and came to a stop at the stop sign at the intersection with Carter St NW. A passenger car traveling directly behind the Waymo AV proceeded without stopping, and the front driver side of the passenger car then made contact with the rear side of the stationary Waymo AV. First responders arrived at the scene and assisted the rider out of the Waymo AV. An ambulance was called to the scene and Waymo later learned that the rider was transported to the hospital. At the time of the impact, the Waymo AV's Level 4 ADS was engaged in autonomous mode. The Waymo AV sustained damage. The passenger in the Waymo AV was not belted at the time of the collision they were in the process of locating the belt fastener for the seat they were occupying.
Waymo is reporting this crash under Request No. 1 of Standing General Order 2021-01 because an individual involved was transported from the scene to a hospital for medical treatment. Waymo may supplement or correct its reporting with additional information as it may become available.",Moderate W/ Hospitalization,"No Subject Vehicle, No Crash Partner","No Subject Vehicle, No Crash Partner",Subject Vehicle - Not Belted - see Narrative,Atlanta,GA ,OCT-2025,09:55,Intersection,Y, , , , , ,"After June 16, 2025 (Amendment 3)",False,Stationary,Unclear,Other party,OCT-2025_09:55_Atlanta_Passenger Car
30270-11838,1,Waymo LLC,Pickup Truck,Stopped,Proceeding Straight,0.0,"On October 5, 2025 at 9:37 AM MT a Waymo Autonomous Vehicle (""Waymo AV"") operating in Phoenix, Arizona was in a collision involving a pickup truck on E. Oak Street near N. 27th Street. 
The Waymo AV was traveling eastbound on E. Oak Street when it began to slow to a stop to yield to an animal that ran into the roadway from in front of a parked car on the south side of E. Oak Street. As the Waymo AV slowed to a stop, a pickup truck that was traveling eastbound on E. Oak Street behind the Waymo AV approached the Waymo AV from behind and the front of the pickup truck made contact with the rear of the Waymo AV. At the time of the impact, the Waymo AV's Level 4 ADS was engaged in autonomous mode. Both vehicles sustained damage.
Waymo is reporting this crash under Request No. 1 of Standing General Order 2021-01 because a vehicle involved was towed away. Waymo may supplement or correct its reporting with additional information as it may become available.",Property Damage. No Injured Reported,"No Subject Vehicle, No Crash Partner","Yes Subject Vehicle, No Crash Partner",Subject Vehicle - No Passenger In Vehicle,Phoenix,AZ ,OCT-2025,09:37,Street,Y, , , , , ,"After June 16, 2025 (Amendment 3)",False,Stationary,Other party,Other party,OCT-2025_09:37_Phoenix_Pickup Truck
30270-11886,1,Waymo LLC,Passenger Car,Making Left Turn,Making Left Turn,2.0,"On October 10, 2025 at 4:57 PM MT a Waymo Autonomous Vehicle (""Waymo AV"") operating in Tempe, Arizona was in a collision involving a passenger car on E. Rio Salado Parkway at the on-ramp entrance to State Route 101.
The Waymo AV was stopped facing east on E. Rio Salado Parkway in the designated left turn lane for a red light at the intersection with the on-ramp entrance to State Route 101, in autonomous mode and with its left turn signal activated. After the light turned green and westbound traffic cleared, the Waymo AV proceeded to make an unprotected left turn onto the on-ramp entrance to State Route 101. As the Waymo AV was completing the left turn and was exiting the intersection, it began slowing and a passenger car traveling directly behind the Waymo AV approached the Waymo AV from behind, and the front left of the passenger car made contact with the rear of the Waymo AV. The test driver of the Waymo AV transitioned to manual mode immediately after the passenger car made contact with the Waymo AV. At the time of the impact, the Waymo AV's Level 4 ADS was engaged in autonomous mode, and a test driver was present in the driver's seating position. Both vehicles sustained damage.
Waymo is reporting this crash under Request No. 1 of Standing General Order 2021-01 because a vehicle involved was towed away. Waymo may supplement or correct its reporting with additional information as it may become available.",Property Damage. No Injured Reported,"No Subject Vehicle, No Crash Partner","Yes Crash Partner, No Subject Vehicle",Subject Vehicle - All Belted,Tempe,AZ ,OCT-2025,16:57,Intersection, ,Y, , , , ,"After June 16, 2025 (Amendment 3)",False,Moving,Other party,Other party,OCT-2025_16:57_Tempe_Passenger Car
30270-11863,1,Waymo LLC,Pickup Truck,Parked,Backing,0.0,"On October 7, 2025 at 7:10 AM MT a Waymo Autonomous Vehicle (""Waymo AV"") operating in Scottsdale, Arizona was in a collision involving a flatbed pickup truck on N. 54th Street near E. Thunderbird Road. 
The Waymo AV was parked at the curb facing north on the east side of N. 54th Street. A flatbed pickup truck that was stopped facing west in a driveway on the west side of N. 54th Street reversed out of the driveway and across the roadway, and the rear right side of the flatbed made contact with the left side of the stationary Waymo AV. At the time of the impact, the Waymo AV's Level 4 ADS was engaged in autonomous mode. The Waymo AV sustained damage.
Waymo is reporting this crash under Request No. 1 of Standing General Order 2021-01 because a vehicle involved was towed away. Waymo may supplement or correct its reporting with additional information as it may become available.",Property Damage. No Injured Reported,"No Subject Vehicle, No Crash Partner","Yes Subject Vehicle, No Crash Partner",Subject Vehicle - No Passenger In Vehicle,Scottsdale,AZ ,OCT-2025,07:10,Street,Y, , , , , ,"After June 16, 2025 (Amendment 3)",False,Stationary,Unclear,Other party,OCT-2025_07:10_Scottsdale_Pickup Truck
30270-11859,1,Waymo LLC,SUV,Proceeding Straight,Making Left Turn,31.0,"On October 8, 2025 at 2:20 AM MT a Waymo Autonomous Vehicle (""Waymo AV"") operating in Phoenix, Arizona was in a collision involving an SUV on S. 16th Street near E. Hidalgo Avenue. 
The Waymo AV was traveling southbound on S. 16th Street in the leftmost lane. An SUV was traveling southbound, ahead of and to the right of the Waymo AV in the center lane on S. 16th Street. As the Waymo AV continued to proceed straight and approached the SUV, the SUV initiated a left turn from the center lane, crossing the dashed white lane line and entering the Waymo AV's lane of travel. The Waymo AV began braking and maneuvered to the left, and the front left side of the SUV made contact with the right side of the Waymo AV. At the time of the impact, the Waymo AV's Level 4 ADS was engaged in autonomous mode. Both vehicles sustained damage.
Waymo is reporting this crash under Request No. 1 of Standing General Order 2021-01 because a vehicle involved was towed away. Waymo may supplement or correct its reporting with additional information as it may become available.",No Injured Reported,"No Subject Vehicle, No Crash Partner","Yes Subject Vehicle, Yes Crash Partner",Subject Vehicle - No Passenger In Vehicle,Phoenix,AZ ,OCT-2025,02:20,Street,Y, , , , , ,"After June 16, 2025 (Amendment 3)",False,Moving,Unclear,Other party,OCT-2025_02:20_Phoenix_SUV
30270-1192,1,Waymo LLC,Pickup Truck,Stopped,Making Left Turn,0.0,"On September [XXX], 2021 at 1:54 PM PDT, a Waymo Autonomous Vehicle ('Waymo AV') operating in Tempe, AZ was in a collision involving a pickup truck on [XXX] near [XXX]. While in autonomous mode, the Waymo AV began to enter the right lane of a protected double left turn lane ('Lane 2') from northbound [XXX] to westbound [XXX]. A pickup truck heading southbound on [XXX] had completely crossed the double-yellow lines of the northbound double left turn lanes and positioned itself in the left lane of the double turn lane ('Lane 1') facing the wrong direction against traffic and was preparing to make a left turn across Lane 2 and the other two northbound lanes into a shopping center parking lot on the east side of [XXX]. 
The Waymo AV was traveling in Lane 2 when the pickup truck began to initiate its left turn from Lane 1. The Waymo AV braked, and the trained human driver in the Waymo AV (in the driver's seating position), transitioned the vehicle from autonomous to manual mode. As the pickup truck made the left turn, the driver's side panels of the pickup truck made contact with the driver's side rear corner of the Waymo AV causing moderate damage to the Waymo AV. Damage to the pickup is currently unknown. At the time of contact, the Waymo AV was in manual mode.
Waymo is reporting this crash under Request No. 1 of Standing General Order 2021-01 because the Waymo AV was towed from the scene. Waymo may supplement or correct its reporting with additional information as it may become available. This report was submitted from the Pacific time zone on the required date.",No Injuries Reported,No,Yes,Yes,Tempe,AZ ,SEP-2021,13:54,Street,Y, , , , , ,"Prior to June 16, 2025 (Amendment 2)",False,Stationary,Unclear,Other party,SEP-2021_13:54_Tempe_Pickup Truck
30270-1236,1,Waymo LLC,Pickup Truck,Stopped,Making Left Turn,0.0,"Other than the addition of the zip code in which the incident occurred, the content of this report is unchanged from the initial report submitted on September [XXX], 2021 [Report ID # 30270-1192-1]. 
On September [XXX], 2021 at 1:54 PM PDT, a Waymo Autonomous Vehicle ('Waymo AV') operating in Tempe, AZ was in a collision involving a pickup truck on [XXX] near [XXX]. While in autonomous mode, the Waymo AV began to enter the right lane of a protected double left turn lane (""Lane 2"") from northbound [XXX] to westbound [XXX]. A pickup truck heading southbound on [XXX] had completely crossed the double-yellow lines of the northbound double left turn lanes and positioned itself in the left lane of the double turn lane (""Lane 1"") facing the wrong direction against traffic and was preparing to make a left turn across Lane 2 and the other two northbound lanes into a shopping center parking lot on the east side of [XXX]. 
The Waymo AV was traveling in Lane 2 when the pickup truck began to initiate its left turn from Lane 1. The Waymo AV braked, and the trained human driver in the Waymo AV (in the driver's seating position), transitioned the vehicle from autonomous to manual mode. As the pickup truck made the left turn, the driver's side panels of the pickup truck made contact with the driver's side rear corner of the Waymo AV causing moderate damage to the Waymo AV. Damage to the pickup is currently unknown. At the time of contact, the Waymo AV was in manual mode.
Waymo is reporting this crash under Request No. 1 of Standing General Order 2021-01 because the Waymo AV was towed from the scene. Waymo may supplement or correct its reporting with additional information as it may become available. This report was submitted from the Pacific time zone on the required date, which in this case was the next business day after a weekend.",No Injuries Reported,No,Yes,Yes,Tempe,AZ ,SEP-2021,13:54,Street,Y, , , , , ,"Prior to June 16, 2025 (Amendment 2)",False,Stationary,Unclear,Other party,SEP-2021_13:54_Tempe_Pickup Truck
30270-1501,1,Waymo LLC,Passenger Car,Stopped,Backing,0.0,"On September [XXX], 2021 at 1:58 AM PDT a Waymo Autonomous Vehicle ('Waymo AV') operating in Tempe, AZ was in a collision involving a passenger car in a parking lot at [XXX]. 
The Waymo AV was stationary in a parking lot aisle, waiting to pick up passengers. A passenger vehicle on the left of the Waymo AV reversed out of a parking spot and the rear bumper on the driver's side of that vehicle made contact with the Waymo AV's driver's side rear passenger door. The Waymo AV was operating without a human driver, and the Waymo AV's Level 4 ADS was engaged in autonomous mode. The Waymo AV sustained minor damage to its driver's side rear passenger door and the passenger vehicle left the scene before exchanging information.
Waymo is reporting this crash under Request No. 2 of Standing General Order 2021-01. Waymo will supplement or correct its reporting with additional information as it may become available. This report was submitted from the Pacific time zone on the required date.",No Injuries Reported,No,No,No Passengers in Vehicle,Tempe,AZ ,SEP-2021,01:58,Parking Lot,Y, , , , , ,"Prior to June 16, 2025 (Amendment 2)",False,Stationary,Unclear,Other party,SEP-2021_01:58_Tempe_Passenger Car
30270-3786,2,Waymo LLC,Passenger Car,Stopped,Proceeding Straight,0.0,"Other than updating the ADS Version to the correct Waymo ADS generation, and correcting the Were All Passengers Belted? and Property Damage? fields, the content of this report is unchanged from the initial report submitted on September [XXX], 2022 [REDACTED, MAY CONTAIN CONFIDENTIAL BUSINESS INFORMATION]. 
On September [XXX], 2022 at 1:13 PM PST a Waymo Autonomous Vehicle (Waymo AV) operating in Phoenix, Arizona was in a collision involving two passenger cars on [XXX] at [XXX].
The Waymo AV was stopped in traffic at a red light facing West on [XXX]. The passenger car immediately behind the Waymo AV slowed and came to a near stop when a second passenger car approaching from behind made contact with the rear of the first passenger car, causing that car to make contact with the rear of the Waymo AV.
At the time of the impact, the Waymo AVs Level 4 ADS was engaged in autonomous mode, and a test driver was present (in the drivers seating position). All three vehicles sustained damage.
Waymo is reporting this crash under Request No. 1 of Standing General Order 2021-01 because a vehicle involved was towed away, because of airbag deployment, and because an occupant in one of the passenger vehicles was transported for medical attention. Waymo may supplement or correct its reporting with additional information as it may become available.",Unknown,No,Yes,Yes,Phoenix,AZ ,SEP-2022,13:13,Intersection,Y, , , , , ,"Prior to June 16, 2025 (Amendment 2)",False,Stationary,Unclear,Other party,SEP-2022_13:13_Phoenix_Passenger Car
30270-6368,1,Waymo LLC,Pickup Truck,Proceeding Straight,Crossing into Opposing Lane,12.0,"On September [XXX], 2023 at 5:02 PM PT a Waymo Autonomous Vehicle (Waymo AV) operating in Tempe, Arizona was in a collision involving a pickup truck on [XXX] near [XXX].
The Waymo AV was traveling eastbound on [XXX] toward [XXX] when a pickup truck drove alongside the Waymo AV. The passengers side of the pickup truck made contact with the drivers side of the Waymo AV. The pickup truck had been following and overtaking the Waymo AV for several minutes, and the pickup truck passengers occasionally threw items at the Waymo AV. At the time of the impact, the Waymo AVs Level 4 ADS was engaged in autonomous mode. Both vehicles sustained damage.
Waymo is reporting this crash under Request No. 1 of Standing General Order 2021-01 because a vehicle involved was towed away. Waymo may supplement or correct its reporting with additional information as it may become available.",No Injuries Reported,No,Yes,No Passengers in Vehicle,Tempe,AZ ,SEP-2023,17:02,Street,Y, , , , , ,"Prior to June 16, 2025 (Amendment 2)",False,Moving,Unclear,Other party,SEP-2023_17:02_Tempe_Pickup Truck
30270-6516,1,Waymo LLC,Passenger Car,Proceeding Straight,Proceeding Straight,1.0,"On September [XXX], 2023 at 3:07 PM PT a Waymo Autonomous Vehicle (Waymo AV) operating in Tempe, Arizona was in a collision involving a passenger car on [XXX] and [XXX].
The Waymo AV was traveling north on [XXX] when the Waymo AV slowed for stopped traffic ahead. The vehicle immediately behind the Waymo AV made contact with the rear of the Waymo AV. At the time of the impact, the Waymo AVs Level 4 ADS was engaged in autonomous mode. The Waymo AV sustained damage.
Waymo is reporting this crash under Request No. 2 of Standing General Order 2021-01. Waymo may supplement or correct its reporting with additional information as it may become available.",No Injuries Reported,No,No,No Passengers in Vehicle,Tempe,AZ ,SEP-2023,15:07,Street,Y, , , , , ,"Prior to June 16, 2025 (Amendment 2)",False,Moving,Other party,Other party,SEP-2023_15:07_Tempe_Passenger Car
30270-6519,1,Waymo LLC,"Other, see Narrative",Stopped,Backing,0.0,"On September [XXX], 2023 at 7:49 PM PT a Waymo Autonomous Vehicle (Waymo AV) operating in Phoenix, Arizona was in a collision involving a food truck trailer on [XXX] at [XXX].
The Waymo AV stopped facing north on [XXX] after a pickup truck hauling a food truck trailer ahead of the Waymo AV came to a stop. The pickup truck and food truck trailer then began to reverse into the stationary Waymo AV and the left rear bumper of the food truck trailer made contact with the front bumper of the Waymo AV. At the time of the impact, the Waymo AVs Level 4 ADS was engaged in autonomous mode. Both vehicles sustained damage.
Waymo is reporting this crash under Request No. 2 of Standing General Order 2021-01. Waymo may supplement or correct its reporting with additional information as it may become available.",No Injuries Reported,No,No,No Passengers in Vehicle,Phoenix,AZ ,SEP-2023,19:49,Street,Y, , , , , ,"Prior to June 16, 2025 (Amendment 2)",False,Stationary,Unclear,Other party,"SEP-2023_19:49_Phoenix_Other, see Narrative"
30270-6520,1,Waymo LLC,Passenger Car,Stopped,Making Left Turn,0.0,"On September [XXX], 2023 at 1:40 AM PT a Waymo Autonomous Vehicle (Waymo AV) operating in Scottsdale, California was in a collision involving a passenger car in a parking lot on [XXX] at [XXX].
The Waymo AV was stopped in a parking lot when a vehicle exiting a row of parked cars attempted to pass through a narrow space behind the rear of the Waymo AV. The front left bumper of the passenger car made contact with the right rear sensor of the Waymo AV. At the time of the impact, the Waymo AVs Level 4 ADS was engaged in autonomous mode. The Waymo AV sustained damage.
Waymo is reporting this crash under Request No. 2 of Standing General Order 2021-01. Waymo may supplement or correct its reporting with additional information as it may become available.",No Injuries Reported,No,No,Yes,Scottsdale,AZ ,SEP-2023,01:40,Parking Lot,Y, , , , , ,"Prior to June 16, 2025 (Amendment 2)",False,Stationary,Unclear,Other party,SEP-2023_01:40_Scottsdale_Passenger Car
30270-6521,1,Waymo LLC,"Other, see Narrative",Stopped,Backing,0.0,"On September [XXX], 2023 at 10:25 AM PT a Waymo Autonomous Vehicle (Waymo AV) operating in Phoenix, Arizona was in a collision involving a cargo trailer on [XXX] at [XXX].
The Waymo AV was traveling south on [XXX] when a pickup truck hauling a cargo trailer immediately ahead of the Waymo AV stopped and began to reverse. The Waymo AV came to a stop and the rear of the cargo trailer made contact with the front bumper of the Waymo AV. At the time of the impact, the Waymo AVs Level 4 ADS was engaged in autonomous mode. Both vehicles sustained damage.
Waymo is reporting this crash under Request No. 2 of Standing General Order 2021-01. Waymo may supplement or correct its reporting with additional information as it may become available.",No Injuries Reported,No,No,No Passengers in Vehicle,Phoenix,AZ ,SEP-2023,10:25,Street,Y, , , , , ,"Prior to June 16, 2025 (Amendment 2)",False,Stationary,Unclear,Other party,"SEP-2023_10:25_Phoenix_Other, see Narrative"
30270-8887,1,Waymo LLC,Pickup Truck,Parked,Backing,0.0,"On September [XXX], 2024 at 7:55 AM MT a Waymo Autonomous Vehicle (Waymo AV) operating in Phoenix, Arizona was in a collision involving a pickup truck on [XXX] near [XXX]. 
The Waymo AV was parked at the curb on northbound [XXX] when a pickup truck in front of the Waymo AV began to reverse. The rear of the pickup truck made contact with the front of the Waymo AV. At the time of the impact, the Waymo AVs Level 4 ADS was engaged in autonomous mode. The Waymo AV sustained damage.
Waymo is reporting this crash under Request No. 2 of Standing General Order 2021-01. Waymo may supplement or correct its reporting with additional information as it may become available.",No Injuries Reported,No,No,No Passengers in Vehicle,Phoenix,AZ ,SEP-2024,07:55,Street,Y, , , , , ,"Prior to June 16, 2025 (Amendment 2)",False,Stationary,Other party,Other party,SEP-2024_07:55_Phoenix_Pickup Truck
30270-8883,1,Waymo LLC,Pickup Truck,Stopped,Passing,0.0,"On September [XXX], 2024 at 4:09 PM CT a Waymo Autonomous Vehicle (Waymo AV) operating in Austin, Texas was in a collision involving a pickup truck on [XXX] near [XXX]. 
The Waymo AV had stopped to yield to oncoming traffic on eastbound [XXX] with parked vehicles on both sides of the street. While the Waymo AV remained stopped, a pickup truck that had been stopped behind the Waymo AV entered the oncoming lane of eastbound [XXX] to maneuver around the Waymo AV. As the pickup truck was passing the stopped Waymo AV, the passenger side of the pickup truck made contact with the rear driver side of the Waymo AV. At the time of the impact, the Waymo AVs Level 4 ADS was engaged in autonomous mode. Both vehicles sustained damage.
Waymo is reporting this crash under Request No. 2 of Standing General Order 2021-01. Waymo may supplement or correct its reporting with additional information as it may become available.",No Injuries Reported,No,No,No Passengers in Vehicle,Austin,TX ,SEP-2024,16:09,Street,Y, , , , , ,"Prior to June 16, 2025 (Amendment 2)",False,Stationary,Unclear,Other party,SEP-2024_16:09_Austin_Pickup Truck
30270-8881,1,Waymo LLC,Passenger Car,Stopped,Proceeding Straight,0.0,"On September [XXX], 2024 at 10:33 PM MT a Waymo Autonomous Vehicle (Waymo AV) operating in Tempe, Arizona was in a collision involving a passenger car on [XXX] at [XXX]. 
The Waymo AV was traveling northbound on [XXX] and came to a stop in a queue of traffic for a red light at the intersection with [XXX]. While the Waymo AV remained stopped, a passenger car approached the Waymo AV from behind, and the front of the passenger car made contact with the rear of the Waymo AV. At the time of the impact, the Waymo AVs Level 4 ADS was engaged in autonomous mode. The Waymo AV sustained damage.
Waymo is reporting this crash under Request No. 2 of Standing General Order 2021-01. Waymo may supplement or correct its reporting with additional information as it may become available.",No Injuries Reported,No,No,No Passengers in Vehicle,Tempe,AZ ,SEP-2024,22:33,Street,Y, , , , , ,"Prior to June 16, 2025 (Amendment 2)",False,Stationary,Other party,Other party,SEP-2024_22:33_Tempe_Passenger Car
30270-8859,1,Waymo LLC,SUV,Stopped,Changing Lanes,0.0,"On September [XXX], 2024 at 10:05 AM MT a Waymo Autonomous Vehicle (Waymo AV) operating in Phoenix, Arizona was in a collision involving a SUV on [XXX] at [XXX].
The Waymo AV was traveling eastbound in the leftmost straight lane on [XXX] and came to a stop in a queue of traffic for a red light at the intersection with [XXX]. The SUV traveling behind the Waymo AV began merging to the left turn lane at the same time a pickup truck was traveling in that lane, and the driver side of the SUV made contact with the passenger side of the pickup truck. After making contact with the pickup truck, the SUV swerved into the stationary Waymo AV, and the front passenger side of the SUV made contact with the rear driver side of the Waymo AV. At the time of the impact, the Waymo AVs Level 4 ADS was engaged in autonomous mode. All vehicles involved sustained damage.
Waymo is reporting this crash under Request No. 2 of Standing General Order 2021-01. Waymo may supplement or correct its reporting with additional information as it may become available.",No Injuries Reported,No,No,Yes,Phoenix,AZ ,SEP-2024,10:05,Street,Y, , , , , ,"Prior to June 16, 2025 (Amendment 2)",False,Stationary,Unclear,Other party,SEP-2024_10:05_Phoenix_SUV
30270-8858,1,Waymo LLC,SUV,Stopped,Proceeding Straight,0.0,"On September [XXX], 2024 at 6:17 AM MT a Waymo Autonomous Vehicle (Waymo AV) operating in Phoenix, Arizona was in a collision involving an SUV on [XXX] near [XXX]. 
The Waymo AV was parked at the curb in the eastbound lane on [XXX] for a passenger pickup. An SUV traveling westbound on [XXX] slowly approached the Waymo AV, and as the SUV passed the Waymo AV, the front driver side of the SUV made contact with the rear driver side of the Waymo AV. At the time of the impact, the Waymo AVs Level 4 ADS was engaged in autonomous mode. The Waymo AV sustained damage.
Waymo is reporting this crash under Request No. 2 of Standing General Order 2021-01. Waymo may supplement or correct its reporting with additional information as it may become available.",No Injuries Reported,No,No,No Passengers in Vehicle,Phoenix,AZ ,SEP-2024,06:17,Street,Y, , , , , ,"Prior to June 16, 2025 (Amendment 2)",False,Stationary,Unclear,Other party,SEP-2024_06:17_Phoenix_SUV
30270-8750,1,Waymo LLC,Passenger Car,Proceeding Straight,Proceeding Straight,28.0,"On September [XXX], 2024 at 10:00 AM MT a Waymo Autonomous Vehicle (""Waymo AV"") operating in Tempe, Arizona was in a collision involving a passenger car on [XXX] at [XXX]. 
The Waymo AV was traveling westbound in the rightmost lane of [XXX] as it approached a T-intersection with [XXX]. In this intersection, [XXX] is the continuing road, [XXX] is the terminating road, and there is a stop sign for traffic entering the intersection from [XXX]. A passenger car traveling southbound on [XXX] began to slowly proceed straight into [XXX], entering the rightmost lane as the Waymo AV was proceeding straight. The front driver side of the passenger car made contact with the front passenger side of the Waymo AV. At the time of the impact, the Waymo AV's Level 4 ADS was engaged in autonomous mode. Both vehicles sustained damage.
Waymo is reporting this crash under Request No. 1 of Standing General Order 2021-01 because airbags deployed and a vehicle involved was towed away. Waymo may supplement or correct its reporting with additional information as it may become available.",No Injuries Reported,Yes,Yes,No Passengers in Vehicle,Tempe,AZ ,SEP-2024,10:00,Street,Y, , , , , ,"Prior to June 16, 2025 (Amendment 2)",False,Moving,Unclear,Other party,SEP-2024_10:00_Tempe_Passenger Car
30270-8823,2,Waymo LLC,Passenger Car,Proceeding Straight,Changing Lanes,44.0,"Waymo is submitting this updated report to correct an erroneously reported VIN for the Waymo AV. This updated report is being submitted the same day the original report was submitted, on the monthly reporting due date of October 15, 2024. The remainder of the report and narrative is unchanged.
On September [XXX], 2024 at 4:26 PM CT a Waymo Autonomous Vehicle (Waymo AV) operating in Austin, Texas was in a collision involving a passenger car on [XXX] near [XXX]. 
The Waymo AV was traveling westbound on [XXX] in the middle lane of a three lane road. A passenger car in the left most lane merged onto [XXX] and changed lanes into the Waymo AV in the middle lane. The passenger side and front corner of the passenger car made contact with the driver side of the Waymo AV. At the time of the impact, the Waymo AVs Level 4 ADS was engaged in autonomous mode, and a test driver was present. Both vehicles sustained damage.
Waymo is reporting this crash under Request No. 2 of Standing General Order 2021-01. Waymo may supplement or correct its reporting with additional information as it may become available.",Minor,No,No,Yes,Austin,TX ,SEP-2024,16:26,Street, ,Y, , , , ,"Prior to June 16, 2025 (Amendment 2)",False,Moving,Unclear,Other party,SEP-2024_16:26_Austin_Passenger Car
30270-8826,1,Waymo LLC,Passenger Car,Crossing into Opposing Lane,Making Left Turn,17.0,"On September [XXX], 2024 at 5:41 AM MT a Waymo Autonomous Vehicle (Waymo AV) operating in Phoenix, Arizona was in a collision involving a passenger car on [XXX] and [XXX].
The Waymo AV was traveling northbound on [XXX] approaching the intersection with [XXX]. As the Waymo AV proceeded through the intersection, the passenger car entered the intersection from westbound [XXX] onto southbound [XXX] without stopping at the stop sign.  The front driver side bumper of the passenger car made contact with the passenger side of the Waymo AV. At the time of the impact, the Waymo AVs Level 4 ADS was engaged in autonomous mode. Both vehicles sustained damage.
Waymo is reporting this crash under Request No. 2 of Standing General Order 2021-01. Waymo may supplement or correct its reporting with additional information as it may become available.",No Injuries Reported,No,No,No Passengers in Vehicle,Phoenix,AZ ,SEP-2024,05:41,Intersection,Y, , , , , ,"Prior to June 16, 2025 (Amendment 2)",False,Moving,Unclear,Other party,SEP-2024_05:41_Phoenix_Passenger Car
30270-8832,2,Waymo LLC,"Other, see Narrative",Stopped,Making Right Turn,0.0,"Waymo is submitting this updated report to correct an erroneously reported VIN for the Waymo AV. This updated report is being submitted the same day the original report was submitted, on the monthly reporting due date of October 15, 2024. The remainder of the report and narrative is unchanged.
On September[XXX], 2024 at 6:52 AM CT a Waymo Autonomous Vehicle (Waymo AV) operating in Austin, Texas was in a collision involving a heavy trucks trailer near [XXX] and [XXX].
The Waymo AV was in the driveway of a business park in the inner lane near the curb preparing to turn right onto [XXX] with a heavy truck in the left lane next to the Waymo AV, preparing to also turn right onto [XXX]. The Waymo AV was stationary while yielding to the heavy truck and trailer making a right turn from the outer left lane when the trailers rear passenger side and rear tires made contact with the driver side front of the Waymo AV. At the time of the impact, the Waymo AVs Level 4 ADS was engaged in autonomous mode. Both vehicles sustained damage.
Waymo is reporting this crash under Request No. 2 of Standing General Order 2021-01. Waymo may supplement or correct its reporting with additional information as it may become available.",No Injuries Reported,No,No,No Passengers in Vehicle,Austin,TX ,SEP-2024,06:52,Intersection, ,Y, , , , ,"Prior to June 16, 2025 (Amendment 2)",False,Stationary,Unclear,Other party,"SEP-2024_06:52_Austin_Other, see Narrative"
30270-8809,1,Waymo LLC,Other Fixed Object,Making Right Turn,,1.0,"On September [XXX], 2024 at 10:02 PM MT a Waymo Autonomous Vehicle (Waymo AV) operating in Scottsdale, Arizona was in a collision involving a temporary lane control sign on [XXX] near [XXX].
At this section of [XXX] at this time, the roadway was under construction, there were no lane markings, and lane usage was defined with temporary lane control signage and traffic cones within the roadway. The Waymo AV was exiting a parking lot, making a right turn onto northbound [XXX]. As the Waymo AV was completing the right turn, the front of the Waymo AV made contact with a road sign placed in the roadway between the right turning lane and center straight lane. At the time of the impact, the Waymo AVs Level 4 ADS was engaged in autonomous mode. The Waymo AV sustained damage.
Waymo is reporting this crash under Request No. 2 of Standing General Order 2021-01. Waymo may supplement or correct its reporting with additional information as it may become available.",No Injuries Reported,No,No,Yes,Scottsdale,AZ ,SEP-2024,22:02,Street,Y, , , , , ,"Prior to June 16, 2025 (Amendment 2)",False,Moving,Waymo,Waymo,SEP-2024_22:02_Scottsdale_Other Fixed Object