Report ID,Report Version,Reporting Entity,Crash With,SV Pre-Crash Movement,CP Pre-Crash Movement,SV Precrash Speed (MPH),Narrative,Highest Injury Severity Alleged,Any Air Bags Deployed?,Was Any Vehicle Towed?,Were All Passengers Belted?,City,State,Incident Date,Incident Time (24:00),Roadway Type,Weather - Clear,Weather - Cloudy,Weather - Rain,Weather - Snow,Weather - Severe Wind,Weather - Fog/Smoke/Haze,Data Period,Manual Mode at Impact,Waymo Status,Likely Fault,Contact Initiator,Incident_Key
30270-8833,1,Waymo LLC,"Other, see Narrative",Proceeding Straight,Backing,3.0,"On September [XXX], 2024 at 4:10 PM MT a Waymo Autonomous Vehicle (Waymo AV) operating in Phoenix, Arizona was in a collision involving a forklift on  [XXX] at [XXX].
The Waymo AV was traveling southbound on [XXX] when it approached a truck and trailer on the right side of the roadway parked parallel to the curb, and a forklift on the left side of the roadway oriented towards the east side of the road. The Waymo AV proceeded straight between the two vehicles and the forklift began reversing while the Waymo AV was between both vehicles, and the rear of the forklift made contact with the driver side of the Waymo AV. At the time of the impact, the Waymo AVs Level 4 ADS was engaged in autonomous mode. The Waymo AV sustained damage.
Waymo is reporting this crash under Request No. 2 of Standing General Order 2021-01. Waymo may supplement or correct its reporting with additional information as it may become available.",No Injuries Reported,No,No,No Passengers in Vehicle,Phoenix,AZ ,SEP-2024,23:10,Street,Y, , , , , ,"Prior to June 16, 2025 (Amendment 2)",False,Moving,Unclear,Other party,"SEP-2024_23:10_Phoenix_Other, see Narrative"
30270-8890,1,Waymo LLC,Passenger Car,Stopped,Proceeding Straight,0.0,"On September [XXX], 2024 at 5:44 AM MT a Waymo Autonomous Vehicle (Waymo AV) operating in Tempe, Arizona was in a collision involving a passenger car on [XXX] at [XXX].
The Waymo AV was stopped in a queue of traffic in the left turn lane of eastbound [XXX] for a red light at the intersection with [XXX]. A passenger car approached the Waymo AV from behind, and the front of the passenger car made contact with the rear of the Waymo AV. At the time of the impact, the Waymo AVs Level 4 ADS was engaged in autonomous mode. The Waymo AV sustained damage.
Waymo is reporting this crash under Request No. 2 of Standing General Order 2021-01. Waymo may supplement or correct its reporting with additional information as it may become available.",No Injuries Reported,No,No,Yes,Tempe,AZ ,SEP-2024,05:44,Street,Y, , , , , ,"Prior to June 16, 2025 (Amendment 2)",False,Stationary,Other party,Other party,SEP-2024_05:44_Tempe_Passenger Car
30270-8673,2,Waymo LLC,Passenger Car,Making Right Turn,Proceeding Straight,6.0,"Other than updating the Waymo AV's mileage in this report, the content of this report is unchanged from the initial report submitted on September 22, 2024 [REDACTED, MAY CONTAIN CONFIDENTIAL BUSINESS INFORMATION].
On September [XXX], 2024 at 1:34 AM MT a Waymo Autonomous Vehicle (Waymo AV) operating in Phoenix, Arizona was in a collision involving a passenger car on [XXX] at an alleyway just south of [XXX]. 
The Waymo AV was traveling southbound in the rightmost lane of [XXX] and began to slow in preparation for a right turn into the upcoming alleyway. As the Waymo AV approached the turn, two pedestrians located on the west sidewalk of [XXX] began to approach the intersection with the alleyway. The Waymo AV continued slowing to yield to the pedestrians when the front of the passenger car following the Waymo AV made contact with the rear of the Waymo AV. At the time of the impact, the Waymo AVs Level 4 ADS was engaged in autonomous mode. Both vehicles sustained damage.
Waymo is reporting this crash under Request No. 1 of Standing General Order 2021-01 because a vulnerable road user influenced the driving task of a vehicle involved. Waymo may supplement or correct its reporting with additional information as it may become available.",No Injuries Reported,No,Yes,No Passengers in Vehicle,Phoenix,AZ ,SEP-2024,01:34,Intersection,Y, , , , , ,"Prior to June 16, 2025 (Amendment 2)",False,Moving,Other party,Other party,SEP-2024_01:34_Phoenix_Passenger Car
30270-8661,1,Waymo LLC,"Other, see Narrative",Proceeding Straight,"Other, see Narrative",1.0,"On September [XXX], 2024 at 7:14 AM MT a Waymo Autonomous Vehicle (""Waymo AV"") operating in Tempe, Arizona was in a collision involving a fallen construction barricade at the entrance to a parking lot on [XXX]. 
The Waymo AV was traveling northbound on [XXX] and began to make a left turn into the entrance of a parking lot that had folding construction barricades present. The AV originally started to reroute due to the barricades, then the passenger requested a dropoff pullover. The Waymo AV re-entered the parking lot entrance to perform the requested pullover and drove over a folded construction sign laying flat on the ground. As the Waymo AV drove over the foldable barricade, the barricade expanded and made contact with the passenger side of the Waymo AV. At the time of the impact, the Waymo AV's Level 4 ADS was engaged in autonomous mode. The Waymo AV sustained damage.
Waymo is reporting this crash under Request No. 1 of Standing General Order 2021-01 because a vehicle involved was towed away. Waymo may supplement or correct its reporting with additional information as it may become available.",No Injuries Reported,No,Yes,Yes,Tempe,AZ ,SEP-2024,07:14,Parking Lot,Y, , , , , ,"Prior to June 16, 2025 (Amendment 2)",False,Moving,Unclear,Other party,"SEP-2024_07:14_Tempe_Other, see Narrative"
30270-8849,1,Waymo LLC,Pickup Truck,Stopped,Proceeding Straight,0.0,"On September [XXX], 2024 at 6:22 PM MT a Waymo Autonomous Vehicle (Waymo AV) operating in Phoenix, Arizona was in a collision involving a pickup truck on [XXX] near [XXX].
The Waymo AV was traveling westbound on [XXX] and came to a stop in a queue of traffic for a red traffic light with a pickup truck stopped behind the Waymo AV. While the Waymo AV remained stationary at the red traffic light, the pickup truck began driving forward and the front bumper of the pickup truck made contact with the rear bumper of the Waymo AV. At the time of the impact, the Waymo AVs Level 4 ADS was engaged in autonomous mode. Both vehicles sustained damage.
Waymo is reporting this crash under Request No. 2 of Standing General Order 2021-01. Waymo may supplement or correct its reporting with additional information as it may become available.",No Injuries Reported,No,No,No Passengers in Vehicle,Phoenix,AZ ,SEP-2024,18:22,Street, ,Y, , , , ,"Prior to June 16, 2025 (Amendment 2)",False,Stationary,Unclear,Other party,SEP-2024_18:22_Phoenix_Pickup Truck
30270-8835,1,Waymo LLC,SUV,Making Left Turn,Changing Lanes,18.0,"On September [XXX] 2024 at 6:51 PM MT a Waymo Autonomous Vehicle (Waymo AV) operating in Mesa, Arizona was in a collision involving a passenger car on [XXX] at [XXX]. 
The Waymo AV was traveling southbound on [XXX] in the center lane of three lanes after it made a left turn from the second, rightmost left turning lane on [XXX]. Simultaneously, a passenger car made a left turn from the leftmost lane to the center lane of [XXX]. The passenger side of the passenger car then made contact with the driver side of the Waymo AV.  At the time of the impact, the Waymo AVs Level 4 ADS was engaged in autonomous mode. Both vehicles sustained damage. Two of the three passengers in the Waymo AV were not belted at the time of the collision.
Waymo is reporting this crash under Request No. 2 of Standing General Order 2021-01. Waymo may supplement or correct its reporting with additional information as it may become available.",No Injuries Reported,No,No,"No, see Narrative",Mesa,AZ ,SEP-2024,18:51,Intersection, ,Y, , , , ,"Prior to June 16, 2025 (Amendment 2)",False,Moving,Unclear,Other party,SEP-2024_18:51_Mesa_SUV
30270-8760,1,Waymo LLC,Passenger Car,Stopped,Proceeding Straight,0.0,"On September [XXX], 2024 at 10:50 PM MT a Waymo Autonomous Vehicle (""Waymo AV"") operating in Tempe, Arizona was in a collision involving a passenger car on [XXX] at [XXX]. 
The Waymo AV was traveling westbound on [XXX] when it slowed to a stop in a queue of traffic for a red light at the intersection with [XXX]. While the Waymo AV remained stationary, a passenger car approached from behind the Waymo AV, and the front of the passenger car made contact with the rear of the Waymo AV. At the time of the impact, the Waymo AV's Level 4 ADS was engaged in autonomous mode, and a test driver was present in the driver's seating  position. Both vehicles sustained damage.
Waymo is reporting this crash under Request No. 1 of Standing General Order 2021-01 because a vehicle involved was towed away. Waymo may supplement or correct its reporting with additional information as it may become available.",No Injuries Reported,No,Yes,Yes,Tempe,AZ ,SEP-2024,22:50,Intersection,Y, , , , , ,"Prior to June 16, 2025 (Amendment 2)",False,Stationary,Other party,Other party,SEP-2024_22:50_Tempe_Passenger Car
30270-11805,1,Waymo LLC,Other Fixed Object,Proceeding Straight,,8.0,"On September 20, 2025 at 10:37 AM CT a Waymo Autonomous Vehicle (""Waymo AV"") operating in Austin, Texas was in a collision involving a chain at a parking lot located near 2617 Speedway. 
The Waymo AV was traveling westbound through a collection of parking lots behind 2617 Speedway when it proceeded to the west exit of the parking lot area and the front of the Waymo AV made contact with a hanging chain separating a section of the parking lot. At the time of the impact, the Waymo AV's Level 4 ADS was engaged in autonomous mode. The chain sustained damage.
Waymo is reporting this crash under Request No. 2 of Standing General Order 2021-01. Waymo may supplement or correct its reporting with additional information as it may become available.",Property Damage. No Injured Reported,"No Subject Vehicle, No Crash Partner","No Subject Vehicle, No Crash Partner",Subject Vehicle - No Passenger In Vehicle,Austin,TX ,SEP-2025,10:37,Parking Lot,Y, , , , , ,"After June 16, 2025 (Amendment 3)",False,Moving,Waymo,Waymo,SEP-2025_10:37_Austin_Other Fixed Object
30270-11802,1,Waymo LLC,"Other, see Narrative",Proceeding Straight,"Other, see Narrative",13.0,"On September 26, 2025 at 3:05 PM MT a Waymo Autonomous Vehicle (""Waymo AV"") operating in Phoenix, Arizona traveled through water on N. 14th Street at E. Desert Park Lane. 
The Waymo AV was traveling southbound on N. 14th Street when it encountered water in the roadway across N. 14th street. As the Waymo AV entered the water, the front and undercarriage of the Waymo AV made contact with the water. At the time of the impact, the Waymo AV's Level 4 ADS was engaged in autonomous mode. The Waymo AV sustained damage.
Waymo is reporting this crash under Request No. 1 of Standing General Order 2021-01 because a vehicle involved was towed away. Waymo may supplement or correct its reporting with additional information as it may become available.",Property Damage. No Injured Reported,"No Subject Vehicle, No Crash Partner","Yes Subject Vehicle, No Crash Partner",Subject Vehicle - No Passenger In Vehicle,Phoenix,AZ ,SEP-2025,15:05,Intersection, , ,Y, , , ,"After June 16, 2025 (Amendment 3)",False,Moving,Unclear,Waymo,"SEP-2025_15:05_Phoenix_Other, see Narrative"
30270-11794,1,Waymo LLC,Pickup Truck,Proceeding Straight,Proceeding Straight,19.0,"On September 27, 2025 at 2:44 AM ET a Waymo Autonomous Vehicle (""Waymo AV"") operating in Atlanta, Georgia was in a collision involving a pickup truck on Courtland Street NE at Andrew Young International Boulevard NE. 
The Waymo AV was traveling southbound on Courtland Street NE in the second to the left lane. As the Waymo proceeded through a green light at the intersection with Andrew Young International Boulevard NE, a passenger car that was traveling westbound in the rightmost lane on Andrew Young International Boulevard NE proceeded through the intersection at Courtland Street against a red light without stopping. The front of the passenger car made contact with the left side of a pickup truck that was traveling southbound in the leftmost lane on Courtland Street NE. The right side of the pickup truck then made contact with the left side of the Waymo AV. At the time of the impact, the Waymo AV's Level 4 ADS was engaged in autonomous mode. The Waymo AV, the passenger car, and the pickup truck sustained damage. The passenger in the Waymo AV alleged minor injuries and was transported to a hospital in an ambulance.
Waymo is reporting this crash under Request No. 1 of Standing General Order 2021-01 because an individual involved was transported from the scene to a hospital for medical treatment, vehicles involved were towed away, and airbags were deployed. Waymo may supplement or correct its reporting with additional information as it may become available.",Minor W/ Hospitalization,"Yes Crash Partner, No Subject Vehicle","Yes Subject Vehicle, Yes Crash Partner",Subject Vehicle - All Belted,Atlanta,GA ,SEP-2025,02:42,Intersection,Y, , , , , ,"After June 16, 2025 (Amendment 3)",False,Moving,Unclear,Other party,SEP-2025_02:42_Atlanta_Pickup Truck
30270-11806,1,Waymo LLC,Non-Motorist: Cyclist,Proceeding Straight,Entering Traffic,19.0,"On September 30, 2025 at 2:56 PM ET a Waymo Autonomous Vehicle (""Waymo AV"") operating in Atlanta, Georgia was in a collision involving a cyclist on Griffin Street near Donald Lee Hollowell Parkway NW. 
A Waymo AV was traveling north on Griffin Street near the intersection with the Donald Lee Hollowell Parkway NW when it approached the Westside Beltline Connector shared use bicycle/pedestrian trail. As the AV approached the crossing with the trail, a cyclist traveling east on the trail approached the crossing with the roadway and continued into the roadway without stopping at the stop sign controlling bicycle traffic from the trail. The bicycle then made contact with the rear driver side of the Waymo AV and the impact caused the cyclist to fall from their bicycle. At the time of the impact, the Waymo AV's Level 4 ADS was engaged in autonomous mode. The Waymo AV and the bicycle sustained damage.
Waymo is reporting this crash under Request No. 1 of Standing General Order 2021-01 because a vehicle involved was towed away and an individual involved was transported from the scene to a hospital for medical treatment. Waymo may supplement or correct its reporting with additional information as it may become available.",Minor W/ Hospitalization,"No Subject Vehicle, No Crash Partner","Yes Subject Vehicle, No Crash Partner",Subject Vehicle - No Passenger In Vehicle,Atlanta,GA ,SEP-2025,14:56,Street,Y, , , , , ,"After June 16, 2025 (Amendment 3)",False,Moving,Unclear,Other party,SEP-2025_14:56_Atlanta_Non-Motorist: Cyclist
30270-11840,1,Waymo LLC,Animal,Proceeding Straight,"Other, see Narrative",26.0,"On September 15, 2025 at 11:34 PM CT a Waymo Autonomous Vehicle (""Waymo AV"") operating in Austin, Texas was in a collision involving a domestic animal on Santa Rosa Street near Julian Teran Street. 
The Waymo AV was traveling eastbound on a narrow portion of Santa Rosa Street with vehicles parked at the curb in both directions. A domestic animal emerged from behind a vehicle that was parked on the north side of Santa Rosa Street and entered the Waymo AV's lane of travel, and the front of the Waymo AV made contact with the domestic animal, which appears to be a cat. At the time of the impact, the Waymo AV's Level 4 ADS was engaged in autonomous mode. The domestic animal sustained injuries.
Waymo is reporting this crash under Request No. 2 of Standing General Order 2021-01. Waymo may supplement or correct its reporting with additional information as it may become available.",Unknown,"No Subject Vehicle, No Crash Partner","No Subject Vehicle, No Crash Partner",Subject Vehicle - All Belted,Austin,TX ,SEP-2025,23:34,Street,Y, , , , , ,"After June 16, 2025 (Amendment 3)",False,Moving,Waymo,Waymo,SEP-2025_23:34_Austin_Animal
30270-11850,1,Waymo LLC,SUV,Proceeding Straight,Proceeding Straight,1.0,"On September 24, 2025 at 8:40 AM CT a Waymo Autonomous Vehicle (""Waymo AV"") operating in Austin, Texas was in a collision involving an SUV on Burnet Road at Buell Avenue. 
The Waymo AV was traveling southbound in the left lane on Burnet Road when it came to a stop at a red light at the intersection at Buell Avenue. As the traffic light turned green and traffic ahead advanced, the Waymo AV initially proceeded forward and then began to slow before entering the intersection, after detecting a siren from an emergency vehicle. As the Waymo AV was slowing, an SUV approached the Waymo AV from behind and the front of the SUV made contact with the rear of the Waymo AV. At the time of the impact, the Waymo AV's Level 4 ADS was engaged in autonomous mode. Both vehicles sustained damage.
Waymo is reporting this crash under Request No. 2 of Standing General Order 2021-01. Waymo may supplement or correct its reporting with additional information as it may become available.",Property Damage. No Injured Reported,"No Subject Vehicle, No Crash Partner","No Subject Vehicle, No Crash Partner",Subject Vehicle - No Passenger In Vehicle,Austin,TX ,SEP-2025,08:40,Intersection,Y, , , , , ,"After June 16, 2025 (Amendment 3)",False,Moving,Other party,Other party,SEP-2025_08:40_Austin_SUV
30270-11792,1,Waymo LLC,Pickup Truck,Proceeding Straight,Backing,17.0,"On September 26, 2025 at 8:01 AM ET a Waymo Autonomous Vehicle (""Waymo AV"") operating in Atlanta, Georgia was in a collision involving a pickup truck on Ivan Allen Jr. Boulevard NW at Magnum Street NW. 
The Waymo AV was traveling westbound in the left lane on Ivan Allen Jr. Boulevard NW. A pickup truck that was traveling eastbound in the left turn lane on Ivan Allen Jr. Boulevard NW initiated a U-turn onto westbound Ivan Allen Jr. Boulevard NW at the intersection with Magnum Street NW. As the pickup truck was completing its U-turn, it stopped facing northwest in the right lane on Ivan Allen Jr. Boulevard NW, unable to complete the turn due to the north side sidewalk. As the Waymo AV continued through the intersection with Magnum Street NW and began to passed the pickup truck, the pickup truck began to reverse into the Waymo AV's lane of travel and the rear left side of the pickup truck made contact with the front right side of the Waymo AV. At the time of the impact, the Waymo AV's Level 4 ADS was engaged in autonomous mode. Both vehicles sustained damage.
Waymo is reporting this crash under Request No. 1 of Standing General Order 2021-01 because a vehicle involved was towed away. Waymo may supplement or correct its reporting with additional information as it may become available.",Property Damage. No Injured Reported,"No Subject Vehicle, No Crash Partner","Yes Subject Vehicle, No Crash Partner",Subject Vehicle - All Belted,Atlanta,GA ,SEP-2025,08:01,Intersection,Y, , , , , ,"After June 16, 2025 (Amendment 3)",False,Moving,Unclear,Other party,SEP-2025_08:01_Atlanta_Pickup Truck
30270-11831,1,Waymo LLC,Passenger Car,Stopped,Proceeding Straight,0.0,"On September 1, 2025 at 3:48 PM MT a Waymo Autonomous Vehicle (""Waymo AV"") operating in Tempe, Arizona was in a collision involving a passenger car on E. Broadway Road at S. McClintock Drive. 
The Waymo AV was stopped facing west in the rightmost lane on E. Broadway Road with its right turn signal activated in a queue of traffic for a red light at the intersection with S. McClintock Drive. After an SUV directly in front of the Waymo AV turned right onto S. McClintock Drive, the Waymo AV briefly proceeded forward and then stopped for the red light. While the Waymo AV was stopped to yield to the red light and northbound traffic, a passenger car that was initially stopped behind the Waymo AV proceeded forward and the front of the passenger car made contact with the rear of the stationary Waymo AV. At the time of the impact, the Waymo AV's Level 4 ADS was engaged in autonomous mode. Both vehicles sustained damage.
Waymo is reporting this crash under Request No. 2 of Standing General Order 2021-01. Waymo may supplement or correct its reporting with additional information as it may become available.",Property Damage. No Injured Reported,"No Subject Vehicle, No Crash Partner","No Subject Vehicle, No Crash Partner",Subject Vehicle - No Passenger In Vehicle,Tempe,AZ ,SEP-2025,15:48,Street,Y, , , , , ,"After June 16, 2025 (Amendment 3)",False,Stationary,Other party,Other party,SEP-2025_15:48_Tempe_Passenger Car
30270-11698,1,Waymo LLC,Animal,Proceeding Straight,Entering Traffic,16.0,"On September 9, 2025 at 2:45 AM CT a Waymo Autonomous Vehicle (""Waymo AV"") operating in Austin, Texas was in a collision involving a domestic animal on Donahue Lane near Pepper Lane. 
The Waymo AV was traveling northwestbound on a narrow portion of Donahue Lane with vehicles parked at the curb in both directions when a domestic animal emerged from in front of a parked vehicle and entered the Waymo AV's lane of travel. The front right tire of the Waymo AV made contact with the domestic animal. At the time of the impact, the Waymo AV's Level 4 ADS was engaged in autonomous mode. The domestic animal sustained injuries.
Waymo is reporting this crash under Request No. 2 of Standing General Order 2021-01. Waymo may supplement or correct its reporting with additional information as it may become available.",Property Damage. No Injured Reported,"No Subject Vehicle, No Crash Partner","No Subject Vehicle, No Crash Partner",Subject Vehicle - No Passenger In Vehicle,Austin,TX ,SEP-2025,02:45,Street,Y, , , , , ,"After June 16, 2025 (Amendment 3)",False,Moving,Unclear,Waymo,SEP-2025_02:45_Austin_Animal
30270-11692,1,Waymo LLC,Passenger Car,Backing,Backing,3.0,"On September 8, 2025 at 6:11 PM CT a Waymo Autonomous Vehicle (""Waymo AV"") operating in Austin, Texas was in a collision involving a passenger car on W. 5th Street near Baylor Street. 
The Waymo AV was traveling southeastbound in the leftmost lane on W. 5th Street when it slowed to a stop to yield to an SUV that was initially traveling in the leftmost lane but had stopped in-lane. The passenger car reversed, and then the Waymo AV reversed to yield to the passenger car. The passenger car continued to reverse and the rear of the passenger car made contact with the front of the Waymo AV. At the time of the impact, the Waymo AV's Level 4 ADS was engaged in autonomous mode. Both vehicles sustained damage.
Waymo is reporting this crash under Request No. 2 of Standing General Order 2021-01. Waymo may supplement or correct its reporting with additional information as it may become available.",Property Damage. No Injured Reported,"No Subject Vehicle, No Crash Partner","No Subject Vehicle, No Crash Partner",Subject Vehicle - No Passenger In Vehicle,Austin,TX,SEP-2025,18:11,Street,Y, , , , , ,"After June 16, 2025 (Amendment 3)",False,Moving,Other party,Other party,SEP-2025_18:11_Austin_Passenger Car
30270-11672,1,Waymo LLC,"Other, see Narrative",Proceeding Straight,"Other, see Narrative",25.0,"On September [XXX], 2025 at 12:09 AM ET a Waymo Autonomous Vehicle (""Waymo AV"") operating in Atlanta, Georgia was in a collision involving a pothole on [XXX] near [XXX]. 
The Waymo AV was traveling southwestbound on [XXX] in the rightmost lane when the Waymo AV's right front tire made contact with a pothole. At the time of the impact, the Waymo AV's Level 4 ADS was engaged in autonomous mode. The Waymo AV sustained damage.
Waymo is reporting this crash under Request No. 1 of Standing General Order 2021-01 because a vehicle involved was towed away. Waymo may supplement or correct its reporting with additional information as it may become available.",Property Damage. No Injured Reported,"No Subject Vehicle, No Crash Partner","No Subject Vehicle, No Crash Partner",Subject Vehicle - No Passenger In Vehicle,Atlanta,GA,SEP-2025,00:09,Street,Y, , , , , ,"After June 16, 2025 (Amendment 3)",False,Moving,Unclear,Unclear,"SEP-2025_00:09_Atlanta_Other, see Narrative"
30270-11713,1,Waymo LLC,Motorcycle,Making Right Turn,Proceeding Straight,8.0,"On September [XXX], 2025 at 1:21 AM PT a Waymo Autonomous Vehicle (""Waymo AV"") operating in Tempe, Arizona was in a collision involving a motorcycle on [XXX] at [XXX]. 
The Waymo AV was traveling north in the rightmost lane on [XXX] and began slowing with its right turn signal activated in preparation for a right turn into a parking lot at [XXX], yielding to a pedestrian crossing the driveway entrance to the parking lot on the right-hand sidewalk. While the Waymo AV was slowing with its right turn signal activated, a motorcycle in the rightmost lane approached the Waymo AV from behind and the front of the motorcycle made contact with the rear left corner of the Waymo AV. The impact with the Waymo AV resulted in the motorcyclist falling from the motorcycle and into the roadway to the left of the Waymo AV. Immediately afterwards, a passenger car in the second-from-the-rightmost lane passed the Waymo AV on the left and struck the motorcyclist in the roadway. The passenger car did not stop and left the scene. The motorcyclist was transported from the scene to a hospital, where they were declared deceased. At the time of impact, the Waymo AV's Level 4 ADS was engaged in autonomous mode, and the Waymo AV was not carrying passengers. Following contact with the motorcycle, the Waymo AV came to a complete stop and remained stopped until the vehicle was towed away several hours later. The Waymo AV and the motorcycle sustained damage. The extent of the damage to the passenger car that left the scene is unknown at this time.
Waymo is reporting this crash under Request No. 1 of Standing General Order 2021-01 because of a fatality. Waymo may supplement or correct its reporting with additional information as it may become available.",Fatality,"No Subject Vehicle, No Crash Partner","Yes Subject Vehicle, Unknown Crash Partner",Subject Vehicle - No Passenger In Vehicle,Tempe,AZ ,SEP-2025,01:21,Street,Y, , , , , ,"After June 16, 2025 (Amendment 3)",False,Moving,Unclear,Unclear,SEP-2025_01:21_Tempe_Motorcycle
30270-11623,1,Waymo LLC,Pickup Truck,Changing Lanes,Proceeding Straight,8.0,"On September [XXX], 2025 at 5:54 PM CT a Waymo Autonomous Vehicle (""Waymo AV"") operating in Austin, Texas was in a collision involving a pickup truck on [XXX] near [XXX]. 
The Waymo AV was traveling northbound on [XXX] in the second from the right lane when it came to a stop to yield to a pickup truck that was stopped facing north in the rightmost lane and partially in the Waymo AV's lane of travel. The Waymo AV maneuvered to the left to go around the pickup truck and change lanes to the rightmost lane. As the Waymo AV was completing the lane change maneuver, the pickup truck proceeded forward, and the front left of the pickup truck made contact with the rear right side of the Waymo AV. At the time of the impact, the Waymo AV's Level 4 ADS was engaged in autonomous mode. Both vehicles sustained damage.
Waymo is reporting this crash under Request No. 1 of Standing General Order 2021-01 because a vehicle involved was towed away. Waymo may supplement or correct its reporting with additional information as it may become available.",Property Damage. No Injured Reported,"No Subject Vehicle, No Crash Partner","Yes Subject Vehicle, No Crash Partner",Subject Vehicle - No Passenger In Vehicle,Austin,TX,SEP-2025,17:54,Street, ,Y, , , , ,"After June 16, 2025 (Amendment 3)",False,Moving,Unclear,Other party,SEP-2025_17:54_Austin_Pickup Truck
30270-11612,1,Waymo LLC,SUV,Making Left Turn,Proceeding Straight,14.0,"On September [XXX], 2025 at 6:41 PM CT a Waymo Autonomous Vehicle (""Waymo AV"") operating in Austin, Texas was in a collision involving an SUV on [XXX] at [XXX]. 
The Waymo AV was traveling northwestbound on [XXX] with its left turn signal activated in the second from the left lane, which is a designated left turn and through lane. An SUV was traveling northwestbound in the adjacent leftmost lane, which is a designated left turn-only lane. As the Waymo AV and the SUV entered the intersection at [XXX], the Waymo AV began to turn left and the SUV in the left turn-only lane continued to proceed forward without turning left. The right side of the SUV made contact with the left side of the Waymo AV. At the time of the impact, the Waymo AV's Level 4 ADS was engaged in autonomous mode. The Waymo AV sustained damage.
Waymo is reporting this crash under Request No. 1 of Standing General Order 2021-01 because a vehicle involved was towed away. Waymo may supplement or correct its reporting with additional information as it may become available.",Property Damage. No Injured Reported,"No Subject Vehicle, No Crash Partner","Yes Subject Vehicle, No Crash Partner",Subject Vehicle - No Passenger In Vehicle,Austin,TX,SEP-2025,18:41,Intersection,Y, , , , , ,"After June 16, 2025 (Amendment 3)",False,Moving,Unclear,Other party,SEP-2025_18:41_Austin_SUV
30270-11715,1,Waymo LLC,Heavy Truck,Stopped,Backing,0.0,"On September 14, 2025 at 11:08 AM MT a Waymo Autonomous Vehicle (""Waymo AV"") operating in Phoenix, Arizona was in a collision involving a heavy truck in a parking lot at 291 E. Buckeye Road.
The Waymo AV was traveling northbound through a parking lot at 291 E. Buckeye Road when it made a left turn and slowed to a stop to yield to a heavy truck blocking the roadway. Another Waymo AV was attempting to maneuver around the stopped heavy truck and came to a stop to its left. While the other Waymo AV remained stopped, the heavy truck reversed and the rear of the heavy truck made contact with the front of the stationary Waymo AV. At the time of the impact, the Waymo AV's Level 4 ADS was engaged in autonomous mode. The Waymo AV sustained damage.
Waymo is reporting this crash under Request No. 2 of Standing General Order 2021-01. Waymo may supplement or correct its reporting with additional information as it may become available.",Property Damage. No Injured Reported,"No Subject Vehicle, No Crash Partner","No Subject Vehicle, No Crash Partner",Subject Vehicle - No Passenger In Vehicle,Phoenix,AZ ,SEP-2025,11:08,Parking Lot,Y, , , , , ,"After June 16, 2025 (Amendment 3)",False,Stationary,Other party,Other party,SEP-2025_11:08_Phoenix_Heavy Truck
30270-11766,1,Waymo LLC,"Other, see Narrative",Proceeding Straight,"Other, see Narrative",9.0,"On September 24, 2025 at 10:56 PM CT a Waymo Autonomous Vehicle (""Waymo AV"") operating in Austin, Texas made contact with the pavement at the parking lot entrance of 2952 Barton Skyway. 
The Waymo AV was traveling southbound on Barton Skyway when it began to turn left into a parking lot at 2952 Barton Skyway. As the Waymo AV proceeded eastbound into the entrance of the parking lot, the Waymo AV's undercarriage made contact with the pavement at the entrance of the parking lot. At the time of the impact, the Waymo AV's Level 4 ADS was engaged in autonomous mode. The Waymo AV sustained damage.
Waymo is reporting this crash under Request No. 2 of Standing General Order 2021-01 because a vehicle involved was towed away. Waymo may supplement or correct its reporting with additional information as it may become available.",Property Damage. No Injured Reported,"No Subject Vehicle, No Crash Partner","Yes Subject Vehicle, No Crash Partner",Subject Vehicle - All Belted,Austin,TX ,SEP-2025,22:56,Parking Lot,Y, , , , , ,"After June 16, 2025 (Amendment 3)",False,Moving,Unclear,Waymo,"SEP-2025_22:56_Austin_Other, see Narrative"
30270-11759,1,Waymo LLC,Pickup Truck,Changing Lanes,Proceeding Straight,1.0,"On September 15, 2025 at 4:41 PM CT a Waymo Autonomous Vehicle (""Waymo AV"") operating in Austin, Texas was in a collision involving a pickup truck on San Antonio Street near W. Cesar Chavez Street. 
The Waymo AV was stopped at the curb facing south on San Antonio Street when it proceeded to maneuver from its parking spot into the roadway. The Waymo AV then began to change lanes into the designated left turn lane in front of a pickup truck that was stopped in the designated left turn lane on San Antonio Street for a queue of traffic ahead. As the Waymo AV entered the designated left turn lane, the pickup truck proceeded forward and the front right side of the pickup truck made contact with the front left side of the Waymo AV. At the time of the impact, the Waymo AV's Level 4 ADS was engaged in autonomous mode. Both vehicles sustained damage.
Waymo is reporting this crash under Request No. 2 of Standing General Order 2021-01. Waymo may supplement or correct its reporting with additional information as it may become available.",Property Damage. No Injured Reported,"No Subject Vehicle, No Crash Partner","No Subject Vehicle, No Crash Partner",Subject Vehicle - No Passenger In Vehicle,Austin,TX ,SEP-2025,16:41,Street,Y, , , , , ,"After June 16, 2025 (Amendment 3)",False,Moving,Unclear,Other party,SEP-2025_16:41_Austin_Pickup Truck