Report ID,Report Version,Reporting Entity,Crash With,SV Pre-Crash Movement,CP Pre-Crash Movement,SV Precrash Speed (MPH),Narrative,Highest Injury Severity Alleged,Any Air Bags Deployed?,Was Any Vehicle Towed?,Were All Passengers Belted?,City,State,Incident Date,Incident Time (24:00),Roadway Type,Weather - Clear,Weather - Cloudy,Weather - Rain,Weather - Snow,Weather - Severe Wind,Weather - Fog/Smoke/Haze,Data Period,Manual Mode at Impact,Waymo Status,Likely Fault,Contact Initiator,Incident_Key
30270-10610,1,Waymo LLC,SUV,Stopped,Proceeding Straight,0.0,"On April [XXX], 2025 at 9:44 AM PT a Waymo Autonomous Vehicle (""Waymo AV"") operating in San Francisco, California was in a collision involving an SUV on [XXX] at [XXX]. 
The Waymo AV was traveling southeastbound on [XXX] and it came to a stop for a stop sign at the intersection with [XXX]. An SUV traveling southeastbound on [XXX] approached the Waymo AV from behind and the front of the SUV made contact with the rear of the stationary Waymo AV. At the time of the impact, the Waymo AV's Level 4 ADS was engaged in autonomous mode. The Waymo AV sustained damage.
Waymo is reporting this crash under Request No. 2 of Standing General Order 2021-01. Waymo may supplement or correct its reporting with additional information as it may become available.",No Injuries Reported,No,No,No Passengers in Vehicle,San Francisco,CA ,APR-2025,09:44,Intersection,Y, , , , , ,"Prior to June 16, 2025 (Amendment 2)",False,Stationary,Other party,Other party,APR-2025_09:44_San Francisco_SUV
30270-10576,1,Waymo LLC,Pickup Truck,Stopped,Proceeding Straight,0.0,"On April [XXX], 2025 at 10:01 AM PT a Waymo Autonomous Vehicle (""Waymo AV"") operating in Los Angeles, California was in a collision involving a cabover flatbed truck on [XXX] near [XXX]. 
The Waymo AV was traveling northbound on [XXX], a narrow road with vehicles parked on both sides, and came to a stop to yield to a cabover flatbed truck traveling southbound on [XXX]. The Waymo AV briefly attempted to reverse to make room for the oncoming truck and then came to a stop. As the cabover flatbed truck passed the Waymo AV, the driver side of the flatbed made contact with the rear driver side of the stationary Waymo AV. At the time of the impact, the Waymo AV's Level 4 ADS was engaged in autonomous mode. The Waymo AV sustained damage.
Waymo is reporting this crash under Request No. 1 of Standing General Order 2021-01 because a vehicle involved was towed away. Waymo may supplement or correct its reporting with additional information as it may become available.",No Injuries Reported,No,Yes,No Passengers in Vehicle,Los Angeles,CA ,APR-2025,10:01,Street,Y, , , , , ,"Prior to June 16, 2025 (Amendment 2)",False,Stationary,Unclear,Other party,APR-2025_10:01_Los Angeles_Pickup Truck
30270-10472,1,Waymo LLC,Passenger Car,Proceeding Straight,Proceeding Straight,10.0,"On April [XXX], 2025 at 12:03 PM PT a Waymo Autonomous Vehicle (""Waymo AV"") operating in San Francisco, California was in a collision involving a passenger car on [XXX] at [XXX]. 
The Waymo AV stopped for a stop sign on southbound [XXX] at the intersection with [XXX]. The Waymo AV then proceeded forward through the intersection and a passenger car that was stopped facing east on [XXX] and had arrived at the intersection after the Waymo AV entered the intersection and the front of the passenger car made contact with the passenger side of the Waymo AV. At the time of the impact, the Waymo AV's Level 4 ADS was engaged in autonomous mode. Both vehicles sustained damage.
Waymo is reporting this crash under Request No. 1 of Standing General Order 2021-01 because a vehicle involved was towed away and because of airbag deployment. Waymo may supplement or correct its reporting with additional information as it may become available.",No Injuries Reported,No,Yes,Yes,San Francisco,CA ,APR-2025,12:03,Intersection, ,Y, , , , ,"Prior to June 16, 2025 (Amendment 2)",False,Moving,Unclear,Other party,APR-2025_12:03_San Francisco_Passenger Car
30270-10497,1,Waymo LLC,Other Fixed Object,Proceeding Straight,,15.0,"On April [XXX], 2025 at 11:17 AM PT a Waymo Autonomous Vehicle (""Waymo AV"") operating in San Francisco, California was in a collision involving a curb on [XXX] near [XXX]. 
The Waymo AV was traveling eastbound on [XXX] in the left lane when the passenger side front tire made contact with the curb of the [XXX], [XXX] and [XXX] causing the tire to deflate. At the time of the impact, the Waymo AV's Level 4 ADS was engaged in autonomous mode. The Waymo AV sustained damage.
Waymo is reporting this crash under Request No. 1 of Standing General Order 2021-01 because a vehicle involved was towed away. Waymo may supplement or correct its reporting with additional information as it may become available.",No Injuries Reported,No,Yes,Yes,San Francisco,CA ,APR-2025,11:17,Street, ,Y, , , , ,"Prior to June 16, 2025 (Amendment 2)",False,Moving,Unclear,Unclear,APR-2025_11:17_San Francisco_Other Fixed Object
30270-10528,1,Waymo LLC,SUV,"Other, see Narrative",Proceeding Straight,0.0,"On April [XXX], 2025 at 11:29 AM PT a Waymo Autonomous Vehicle (""Waymo AV"") operating in San Francisco, California was in a collision involving an SUV on [XXX] near [XXX]. 
The Waymo AV was parked in the designated parking area along the northwest side of [XXX]. While the Waymo AV remained parked, a rider in the Waymo AV opened the rear driver side door as an SUV was approaching from the rear in the lane to the left side of the Waymo AV. The passenger side of the SUV made contact with the Waymo AV's opened rear driver side door. Four of the five passengers in the Waymo AV were not belted at the time of impact as they were preparing to exit the Waymo AV. At the time of the impact, the Waymo AV's Level 4 ADS was engaged in autonomous mode. Both vehicles sustained damage.
Waymo is reporting this crash under Request No. 1 of Standing General Order 2021-01 because a vehicle involved was towed away. Waymo may supplement or correct its reporting with additional information as it may become available.",No Injuries Reported,No,Yes,"No, see Narrative",San Francisco,CA ,APR-2025,11:29,Street,Y, , , , , ,"Prior to June 16, 2025 (Amendment 2)",False,Moving,Unclear,Waymo,APR-2025_11:29_San Francisco_SUV
30270-10555,1,Waymo LLC,Bus,Parked,Passing,0.0,"On April [XXX], 2025 at 2:14 PM PT a Waymo Autonomous Vehicle (""Waymo AV"") operating in San Francisco, California was in a collision involving a tour bus on [XXX] near [XXX]. 
The Waymo AV was parked facing southeast at the curb on [XXX] for a passenger pick-up. A tour bus traveling southeast in the rightmost lane of [XXX] passed the parked Waymo AV. As the tour bus passed the parked Waymo AV, the passenger side of the tour bus made contact with the driver side of the Waymo AV. At the time of the impact, the Waymo AV's Level 4 ADS was engaged in autonomous mode. The passengers in the vehicle were not belted at the time of impact because they had just entered the vehicle moments before the time of impact. The Waymo AV sustained damage.
Waymo is reporting this crash under Request No. 1 of Standing General Order 2021-01 because a vehicle involved was towed away. Waymo may supplement or correct its reporting with additional information as it may become available.",No Injuries Reported,No,Yes,"No, see Narrative",San Francisco,CA ,APR-2025,14:14,Street, ,Y, , , , ,"Prior to June 16, 2025 (Amendment 2)",False,Stationary,Unclear,Other party,APR-2025_14:14_San Francisco_Bus
30270-10559,1,Waymo LLC,SUV,Parked,Backing,0.0,"On April [XXX], 2025 at 11:19 AM PT a Waymo Autonomous Vehicle (""Waymo AV"") operating in Los Angeles, California was in a collision involving an SUV on [XXX] near [XXX]. 
The Waymo AV was parked at the curb facing south on [XXX] when an SUV parallel parking in front of the Waymo AV reversed, and the rear of the SUV made contact with the front of the stationary Waymo AV. At the time of the impact, the Waymo AV's Level 4 ADS was engaged in autonomous mode. The Waymo AV sustained damage.
Waymo is reporting this crash under Request No. 2 of Standing General Order 2021-01. Waymo may supplement or correct its reporting with additional information as it may become available.",No Injuries Reported,No,No,No Passengers in Vehicle,Los Angeles,CA ,APR-2025,11:19,Street,Y, , , , , ,"Prior to June 16, 2025 (Amendment 2)",False,Stationary,Other party,Other party,APR-2025_11:19_Los Angeles_SUV
30270-10560,1,Waymo LLC,SUV,Proceeding Straight,Proceeding Straight,4.0,"On April [XXX], 2025 at 8:51 PM PT a Waymo Autonomous Vehicle (""Waymo AV"") operating in Culver City, California was in a collision involving an SUV on [XXX] at [XXX]. 
The Waymo AV was traveling southeast on [XXX] when it began to slow for a stop sign as it approached the intersection with [XXX]. As the Waymo AV was slowing, an SUV approached the Waymo AV from behind and the front of the SUV made contact with the rear of the Waymo AV. At the time of the impact, the Waymo AV's Level 4 ADS was engaged in autonomous mode. Both vehicles sustained damage.
Waymo is reporting this crash under Request No. 1 of Standing General Order 2021-01 because a vehicle involved was towed away. Waymo may supplement or correct its reporting with additional information as it may become available.",No Injuries Reported,No,Yes,Yes,Culver City,CA ,APR-2025,20:51,Street,Y, , , , , ,"Prior to June 16, 2025 (Amendment 2)",False,Moving,Other party,Other party,APR-2025_20:51_Culver City_SUV
30270-10419,1,Waymo LLC,Passenger Car,Parked,Proceeding Straight,0.0,"On April [XXX], 2025 at 6:55 PM PT a Waymo Autonomous Vehicle (""Waymo AV"") operating in San Francisco, California was in a collision involving a passenger car on [XXX] near [XXX]. 
The Waymo AV was stopped facing east on [XXX] partially in the rightmost vehicle lane with hazard lights activated for a passenger pick-up. A passenger car traveling eastbound on [XXX] approached the Waymo AV from behind, and the front passenger side of the passenger car made contact with the rear driver side of the Waymo AV. At the time of the impact, the Waymo AV's Level 4 ADS was engaged in autonomous mode. Both vehicles sustained damage.
Waymo is reporting this crash under Request No. 1 of Standing General Order 2021-01 because a vehicle involved was towed away. Waymo may supplement or correct its reporting with additional information as it may become available.",No Injuries Reported,No,Yes,No Passengers in Vehicle,San Francisco,CA ,APR-2025,18:55,Street,Y, , , , , ,"Prior to June 16, 2025 (Amendment 2)",False,Stationary,Unclear,Other party,APR-2025_18:55_San Francisco_Passenger Car
30270-10408,1,Waymo LLC,Bus,Stopped,Proceeding Straight,0.0,"On April [XXX], 2025 at 5:45 PM PT a Waymo Autonomous Vehicle (""Waymo AV"") operating in San Francisco, California was in a collision involving a bus on [XXX] near [XXX]. 
The Waymo AV was traveling southeast on [XXX] and came to a stop yielding to a bus that was traveling northwest on [XXX]. As the bus passed the stopped Waymo AV, the driver side of the bus made contact with the rear driver side of the Waymo AV. At the time of the impact, the Waymo AV's Level 4 ADS was engaged in autonomous mode. Both vehicles sustained damage.
Waymo is reporting this crash under Request No. 1 of Standing General Order 2021-01 because a vehicle involved was towed away. Waymo may supplement or correct its reporting with additional information as it may become available.",No Injuries Reported,No,Yes,No Passengers in Vehicle,San Francisco,CA ,APR-2025,17:45,Street,Y, , , , , ,"Prior to June 16, 2025 (Amendment 2)",False,Stationary,Unclear,Other party,APR-2025_17:45_San Francisco_Bus
30270-10396,2,Waymo LLC,Motorcycle,Stopped,Passing,0.0,"The content of this report is unchanged from the initial report submitted on April 4, 2025 [REDACTED, MAY CONTAIN CONFIDENTIAL BUSINESS INFORMATION]. 
On April [XXX], 2025 at 11:38 AM PT a Waymo Autonomous Vehicle (""Waymo AV"") operating in San Francisco, California was in a collision involving a motorcycle on [XXX] near [XXX]. 
The Waymo AV was stopped facing east in a queue of traffic in the center lane on [XXX]. A motorcycle traveling between lanes approached the Waymo AV from behind, and began passing the Waymo AV on the right side, maneuvering between the Waymo AV and a vehicle stopped in the right lane. While the motorcycle was passing, the driver side of the motorcycle made contact with the rear passenger side of the stationary Waymo AV. At the time of the impact, the Waymo AV's Level 4 ADS was engaged in autonomous mode. The Waymo AV sustained damage.
Waymo is reporting this crash under Request No. 1 of Standing General Order 2021-01 because a vulnerable road user was involved. Waymo may supplement or correct its reporting with additional information as it may become available.",No Injuries Reported,No,No,Yes,San Francisco,CA ,APR-2025,11:38,Street,Y, , , , , ,"Prior to June 16, 2025 (Amendment 2)",False,Stationary,Unclear,Other party,APR-2025_11:38_San Francisco_Motorcycle
30270-10571,2,Waymo LLC,Motorcycle,Proceeding Straight,Proceeding Straight,1.0,"The content of this report is unchanged from the initial report submitted on April 22, 2025 [REDACTED, MAY CONTAIN CONFIDENTIAL BUSINESS INFORMATION]. 
On April [XXX], 2025 at 12:23 AM PT a Waymo Autonomous Vehicle (""Waymo AV"") operating in Vinice, California was in a collision involving a motorcycle on [XXX] at [XXX]. 
The Waymo AV was traveling southwest on [XXX] when it began slowing for a red traffic light at the intersection with [XXX]. A motorcycle travelling southwest on [XXX] approached the Waymo AV from behind and the front of the motorcycle made contact with the rear of the Waymo AV. At the time of the impact, the Waymo AV's Level 4 ADS was engaged in autonomous mode. Waymo received notice of damage to the motorcycle on April 21, 2025.
Waymo is reporting this crash under Request No. 1 of Standing General Order 2021-01 because a vulnerable road user was involved. Waymo may supplement or correct its reporting with additional information as it may become available.",No Injuries Reported,No,No,No Passengers in Vehicle,Venice,CA ,APR-2025,00:23,Intersection,Y, , , , , ,"Prior to June 16, 2025 (Amendment 2)",False,Moving,Other party,Other party,APR-2025_00:23_Venice_Motorcycle
30270-10638,2,Waymo LLC,Motorcycle,Stopped,Passing,0.0,"The content of this report is unchanged from the initial report submitted on May 2, 2025 [REDACTED, MAY CONTAIN CONFIDENTIAL BUSINESS INFORMATION]. 
On April [XXX], 2025 at 2:48 PM PT a Waymo Autonomous Vehicle (""Waymo AV"") operating in San Francisco, California was in a collision involving a motorcycle on [XXX] at [XXX]. 
The Waymo AV was stopped facing southwest in the third to the right lane on [XXX] in a queue of traffic for a red light at the intersection with [XXX]. A motorcycle traveling southwest on [XXX] proceeded to pass the Waymo AV on the left, maneuvering between the Waymo AV and a vehicle in the adjacent lane. As the motorcycle passed the Waymo AV, the motorcycle made contact with the driver side of the Waymo AV. At the time of the impact, the Waymo AV's Level 4 ADS was engaged in autonomous mode. The Waymo AV sustained damage.
Waymo is reporting this crash under Request No. 1 of Standing General Order 2021-01 because a vulnerable road user was involved. Waymo identified damage to the Waymo AV on April 30, 2025, and identified that the damage was caused by contact from a vulnerable road user on May 1, 2025. Waymo may supplement or correct its reporting with additional information as it may become available.",No Injuries Reported,No,No,Yes,San Francisco,CA ,APR-2025,14:48,Street,Y, , , , , ,"Prior to June 16, 2025 (Amendment 2)",False,Stationary,Unclear,Other party,APR-2025_14:48_San Francisco_Motorcycle
30270-10573,1,Waymo LLC,Passenger Car,Stopped,"Other, see Narrative",0.0,"On April [XXX], 2025 at 2:11 AM PT a Waymo Autonomous Vehicle (""Waymo AV"") operating in San Francisco, California was in a collision involving a passenger car on [XXX] at [XXX]. 
The Waymo AV was stopped facing north on [XXX] for a red light at the intersection of [XXX]. A passenger car traveling northbound on [XXX] slowed to a stop directly behind the Waymo AV. While the Waymo AV and the passenger car remained stopped, an SUV traveling northbound on [XXX] approached the passenger car from behind and the front of an SUV made contact with the rear of the passenger car. The front of the passenger car then made contact with the rear of the stationary Waymo AV. At the time of the impact, the Waymo AV's Level 4 ADS was engaged in autonomous mode. The passenger car and SUV sustained damage and the SUV's airbag deployed as a result of the impact.
Waymo is reporting this crash under Request No. 1 of Standing General Order 2021-01 because of airbag deployment. Waymo may supplement or correct its reporting with additional information as it may become available.",No Injuries Reported,No,No,No Passengers in Vehicle,San Francisco,CA ,APR-2025,02:11,Intersection,Y, , , , , ,"Prior to June 16, 2025 (Amendment 2)",False,Stationary,Other party,Other party,APR-2025_02:11_San Francisco_Passenger Car
30270-10672,1,Waymo LLC,SUV,Stopped,Backing,0.0,"On April [XXX], 2025 at 5:59 AM PT a Waymo Autonomous Vehicle (""Waymo AV"") operating in Los Angeles, California was in a collision involving an SUV on [XXX] near [XXX]. 
The Waymo AV was traveling southwest bound on [XXX] when it slowed to a stop as it approached an SUV reversing in the roadway. The Waymo AV reversed to make room for the reversing SUV and came to a stop at the right side of the roadway with hazard lights activated. The SUV continued reversing on the left side of the roadway and the rear passenger side of the SUV made contact with the front driver side of the stationary Waymo AV. At the time of the impact, the Waymo AV's Level 4 ADS was engaged in autonomous mode. Both vehicles sustained damage.
Waymo is reporting this crash under Request No. 2 of Standing General Order 2021-01. Waymo may supplement or correct its reporting with additional information as it may become available.",No Injuries Reported,No,No,Yes,Los Angeles,CA ,APR-2025,05:59,Street,Y, , , , , ,"Prior to June 16, 2025 (Amendment 2)",False,Stationary,Unclear,Other party,APR-2025_05:59_Los Angeles_SUV
30270-10648,1,Waymo LLC,Passenger Car,Stopped,Proceeding Straight,0.0,"On April [XXX], 2025 at 8:34 PM PT a Waymo Autonomous Vehicle (""Waymo AV"") operating in Los Angeles, California was in a collision involving a passenger car on the [XXX] of [XXX]. 
The Waymo AV was traveling southwestbound on [XXX] when it slowed to a stop at a yield sign. A passenger car traveling southwestbound on [XXX]approached the Waymo AV from behind, and the front of the passenger car made contact with the rear of the stationary Waymo AV. At the time of the impact, the Waymo AV's Level 4 ADS was engaged in autonomous mode. Both vehicles sustained damage.
Waymo is reporting this crash under Request No. 1 of Standing General Order 2021-01 because a vehicle involved was towed away. Waymo may supplement or correct its reporting with additional information as it may become available.",No Injuries Reported,No,Yes,Yes,Los Angeles,CA ,APR-2025,20:34,Street,Y, , , , , ,"Prior to June 16, 2025 (Amendment 2)",False,Stationary,Other party,Other party,APR-2025_20:34_Los Angeles_Passenger Car
30270-10742,1,Waymo LLC,Pickup Truck,Stopped,Proceeding Straight,0.0,"On April [XXX], 2025 at 3:29 PM PT a Waymo Autonomous Vehicle (""Waymo AV"") operating in San Francisco, CA was in a collision involving a pickup truck on [XXX] near [XXX].
The Waymo AV was traveling northbound on [XXX] in the rightmost lane and slowed to a stop for an SUV that was parallel parking in front of the Waymo AV. While the Waymo AV was stopped, a pickup truck traveling directly behind the Waymo AV approached the Waymo AV from behind, and the front of the pickup truck made contact with the rear of the stationary Waymo AV. At the time of the impact, the Waymo AV's Level 4 ADS was engaged in autonomous mode. The pickup truck sustained damage.
Waymo is reporting this crash under Request No. 2 of Standing General Order 2021-01. Waymo may supplement or correct its reporting with additional information as it may become available.",No Injuries Reported,No,No,Yes,San Francisco,CA ,APR-2025,15:29,Street,Y, , , , , ,"Prior to June 16, 2025 (Amendment 2)",False,Stationary,Other party,Other party,APR-2025_15:29_San Francisco_Pickup Truck
30270-10743,1,Waymo LLC,Passenger Car,Stopped,Proceeding Straight,0.0,"On April [XXX], 2025 at 8:55 AM PT a Waymo Autonomous Vehicle (""Waymo AV"") operating in San Francisco, California was in a collision involving a passenger car on [XXX] at [XXX]. 
The Waymo AV was traveling southeastbound on [XXX] in the dedicated left turn lane and came to a stop to yield to oncoming traffic for an unprotected left turn at a green traffic light at the intersection with [XXX]. While the Waymo AV remained stopped, a passenger car traveling southeastbound on [XXX] approached the Waymo AV from behind and the front of the passenger car made contact with the rear of the Waymo AV. At the time of the impact, the Waymo AV's Level 4 ADS was engaged in autonomous mode. Both vehicles sustained damage.
Waymo is reporting this crash under Request No. 2 of Standing General Order 2021-01. Waymo may supplement or correct its reporting with additional information as it may become available.",No Injuries Reported,No,No,No Passengers in Vehicle,San Francisco,CA ,APR-2025,08:55,Intersection,Y, , , , , ,"Prior to June 16, 2025 (Amendment 2)",False,Stationary,Other party,Other party,APR-2025_08:55_San Francisco_Passenger Car
30270-10747,1,Waymo LLC,SUV,Parked,Passing,0.0,"On April [XXX], 2025 at 3:31 PM PT a Waymo Autonomous Vehicle (""Waymo AV"") operating in San Francisco, California was in a collision involving an SUV on [XXX] at [XXX]. 
The Waymo AV was stopped in lane on southbound [XXX] for a passenger pickup. An SUV traveling southbound on [XXX] slowed to a stop as it approached the parked Waymo AV. The SUV entered the opposing lane of travel in an attempt to pass the stationary Waymo AV on the left and the front passenger side of the SUV made contact with the rear driver side of the stationary Waymo AV. At the time of the impact, the Waymo AV's Level 4 ADS was engaged in autonomous mode. Both vehicles sustained damage.
Waymo is reporting this crash under Request No. 2 of Standing General Order 2021-01. Waymo may supplement or correct its reporting with additional information as it may become available.",No Injuries Reported,No,No,Yes,San Francisco,CA ,APR-2025,15:31,Street,Y, , , , , ,"Prior to June 16, 2025 (Amendment 2)",False,Stationary,Unclear,Other party,APR-2025_15:31_San Francisco_SUV
30270-10748,1,Waymo LLC,SUV,Parked,Proceeding Straight,0.0,"On April [XXX], 2025 at 5:32 PM PT a Waymo Autonomous Vehicle (""Waymo AV"") operating in Los Angeles, California was in a collision involving an SUV on [XXX] near [XXX]. 
The Waymo AV was stopped facing southeast on [XXX] for a passenger drop-off when an SUV traveling directly behind the parked Waymo AV proceeded to pass the Waymo AV on the left. As the SUV passed the parked Waymo AV, the passenger side of the SUV made contact with the rear driver side of the Waymo AV. At the time of the impact, the Waymo AV's Level 4 ADS was engaged in autonomous mode. Both vehicles sustained damage. Both passengers, who were seated in the rear of the Waymo AV, were not belted at the time of the collision, as they were preparing to exit the vehicle.
Waymo is reporting this crash under Request No. 2 of Standing General Order 2021-01. Waymo may supplement or correct its reporting with additional information as it may become available.",No Injuries Reported,No,No,"No, see Narrative",Los Angeles,CA ,APR-2025,17:32,Street,Y, , , , , ,"Prior to June 16, 2025 (Amendment 2)",False,Stationary,Unclear,Other party,APR-2025_17:32_Los Angeles_SUV
30270-10750,1,Waymo LLC,Passenger Car,Parked,Entering Traffic,0.0,"On April [XXX], 2025 at 6:50 AM PT a Waymo Autonomous Vehicle (""Waymo AV"") operating in San Francisco, California was in a collision involving a passenger car on [XXX] near [XXX].
The Waymo AV was parked at the curb facing east on [XXX]. A passenger car that was parked directly behind the Waymo AV proceeded forward to merge into the adjacent lane of travel and the passenger side of the passenger car made contact with the rear driver side of the Waymo AV. At the time of the impact, the Waymo AV's Level 4 ADS was engaged in autonomous mode. The passenger car sustained damage.
Waymo is reporting this crash under Request No. 2 of Standing General Order 2021-01. Waymo may supplement or correct its reporting with additional information as it may become available.",No Injuries Reported,No,No,No Passengers in Vehicle,San Francisco,CA ,APR-2025,06:50,Street,Y, , , , , ,"Prior to June 16, 2025 (Amendment 2)",False,Stationary,Unclear,Other party,APR-2025_06:50_San Francisco_Passenger Car
30270-10752,1,Waymo LLC,SUV,Parked,Parking Maneuver,0.0,"On April [XXX], 2025 at 2:56 PM PT a Waymo Autonomous Vehicle (""Waymo AV"") operating in San Francisco, California was in a collision involving an SUV on [XXX] near [XXX]. 
The Waymo AV was parked at the curb facing south on [XXX] when an SUV that was parallel parking in front of the Waymo AV reversed, and the rear of the SUV made contact with the front of the stationary Waymo AV. At the time of the impact, the Waymo AV's Level 4 ADS was engaged in autonomous mode. The Waymo AV sustained damage.
Waymo is reporting this crash under Request No. 2 of Standing General Order 2021-01. Waymo may supplement or correct its reporting with additional information as it may become available.",No Injuries Reported,No,No,No Passengers in Vehicle,San Francisco,CA ,APR-2025,14:56,Street,Y, , , , , ,"Prior to June 16, 2025 (Amendment 2)",False,Stationary,Other party,Other party,APR-2025_14:56_San Francisco_SUV
30270-10753,1,Waymo LLC,SUV,Proceeding Straight,Proceeding Straight,1.0,"On April [XXX], 2025 at 5:13 PM PT a Waymo Autonomous Vehicle (""Waymo AV"") operating in San Francisco, CA was in a collision involving a SUV on [XXX] at [XXX]. 
The Waymo AV was traveling northbound on [XXX] and began to slow to a stop for a stop sign at the intersection at [XXX]. As the Waymo AV was coming to a stop, an SUV traveling directly behind the Waymo AV approached the Waymo AV from behind, and the front of the SUV made contact with the rear of the Waymo AV. At the time of the impact, the Waymo AV's Level 4 ADS was engaged in autonomous mode. Both vehicles sustained damage.
Waymo is reporting this crash under Request No. 2 of Standing General Order 2021-01. Waymo may supplement or correct its reporting with additional information as it may become available.",No Injuries Reported,No,No,No Passengers in Vehicle,San Francisco,CA ,APR-2025,17:13,Intersection,Y, , , , , ,"Prior to June 16, 2025 (Amendment 2)",False,Moving,Other party,Other party,APR-2025_17:13_San Francisco_SUV
30270-10754,1,Waymo LLC,Bus,Stopped,Making Left Turn,0.0,"On April [XXX], 2025 at 8:48 PM PT a Waymo Autonomous Vehicle (""Waymo AV"") operating in San Francisco, California was in a collision involving a bus on [XXX] at [XXX]. 
The Waymo AV was stopped facing south on [XXX] for a stop sign at the intersection with [XXX] when a bus that was traveling eastbound on [XXX] proceeded to turn left onto [XXX]. As the bus was completing its left turn, the bus crossed the center double yellow line and the driver side of the bus made contact with the driver side of the Waymo AV. Three of the four passengers seated in the Waymo AV were not belted at the time of the collision, having not put the seat belt on at the start of the trip. At the time of the impact, the Waymo AV's Level 4 ADS was engaged in autonomous mode. The Waymo AV sustained damage.
Waymo is reporting this crash under Request No. 2 of Standing General Order 2021-01. Waymo may supplement or correct its reporting with additional information as it may become available.",No Injuries Reported,No,No,"No, see Narrative",San Francisco,CA ,APR-2025,20:48,Intersection,Y, , , , , ,"Prior to June 16, 2025 (Amendment 2)",False,Stationary,Unclear,Other party,APR-2025_20:48_San Francisco_Bus
30270-10755,1,Waymo LLC,SUV,Stopped,Passing,0.0,"On April [XXX], 2025 at 4:19 PM PT a Waymo Autonomous Vehicle (""Waymo AV"") operating in San Francisco, California was in a collision involving an SUV in a parking lot at [XXX].
The Waymo AV was stopped facing east in a parking lot near [XXX], yielding to a vehicle reversing in front of it. While the Waymo AV remained stopped, an SUV traveling eastbound in the parking lot proceeded to pass the Waymo AV on the left and the passenger side of the SUV made contact with the rear driver side of the Waymo AV. At the time of the impact, the Waymo AV's Level 4 ADS was engaged in autonomous mode. Both vehicles sustained damage.
Waymo is reporting this crash under Request No. 2 of Standing General Order 2021-01. Waymo may supplement or correct its reporting with additional information as it may become available.",No Injuries Reported,No,No,Yes,San Francisco,CA ,APR-2025,16:19,Parking Lot, ,Y, , , , ,"Prior to June 16, 2025 (Amendment 2)",False,Stationary,Unclear,Other party,APR-2025_16:19_San Francisco_SUV
30270-10757,1,Waymo LLC,SUV,Stopped,Proceeding Straight,0.0,"On April [XXX], 2025 at 11:53 AM PT a Waymo Autonomous Vehicle (""Waymo AV"") operating in San Francisco, California was in a collision involving an SUV on [XXX] near [XXX]. 
The Waymo AV was traveling south on [XXX], and came to a stop behind a box truck that was stopped in-lane. The Waymo AV began to proceed around the left of the stopped box truck and came to a stop, yielding to an SUV traveling northbound on [XXX]. As the SUV passed by the stationary Waymo AV, the front driver side of the SUV made contact with the front driver side of the Waymo AV. At the time of the impact, the Waymo AV's Level 4 ADS was engaged in autonomous mode. Both vehicles sustained damage.
Waymo is reporting this crash under Request No. 2 of Standing General Order 2021-01. Waymo may supplement or correct its reporting with additional information as it may become available.",No Injuries Reported,No,No,No Passengers in Vehicle,San Francisco,CA ,APR-2025,11:53,Street,Y, , , , , ,"Prior to June 16, 2025 (Amendment 2)",False,Stationary,Unclear,Other party,APR-2025_11:53_San Francisco_SUV
30270-10758,1,Waymo LLC,SUV,Stopped,Passing,0.0,"On April [XXX], 2025 at 12:31 PM PT a Waymo Autonomous Vehicle (""Waymo AV"") operating in San Francisco, California was in a collision involving an SUV on [XXX] near [XXX]. 
The Waymo AV was stopped in the rightmost lane facing southeast on [XXX] in a queue of traffic for a red light at the intersection at [XXX]. An SUV traveling southeast on [XXX] directly behind the Waymo AV passed the Waymo AV on the left and the passenger side of the SUV made contact with the rear driver side of the Waymo AV. At the time of the impact, the Waymo AV's Level 4 ADS was engaged in autonomous mode. The SUV sustained damage.
Waymo is reporting this crash under Request No. 2 of Standing General Order 2021-01. Waymo may supplement or correct its reporting with additional information as it may become available.",No Injuries Reported,No,No,No Passengers in Vehicle,San Francisco,CA ,APR-2025,12:31,Street,Y, , , , , ,"Prior to June 16, 2025 (Amendment 2)",False,Stationary,Unclear,Other party,APR-2025_12:31_San Francisco_SUV
30270-10759,1,Waymo LLC,Pickup Truck,Stopped,Passing,0.0,"April [XXX], 2025 at 5:47 PM PT a Waymo Autonomous Vehicle (""Waymo AV"") operating in San Francisco, California was in a collision involving a pickup truck on [XXX] at [XXX]. 
The Waymo AV was stopped facing west in the left turn lane on [XXX] at a green traffic light at the intersection with [XXX], yielding to vehicles on [XXX] that were stopped within the intersection. While the Waymo AV remained stopped, a pickup truck stopped directly behind the Waymo AV proceeded to maneuver around the stationary Waymo AV on the left and the passenger side of the pickup truck made contact with the rear driver side of the Waymo AV. At the time of the impact, the Waymo AV's Level 4 ADS was engaged in autonomous mode. Both vehicles sustained damage.
Waymo is reporting this crash under Request No. 2 of Standing General Order 2021-01. Waymo may supplement or correct its reporting with additional information as it may become available.",No Injuries Reported,No,No,Yes,San Francisco,CA ,APR-2025,17:47,Intersection,Y, , , , , ,"Prior to June 16, 2025 (Amendment 2)",False,Stationary,Unclear,Other party,APR-2025_17:47_San Francisco_Pickup Truck
30270-10761,1,Waymo LLC,SUV,Stopped,Passing,0.0,"On April [XXX], 2025 at 6:39 PM PT a Waymo Autonomous Vehicle (""Waymo AV"") operating in San Francisco, California was in a collision involving an SUV on [XXX] at [XXX]. 
The Waymo AV was stopped at a red light on westbound [XXX] preparing to make an unprotected left turn onto [XXX]. An SUV traveling westbound on [XXX] directly behind the Waymo AV maneuvered around the right side of the Waymo AV, and the driver side of the SUV made contact with the rear passenger side of the Waymo AV. At the time of the impact, the Waymo AV's Level 4 ADS was engaged in autonomous mode. The SUV sustained damage.
Waymo is reporting this crash under Request No. 2 of Standing General Order 2021-01. Waymo may supplement or correct its reporting with additional information as it may become available.",No Injuries Reported,No,No,Yes,San Francisco,CA ,APR-2025,18:39,Intersection,Y, , , , , ,"Prior to June 16, 2025 (Amendment 2)",False,Stationary,Unclear,Other party,APR-2025_18:39_San Francisco_SUV