Report ID,Report Version,Reporting Entity,Crash With,SV Pre-Crash Movement,CP Pre-Crash Movement,SV Precrash Speed (MPH),Narrative,Highest Injury Severity Alleged,Any Air Bags Deployed?,Was Any Vehicle Towed?,Were All Passengers Belted?,City,State,Incident Date,Incident Time (24:00),Roadway Type,Weather - Clear,Weather - Cloudy,Weather - Rain,Weather - Snow,Weather - Severe Wind,Weather - Fog/Smoke/Haze,Data Period,Manual Mode at Impact,Waymo Status,Likely Fault,Contact Initiator,Incident_Key
30270-8626,1,Waymo LLC,SUV,Proceeding Straight,Proceeding Straight,2.0,"On August [XXX], 2024 at 10:57 AM PT a Waymo Autonomous Vehicle (""Waymo AV"") operating in Los Angeles, California was in a collision involving an SUV on [XXX] at [XXX].
The Waymo AV was traveling in the leftmost of the two southbound lanes on [XXX] when it began to brake to yield to stopped traffic ahead. Simultaneously, an SUV that was previously in the right lane changed lanes and approached the Waymo AV closely from behind. As the Waymo AV continued to slow, the SUV made contact with the rear of the Waymo AV. The SUV then reversed, drove across the curbed, grass median, and proceeded to travel north on [XXX]. At the time of the impact, the Waymo AV's Level 4 ADS was engaged in autonomous mode, and a test driver was present (in the driver's seating position). Both vehicles sustained damage.
Waymo is reporting this crash under Request No. 2 of Standing General Order 2021-01. Waymo may supplement or correct its reporting with additional information as it may become available.",No Injuries Reported,No,No,Yes,Los Angeles,CA ,AUG-2024,10:57,Street,Y, , , , , ,"Prior to June 16, 2025 (Amendment 2)",False,Moving,Other party,Other party,AUG-2024_10:57_Los Angeles_SUV
30270-8625,1,Waymo LLC,SUV,Stopped,Proceeding Straight,0.0,"On August [XXX], 2024 at 12:14 AM PT a Waymo Autonomous Vehicle (""""Waymo AV"") operating in San Francisco, California was in a collision involving an SUV on [XXX] at [XXX].
The Waymo AV was stopped for a red light in the center of three lanes on northbound [XXX] at the intersection with [XXX]. While the Waymo AV remained stopped, an SUV traveling partially in the leftmost lane and partially in the same lane as the Waymo AV approached the Waymo AV from behind. The front passenger corner of the SUV then made contact with the rear driver side corner of the stopped Waymo AV. At the time of the impact, the Waymo AV's Level 4 ADS was engaged in autonomous mode. Both vehicles sustained damage.
Waymo is reporting this crash under Request No. 2 of Standing General Order 2021-01. Waymo may supplement or correct its reporting with additional information as it may become available.",No Injuries Reported,No,No,No Passengers in Vehicle,San Francisco,CA ,AUG-2024,00:14,Intersection,Y, , , , , ,"Prior to June 16, 2025 (Amendment 2)",False,Stationary,Unclear,Other party,AUG-2024_00:14_San Francisco_SUV
30270-8624,1,Waymo LLC,Other Fixed Object,Making Left Turn,,2.0,"On August [XXX], 2024 at 11:38 AM PT a Waymo Autonomous Vehicle (""Waymo AV"") operating in Los Angeles, California was in a collision involving a fixed object (exterior wall next to a garage) at [XXX]. 
The Waymo AV was making a left turn around a cul-de-sac-style driveway at a low rate of speed when the front passenger side corner of the Waymo AV made contact with the corner of a garage stucco wall. At the time of the impact, the Waymo AV's Level 4 ADS was engaged in autonomous mode. The Waymo AV and the wall sustained damage.
Waymo is reporting this crash under Request No. 2 of Standing General Order 2021-01. Waymo may supplement or correct its reporting with additional information as it may become available.",No Injuries Reported,No,No,No Passengers in Vehicle,Los Angeles,CA ,AUG-2024,11:38,Parking Lot,Y, , , , , ,"Prior to June 16, 2025 (Amendment 2)",False,Moving,Unclear,Waymo,AUG-2024_11:38_Los Angeles_Other Fixed Object
30270-8622,1,Waymo LLC,SUV,Stopped,Passing,0.0,"On August [XXX], 2024 at 3:57 PM PT a Waymo Autonomous Vehicle (""Waymo AV"") operating in Los Angeles, California was in a collision involving an SUV in a parking lot at [XXX]. 
The Waymo AV was stopped in a parking lot at [XXX] for a passenger pickup when an SUV that had previously been behind the Waymo AV proceeded to pass the Waymo AV on the left. While passing the stopped Waymo AV, the passenger side of the SUV made contact with the driver side rear of the Waymo AV. At the time of the impact, the Waymo AV's Level 4 ADS was engaged in autonomous mode, and neither of the two passengers were wearing a seatbelt. Both vehicles sustained damage. 
Waymo is reporting this crash under Request No. 2 of Standing General Order 2021-01 Waymo may supplement or correct its reporting with additional information as it may become available.",No Injuries Reported,No,No,"No, see Narrative",Los Angeles,CA ,AUG-2024,15:57,Parking Lot,Y, , , , , ,"Prior to June 16, 2025 (Amendment 2)",False,Stationary,Unclear,Other party,AUG-2024_15:57_Los Angeles_SUV
30270-8621,1,Waymo LLC,Heavy Truck,Stopped,Making Left Turn,0.0,"On August [XXX], 2024 at 9:57 PM PT a Waymo Autonomous Vehicle (""Waymo AV"") operating in San Francisco, California was in a collision involving a heavy truck on [XXX] at [XXX]. 
The Waymo AV was traveling westbound on [XXX], traversing the intersection with [XXX]. The Waymo AV slowed to a stop as it was exiting the intersection with [XXX], unable to proceed because there was not sufficient space to proceed straight with a vehicle parked at the curb and the heavy truck positioned in the westbound (oncoming) travel lane. While the Waymo AV remained stopped, the heavy truck passed the Waymo AV and began to turn left onto northbound [XXX]. As the heavy truck turned behind the stopped AV, the rear driver side of the heavy truck made contact with the front and rear driver side of the Waymo AV.  At the time of the impact, the Waymo AV's Level 4 ADS was engaged in autonomous mode. The Waymo AV sustained damage.
Waymo is reporting this crash under Request No. 2 of Standing General Order 2021-01. Waymo may supplement or correct its reporting with additional information as it may become available.",No Injuries Reported,No,No,No Passengers in Vehicle,San Francisco,CA ,AUG-2024,21:57,Intersection,Y, , , , , ,"Prior to June 16, 2025 (Amendment 2)",False,Stationary,Unclear,Other party,AUG-2024_21:57_San Francisco_Heavy Truck
30270-8623,1,Waymo LLC,Passenger Car,Parked,Passing,0.0,"On August [XXX], 2024 at 1:47 PM PT a Waymo Autonomous Vehicle (""Waymo AV"") operating in San Francisco, California was in a collision involving a passenger car on [XXX] near [XXX].
The Waymo AV was parked on southeastbound [XXX] for a passenger pickup when an oncoming passenger car maneuvered to pass the Waymo AV. As the oncoming passenger car was passing the parked Waymo AV, the driver side of the passenger car made contact with the driver side rear of the Waymo AV. At the time of the impact, the Waymo AV's Level 4 ADS was engaged in autonomous mode. The passenger car sustained damage.
Waymo is reporting this crash under Request No. 2 of Standing General Order 2021-01. Waymo may supplement or correct its reporting with additional information as it may become available.",No Injuries Reported,No,No,No Passengers in Vehicle,San Francisco,CA ,AUG-2024,13:47,Street,Y, , , , , ,"Prior to June 16, 2025 (Amendment 2)",False,Stationary,Unclear,Other party,AUG-2024_13:47_San Francisco_Passenger Car
30270-8605,1,Waymo LLC,SUV,Parked,Proceeding Straight,0.0,"On August [XXX], 2024 at 10:12 AM PT a Waymo Autonomous Vehicle (""Waymo AV"") operating in San Francisco, California was in a collision involving an SUV on [XXX] at [XXX]. 
The Waymo AV was stopped on northeastbound [XXX] for a passenger pickup. While the Waymo AV remained stopped, an SUV made a right turn from northwestbound [XXX] onto northeastbound [XXX] and approached the Waymo AV from behind at a low rate of speed. The front passenger side of the SUV then made contact with the rear driver side of the stopped Waymo AV. The SUV then reversed through southwestbound [XXX] and proceeded to travel northwestbound on [XXX]. At the time of the impact, the Waymo AV's Level 4 ADS was engaged in autonomous mode. The Waymo AV sustained damage.
Waymo is reporting this crash under Request No. 2 of Standing General Order 2021-01. Waymo may supplement or correct its reporting with additional information as it may become available.",No Injuries Reported,No,No,No Passengers in Vehicle,San Francisco,CA ,AUG-2024,10:12,Street, ,Y, , , , ,"Prior to June 16, 2025 (Amendment 2)",False,Stationary,Unclear,Other party,AUG-2024_10:12_San Francisco_SUV
30270-8600,1,Waymo LLC,SUV,Stopped,Crossing into Opposing Lane,0.0,"On August [XXX], 2024 at 8:25 PM PT a Waymo Autonomous Vehicle (""Waymo AV"") operating in San Francisco, California was in a collision involving an SUV on [XXX] at [XXX].
The Waymo AV was traveling eastbound on [XXX] and had just crossed [XXX] when it came to a stop behind a van that had been involved in a collision. An SUV traveling westbound on [XXX] had struck a parked car, then veered left and had also struck the van. The SUV then proceeded past the van and the driver side of the SUV made contact with the rear left corner of the stopped Waymo AV. The SUV left the scene, driving on the wrong side of the road and without stopping at a stop sign. At the time of the impact, the Waymo AV's Level 4 ADS was engaged in autonomous mode. The Waymo AV sustained damage.
Waymo is reporting this crash under Request No. 2 of Standing General Order 2021-01. Waymo may supplement or correct its reporting with additional information as it may become available.",No Injuries Reported,No,No,Yes,San Francisco,CA ,AUG-2024,20:25,Street, ,Y, , , , ,"Prior to June 16, 2025 (Amendment 2)",False,Stationary,Unclear,Other party,AUG-2024_20:25_San Francisco_SUV
30270-8601,1,Waymo LLC,Passenger Car,Parked,Backing,0.0,"On August [XXX], 2024 at 11:51 AM PT a Waymo Autonomous Vehicle (""Waymo AV"") operating in San Francisco was in a collision involving a passenger car on [XXX] at [XXX]. 
The Waymo AV was parked at the curb on northwestbound [XXX] when a passenger car in front of the Waymo AV began to reverse. The rear of the passenger car made contact with the front of the Waymo AV and the passenger car left the scene. At the time of the impact, the Waymo AV's Level 4 ADS was engaged in autonomous mode. The Waymo AV sustained damage.
Waymo is reporting this crash under Request No. 2 of Standing General Order 2021-01. Waymo may supplement or correct its reporting with additional information as it may become available.",No Injuries Reported,No,No,No Passengers in Vehicle,San Francisco,CA ,AUG-2024,11:51,Street, ,Y, , , , ,"Prior to June 16, 2025 (Amendment 2)",False,Stationary,Other party,Other party,AUG-2024_11:51_San Francisco_Passenger Car
30270-8603,1,Waymo LLC,SUV,Stopped,Backing,0.0,"On August [XXX], 2024 at 11:35 AM PT a Waymo Autonomous Vehicle (""Waymo AV"") operating in Los Angeles, California was in a collision involving a SUV on [XXX] at [XXX].
The Waymo AV was traveling northeastbound on [XXX] and came to a stop perpendicular to a row of parking stalls for passenger drop off. The passenger in the Waymo AV opened the rear passenger side door while a SUV began reversing out of one of the parking stalls. The driver side left rear corner of the SUV made contact with the open rear passenger door of the Waymo AV. At the time of the impact, the Waymo AV's Level 4 ADS was engaged in autonomous mode. 
Waymo is reporting this crash under Request No. 2 of Standing General Order 2021-01. Waymo may supplement or correct its reporting with additional information as it may become available. Both vehicles sustained damage.",No Injuries Reported,No,No,"No, see Narrative",Santa Monica,CA ,AUG-2024,11:35,Street,Y, , , , , ,"Prior to June 16, 2025 (Amendment 2)",False,Stationary,Unclear,Waymo,AUG-2024_11:35_Santa Monica_SUV
30270-8610,1,Waymo LLC,SUV,Backing,Backing,3.0,"On August [XXX], 2024 at 5:10 PM PT a Waymo Autonomous Vehicle (""Waymo AV"") operating in San Francisco, California was in a collision involving an SUV on [XXX] at [XXX]. 
The Waymo AV was traveling northbound on [XXX] when it came to a stop behind a queue of traffic at the intersection with [XXX]. An SUV already at the intersection was occupying the opposing travel lane, facing northbound in the southbound lane of [XXX]. The SUV began to reverse from the opposing lane towards the northbound lane. The AV started to reverse away from the SUV, but the rear of the SUV made contact with the front driver side corner of the Waymo AV. At the time of the impact, the Waymo AV's Level 4 ADS was engaged in autonomous mode. The Waymo AV sustained damage.
Waymo is reporting this crash under Request No. 2 of Standing General Order 2021-01. Waymo may supplement or correct its reporting with additional information as it may become available.",No Injuries Reported,No,No,Yes,San Francisco,CA ,AUG-2024,17:10,Street,Y, , , , , ,"Prior to June 16, 2025 (Amendment 2)",False,Moving,Unclear,Other party,AUG-2024_17:10_San Francisco_SUV
30270-8607,1,Waymo LLC,Passenger Car,Parked,Parking Maneuver,0.0,"On August [XXX], 2024 at 1:51 AM PT a Waymo Autonomous Vehicle (""Waymo AV"") operating in Daly City, California was in a collision involving a passenger car on [XXX] at [XXX]. 
The Waymo AV was parked at the curb on northeastbound [XXX] when a passenger car in front of the Waymo AV began to reverse to parallel park. The rear driver side of the passenger car made contact with the front of the parked Waymo AV. At the time of the impact, the Waymo AV's Level 4 ADS was engaged in autonomous mode. The Waymo AV sustained damage.
Waymo is reporting this crash under Request No. 2 of Standing General Order 2021-01. Waymo may supplement or correct its reporting with additional information as it may become available.",No Injuries Reported,No,No,No Passengers in Vehicle,Daly City,CA ,AUG-2024,01:51,Street,Y, , , , , ,"Prior to June 16, 2025 (Amendment 2)",False,Stationary,Unclear,Other party,AUG-2024_01:51_Daly City_Passenger Car
30270-11671,1,Waymo LLC,Pickup Truck,Parking Maneuver,Parked,3.0,"On August [XXX], 2025 at 10:57 PM PT a Waymo Autonomous Vehicle (""Waymo AV"") operating in Culver City, California was in a collision involving a pickup truck with a flatbed trailer on [XXX] near [XXX]. 
The Waymo AV was parked at the curb facing west on [XXX] and a pickup truck with an attached flatbed trailer was parked in front of the Waymo AV. The Waymo AV proceeded forward and to the left to exit the parking spot, and the front right side of the Waymo AV made contact with the left rear side of the flatbed. At the time of the impact, the Waymo AV's Level 4 ADS was engaged in autonomous mode. The Waymo AV sustained damage.
Waymo is reporting this crash under Request No. 2 of Standing General Order 2021-01. Waymo may supplement or correct its reporting with additional information as it may become available.",Property Damage. No Injured Reported,"No Subject Vehicle, No Crash Partner","No Subject Vehicle, No Crash Partner",Subject Vehicle - No Passenger In Vehicle,Culver City,CA,AUG-2025,22:57,Street,Y, , , , , ,"After June 16, 2025 (Amendment 3)",False,Moving,Unclear,Waymo,AUG-2025_22:57_Culver City_Pickup Truck
30270-11622,1,Waymo LLC,Passenger Car,Stopped,Proceeding Straight,0.0,"On August [XXX], 2025 at 9:37 PM PT a Waymo Autonomous Vehicle (""Waymo AV"") operating in San Francisco, California was in a collision involving a passenger car on [XXX] at [XXX]. 
The Waymo AV was stopped facing east in the right turn lane on [XXX] for a red light at the intersection with [XXX]. While the Waymo AV remained stopped for the red light, a passenger car traveling eastbound on [XXX] approached the Waymo AV from behind, and the front of the passenger car made contact with the rear of the stationary Waymo AV. At the time of the impact, the Waymo AV's Level 4 ADS was engaged in autonomous mode. The Waymo AV sustained damage.
Waymo is reporting this crash under Request No. 2 of Standing General Order 2021-01. Waymo may supplement or correct its reporting with additional information as it may become available.",Property Damage. No Injured Reported,"No Subject Vehicle, No Crash Partner","No Subject Vehicle, No Crash Partner",Subject Vehicle - All Belted,San Francisco,CA,AUG-2025,21:37,Intersection,Y, , , , , ,"After June 16, 2025 (Amendment 3)",False,Stationary,Other party,Other party,AUG-2025_21:37_San Francisco_Passenger Car
30270-11607,1,Waymo LLC,Passenger Car,Entering Traffic,Proceeding Straight,8.0,"On August [XXX], 2025 at 7:34 PM PT a Waymo Autonomous Vehicle (""Waymo AV"") operating in San Francisco, California was in a collision involving a passenger car on [XXX] near [XXX]. 
The Waymo AV was stopped facing west at the curb on the north side of [XXX] after a passenger drop-off. At the same time, a passenger car was traveling westbound within a queue of traffic in the adjacent lane. The Waymo AV then proceeded to maneuver forward and to the left to exit the parking spot and merge into a gap in the traffic queue ahead of the passenger car. The passenger car continued to proceed forward, and the front right side of the passenger car made contact with the rear left side of the Waymo AV. At the time of the impact, the Waymo AV's Level 4 ADS was engaged in autonomous mode. Both vehicles sustained damage.
Waymo is reporting this crash under Request No. 2 of Standing General Order 2021-01. Waymo may supplement or correct its reporting with additional information as it may become available.",Property Damage. No Injured Reported,"No Subject Vehicle, No Crash Partner","No Subject Vehicle, No Crash Partner",Subject Vehicle - No Passenger In Vehicle,San Francisco,CA,AUG-2025,19:34,Street, ,Y, , , , ,"After June 16, 2025 (Amendment 3)",False,Moving,Unclear,Other party,AUG-2025_19:34_San Francisco_Passenger Car
30270-11765,1,Waymo LLC,Passenger Car,Stopped,Proceeding Straight,0.0,"On August 31, 2025 at 11:03 PM PT a Waymo Autonomous Vehicle (""Waymo AV"") operating in San Francisco, California was in a collision involving a passenger car on Jefferson Street at Mason Street. 
The Waymo AV was stopped facing west on Jefferson Street for a red light at the intersection at Mason Street. While the Waymo AV remained stopped, a passenger car approached the Waymo AV from behind and the front of the passenger car made contact with the rear of the stationary Waymo AV. At the time of the impact, the Waymo AV's Level 4 ADS was engaged in autonomous mode. Waymo became aware of damage to the Waymo AV exceeding $1,000 on September 17, 2025.
Waymo is reporting this crash under Request No. 2 of Standing General Order 2021-01. Waymo may supplement or correct its reporting with additional information as it may become available.",Property Damage. No Injured Reported,"No Subject Vehicle, No Crash Partner","No Subject Vehicle, No Crash Partner",Subject Vehicle - All Belted,San Francisco,CA ,AUG-2025,23:03,Street,Y, , , , , ,"After June 16, 2025 (Amendment 3)",False,Stationary,Other party,Other party,AUG-2025_23:03_San Francisco_Passenger Car
30270-11605,1,Waymo LLC,SUV,Parked,Proceeding Straight,0.0,"On August [XXX], 2025 at 5:25 PM PT a Waymo Autonomous Vehicle (""Waymo AV"") operating in San Francisco, California was in a collision involving an SUV on [XXX] near [XXX]. 
The Waymo AV was parked at the curb facing north on [XXX] for a passenger drop-off with hazard lights activated. An SUV was traveling northbound on [XXX]. As the SUV approached the parked Waymo AV, a Waymo AV passenger opened the rear left door and the right side of the SUV made contact with the open left rear door of the stopped Waymo AV. At the time of the impact, the Waymo AV's Level 4 ADS was engaged in autonomous mode. Both vehicles sustained damage. The passengers in the Waymo AV were not belted at the time of the collision as they were preparing to exit the Waymo AV.
Waymo is reporting this crash under Request No. 1 of Standing General Order 2021-01 because a vehicle involved was towed away. Waymo may supplement or correct its reporting with additional information as it may become available.",No Injured Reported,"No Subject Vehicle, No Crash Partner","Yes Subject Vehicle, No Crash Partner",Subject Vehicle - Not Belted - see Narrative,San Francisco,CA,AUG-2025,17:25,Street,Y, , , , , ,"After June 16, 2025 (Amendment 3)",False,Stationary,Unclear,Waymo,AUG-2025_17:25_San Francisco_SUV
30270-11516,1,Waymo LLC,Heavy Truck,Proceeding Straight,Backing,13.0,"On August 16, 2025 at 7:47 AM PT a Waymo Autonomous Vehicle (""Waymo AV"") operating in San Francisco, California was in a collision involving a heavy truck on [XXX] and [XXX]. 
The Waymo AV was traveling westbound on [XXX] when it came to a stop in the intersection with [XXX] to yield to a heavy truck that was traveling northwestbound on [XXX] and attempting to make a sharp left turn onto southbound [XXX]. The heavy truck reversed momentarily in the Waymo AV's lane of travel and proceeded forward before it stopped facing south for pedestrians that were crossing [XXX]. The Waymo AV proceeded to maneuver around the stationary heavy truck, passing to the rear of the truck. While the Waymo AV was passing behind the heavy truck, the heavy truck began reversing and the rear of the heavy truck made contact with the left side of the Waymo AV. At the time of the impact, the Waymo AV's Level 4 ADS was engaged in autonomous mode. The Waymo AV sustained damage.
Waymo is reporting this crash under Request No. 1 of Standing General Order 2021-01 because a vehicle involved was towed away. Waymo may supplement or correct its reporting with additional information as it may become available.",Property Damage. No Injured Reported,"No Subject Vehicle, No Crash Partner","Yes Subject Vehicle, No Crash Partner",Subject Vehicle - No Passenger In Vehicle,San Francisco,CA,AUG-2025,07:47,Intersection, ,Y, , , , ,"After June 16, 2025 (Amendment 3)",False,Moving,Unclear,Other party,AUG-2025_07:47_San Francisco_Heavy Truck
30270-11508,1,Waymo LLC,Pickup Truck,Parked,Passing,0.0,"On August [XXX], 2025 at 11:21 AM PT a Waymo Autonomous Vehicle (""Waymo AV"") operating in Los Angeles, California was in a collision involving a pickup truck on [XXX] near [XXX]. 
The Waymo AV was stopped in-lane facing west on [XXX] for a passenger pick-up with hazard lights activated. A pickup truck hauling a flatbed trailer was traveling northbound on [XXX] and made a right turn onto eastbound [XXX]. As the pickup truck completed the turn and proceeded to pass the Waymo AV, the left side of the pickup truck made contact with the rear left side of the stationary Waymo AV. At the time of the impact, the Waymo AV's Level 4 ADS was engaged in autonomous mode. The Waymo AV sustained damage.
Waymo is reporting this crash under Request No. 1 of Standing General Order 2021-01 because a vehicle involved was towed away. Waymo may supplement or correct its reporting with additional information as it may become available.",Property Damage. No Injured Reported,"No Subject Vehicle, No Crash Partner","Yes Subject Vehicle, No Crash Partner",Subject Vehicle - No Passenger In Vehicle,Los Angeles,CA,AUG-2025,11:21,Street,Y, , , , , ,"After June 16, 2025 (Amendment 3)",False,Stationary,Unclear,Other party,AUG-2025_11:21_Los Angeles_Pickup Truck
30270-11501,1,Waymo LLC,Pickup Truck,Proceeding Straight,Parked,7.0,"On August [XXX], 2025 at 9:03 AM PT a Waymo Autonomous Vehicle (""Waymo AV"") operating in San Francisco, California was in a collision involving a pickup truck on [XXX] near [XXX]. 
The Waymo AV was traveling eastbound on [XXX] when a city bus that was traveling westbound on [XXX] approached in the oncoming direction. As the Waymo AV continued eastbound with the city bus on its left and a pickup truck that was parked facing east at the curb on the Waymo AV's right, the driver of the pickup truck opened the front left door and the right side of the Waymo AV made contact with the open front left door of the pickup truck. At the time of the impact, the Waymo AV's Level 4 ADS was engaged in autonomous mode. Both vehicles sustained damage.
Waymo is reporting this crash under Request No. 1 of Standing General Order 2021-01 because a vehicle involved was towed away. Waymo may supplement or correct its reporting with additional information as it may become available.",Property Damage. No Injured Reported,"No Subject Vehicle, No Crash Partner","Yes Subject Vehicle, No Crash Partner",Subject Vehicle - All Belted,San Francisco,CA,AUG-2025,09:03,Street, ,Y, , , , ,"After June 16, 2025 (Amendment 3)",False,Moving,Unclear,Waymo,AUG-2025_09:03_San Francisco_Pickup Truck
30270-11496,1,Waymo LLC,Motorcycle,Stopped,"Other, see Narrative",0.0,"On August [XXX], 2025 at 1:50 PM PT a Waymo Autonomous Vehicle (""Waymo AV"") operating in San Francisco, California was in a collision involving a motorcycle on [XXX] at [XXX]. 
The Waymo AV was traveling southbound in the left lane on [XXX] when it slowed to a stop for a queue of traffic for a red light at the intersection with [XXX]. A motorcycle traveling southbound in the left lane on [XXX] began passing the Waymo AV on the right side, maneuvering between the Waymo AV and a passenger car stopped in the right lane. As the motorcycle passed between the Waymo AV and the stationary passenger car, a passenger in the passenger car opened the rear left side door and the motorcycle made contact with the open rear left side door of the passenger car. As the motorcycle fell to the left, the motorcycle made contact with the right side of the stationary Waymo AV. At the time of the impact, the Waymo AV's Level 4 ADS was engaged in autonomous mode. The Waymo AV and the passenger car sustained damage. The motorcyclist alleged a minor injury.
Waymo is reporting this crash under Request No. 2. Waymo may supplement or correct its reporting with additional information as it may become available.",Minor W/O Hospitalization,"No Subject Vehicle, No Crash Partner","No Subject Vehicle, No Crash Partner",Subject Vehicle - All Belted,San Francisco,CA,AUG-2025,13:50,Street,Y, , , , , ,"After June 16, 2025 (Amendment 3)",False,Stationary,Unclear,Waymo,AUG-2025_13:50_San Francisco_Motorcycle
30270-11495,1,Waymo LLC,Bus,Parked,Proceeding Straight,0.0,"On August [XXX], 2025 at 12:04 AM PT a Waymo Autonomous Vehicle (""Waymo AV"") operating in Los Angeles, California was in a collision involving a city bus on [XXX] near [XXX]. 
The Waymo AV was parked at the curb facing south on [XXX] for a passenger drop-off with hazard lights activated. A bus was traveling southbound on [XXX] in the left adjacent lane. As the bus approached the parked Waymo AV, a Waymo AV passenger opened the rear left door and the right side of the bus made contact with the open left rear door of the Waymo AV. At the time of the impact, the Waymo AV's Level 4 ADS was engaged in autonomous mode. The Waymo AV sustained damage. A passenger in the Waymo AV was not belted at the time of the collision as they were preparing to exit the Waymo AV.
Waymo is reporting this crash under Request No. 1 of Standing General Order 2021-01 because a vehicle involved was towed away. Waymo may supplement or correct its reporting with additional information as it may become available.",Property Damage. No Injured Reported,"No Subject Vehicle, No Crash Partner","Yes Subject Vehicle, No Crash Partner",Subject Vehicle - Not Belted - see Narrative,Los Angeles,CA,AUG-2025,00:04,Street,Y, , , , , ,"After June 16, 2025 (Amendment 3)",False,Stationary,Unclear,Waymo,AUG-2025_00:04_Los Angeles_Bus
30270-11490,1,Waymo LLC,Passenger Car,Parked,Proceeding Straight,0.0,"On August [XXX], 2025 at 11:43 AM PT a Waymo Autonomous Vehicle (""Waymo AV"") operating in San Francisco, California was in a collision involving a passenger car on [XXX] near [XXX]. 
The Waymo AV was parked in the right lane facing north on [XXX] for a passenger drop-off with hazard lights activated and the trunk open. After the passengers exited the Waymo AV, a passenger car that was stopped directly behind the parked Waymo AV began to change lanes to the left lane. As the passenger car crossed the lane line, the front right side of a pickup truck that was traveling northbound in the second to the right lane made contact with the left side of the passenger car, causing the front right side of the passenger car to then make contact with the rear left side of the stationary Waymo AV. At the time of the impact, the Waymo AV's Level 4 ADS was engaged in autonomous mode. The Waymo AV, passenger car, and pickup truck sustained damage.
Waymo is reporting this crash under Request No. 1 of Standing General Order 2021-01 because a vehicle involved was towed away. Waymo may supplement or correct its reporting with additional information as it may become available.",Property Damage. No Injured Reported,"No Subject Vehicle, No Crash Partner","Yes Subject Vehicle, No Crash Partner",Subject Vehicle - No Passenger In Vehicle,San Francisco,CA,AUG-2025,11:43,Street,Y, , , , , ,"After June 16, 2025 (Amendment 3)",False,Stationary,Unclear,Other party,AUG-2025_11:43_San Francisco_Passenger Car
30270-11488,2,Waymo LLC,Passenger Car,Stopped,Proceeding Straight,0.0,"Other than an update to the highest severity injury alleged field to reflect a minor injury (which is also reflected in the narrative below), the content of this report is unchanged from the initial report submitted on August 12, 2025 [REDACTED, MAY CONTAIN CONFIDENTIAL BUSINESS INFORMATION].
On August [XXX], 2025 at 4:54 PM PT a Waymo Autonomous Vehicle (""Waymo AV"") operating in San Francisco, California was in a collision involving a passenger car on [XXX] at [XXX]. 
The Waymo AV was stopped in the rightmost lane facing northeast on [XXX] in a queue of traffic at the intersection with [XXX] at a location where the rightmost lane and leftmost lane are separated by a raised transit boarding island. As the queue of traffic advanced, the Waymo AV began moving forward. A scooterist traveling northeastbound in the rightmost lane proceeded to pass to the right of the Waymo AV followed closely by a cyclist, and the Waymo AV shifted left towards the raised boarding island and slowed to a stop to yield to the scooterist and cyclist. A passenger car traveling behind the Waymo AV approached the Waymo AV from behind and the front of the passenger car made contact with the rear of the stationary Waymo AV. At the time of the impact, the Waymo AV's Level 4 ADS was engaged in autonomous mode. Both vehicles sustained damage. The passenger of the Waymo AV later alleged a minor injury.
Waymo is reporting this crash under Request No. 1 of Standing General Order 2021-01 because a vehicle involved was towed away. Waymo may supplement or correct its reporting with additional information as it may become available.",Minor W/O Hospitalization,"No Subject Vehicle, No Crash Partner","Yes Subject Vehicle, No Crash Partner",Subject Vehicle - All Belted,San Francisco,CA,AUG-2025,16:54,Street,Y, , , , , ,"After June 16, 2025 (Amendment 3)",False,Stationary,Other party,Other party,AUG-2025_16:54_San Francisco_Passenger Car
30270-11476,1,Waymo LLC,Passenger Car,Proceeding Straight,Passing,24.0,"On August [XXX], 2025 at 10:23 PM PT a Waymo Autonomous Vehicle (""Waymo AV"") operating in Los Angeles, California was in a collision involving a passenger car on [XXX] near [XXX]. 
The Waymo AV was traveling southbound on [XXX] when a passenger car approached the Waymo AV from behind and the front right side of the passenger car made contact with the rear left side of the Waymo AV. The passenger car continued southbound to pass the Waymo AV and then swerved right, coming to a stop when the passenger car hit a sign post on the west curb of [XXX]. At the time of the impact, the Waymo AV's Level 4 ADS was engaged in autonomous mode. Both vehicles sustained damage. The two passengers in the Waymo AV alleged minor injuries.
Waymo is reporting this crash under Request No. 1 of Standing General Order 2021-01 a vehicle involved was towed away. Waymo may supplement or correct its reporting with additional information as it may become available.",Minor W/O Hospitalization,"No Subject Vehicle, No Crash Partner","Yes Subject Vehicle, No Crash Partner",Subject Vehicle - All Belted,Los Angeles,CA,AUG-2025,22:23,Street,Y, , , , , ,"After June 16, 2025 (Amendment 3)",False,Moving,Unclear,Other party,AUG-2025_22:23_Los Angeles_Passenger Car
30270-11475,1,Waymo LLC,Van,Stopped,Proceeding Straight,0.0,"On August [XXX], 2025 at 3:49 AM PT a Waymo Autonomous Vehicle (""Waymo AV"") operating in Los Angeles, California was in a collision involving a minivan on [XXX] at [XXX]. 
The Waymo AV was traveling eastbound in the third to the right lane on [XXX] when it came to a stop for a red light at the intersection at [XXX]. While the Waymo AV remained stopped, a minivan approached the Waymo AV from behind and the front of the minivan made contact with the rear of the Waymo AV. At the time of the impact, the Waymo AV's Level 4 ADS was engaged in autonomous mode. Both vehicles sustained damage. The passenger in the Waymo AV alleged minor injuries. 
Waymo is reporting this crash under Request No. 1 of Standing General Order 2021-01 because a vehicle involved was towed away. Waymo may supplement or correct its reporting with additional information as it may become available.",Minor W/O Hospitalization,"No Subject Vehicle, No Crash Partner","Yes Subject Vehicle, No Crash Partner",Subject Vehicle - All Belted,Los Angeles,CA,AUG-2025,03:49,Intersection,Y, , , , , ,"After June 16, 2025 (Amendment 3)",False,Stationary,Other party,Other party,AUG-2025_03:49_Los Angeles_Van