Report ID,Report Version,Reporting Entity,Crash With,SV Pre-Crash Movement,CP Pre-Crash Movement,SV Precrash Speed (MPH),Narrative,Highest Injury Severity Alleged,Any Air Bags Deployed?,Was Any Vehicle Towed?,Were All Passengers Belted?,City,State,Incident Date,Incident Time (24:00),Roadway Type,Weather - Clear,Weather - Cloudy,Weather - Rain,Weather - Snow,Weather - Severe Wind,Weather - Fog/Smoke/Haze,Data Period,Manual Mode at Impact,Waymo Status,Likely Fault,Contact Initiator,Incident_Key
30270-6981,2,Waymo LLC,Motorcycle,Stopped,Proceeding Straight,0.0,"This report includes the following updates to the initial report submitted on January 14, 2024 [REDACTED, MAY CONTAIN CONFIDENTIAL BUSINESS INFORMATION]: corrected event year in the narrative from 2023 to 2024 LOCATION ADDRESS / DESCRIPTION field updated to reflect the location listed in the narrative clarifications added to the narrative and correction to the Waymo AVs mileage. The remainder is unchanged from the initial report. 
On January [XXX], 2024 at 10:52AM PT a rider of a moped lost control of the moped they were operating and fell and slid in front of a Waymo Autonomous Vehicle (Waymo AV) operating in San Francisco, California on [XXX] at [XXX] neither the moped nor its driver made contact with the Waymo AV.
The Waymo AV was stopped on northbound [XXX] at the intersection with [XXX] when it started to proceed forward while facing a red traffic light. As the Waymo AV entered the intersection, it detected a moped traveling on eastbound [XXX] and braked. As the Waymo AV braked to a stop, the rider of the moped braked then fell on the wet roadway before sliding to a stop in front of the stationary Waymo AV. There was no contact between the moped or its rider and the Waymo AV. The Waymo AVs Level 4 ADS was engaged in autonomous mode. 
Waymo is reporting this crash under Request No. 1 of Standing General Order 2021-01 because a passenger of the Waymo AV reported that the moped may have been damaged. Waymo may supplement or correct its reporting with additional information as it may become available.",No Injuries Reported,No,No,Yes,San Francisco,CA ,JAN-2024,10:52,Intersection, ,Y, , , , ,"Prior to June 16, 2025 (Amendment 2)",False,Stationary,Unclear,Other party,JAN-2024_10:52_San Francisco_Motorcycle
30270-7054,1,Waymo LLC,"Other, see Narrative",Proceeding Straight,"Other, see Narrative",35.0,"On January [XXX], 2024 at 4:50 PM PT a Waymo Autonomous Vehicle (Waymo AV) operating in Phoenix, Arizona was in an event involving a rock in the road on [XXX] past [XXX].
The Waymo AV was traveling northbound on [XXX] in the far right lane when its front passenger side tire made contact with a rock in the road and immediately deflated. At the time of the impact, the Waymo AVs Level 4 ADS was engaged in autonomous mode. The Waymo AV sustained damage.
Waymo is reporting this under Request No. 1 of Standing General Order 2021-01 because a vehicle involved was towed away. Waymo may supplement or correct its reporting with additional information as it may become available.",No Injuries Reported,No,Yes,Yes,Phoenix,CA ,JAN-2024,17:50,Street, ,Y, , , , ,"Prior to June 16, 2025 (Amendment 2)",False,Moving,Unclear,Unclear,"JAN-2024_17:50_Phoenix_Other, see Narrative"
30270-7071,1,Waymo LLC,Passenger Car,Stopped,Changing Lanes,0.0,"On January [XXX], 2024 at 5:15 PM PT a Waymo Autonomous Vehicle (Waymo AV) operating in San Francisco, California was in a collision involving a passenger vehicle on [XXX] near [XXX].
The Waymo AV was traveling southbound on [XXX] in the leftmost thru lane, adjacent to a dedicated left turn lane on its left. As the Waymo AV approached the intersection with [XXX], it came to a stop behind its lead vehicle. The passenger vehicle behind the Waymo AV then attempted to change lanes into the dedicated left turn lane, and made contact with the rear driver side corner of the Waymo AV. At the time of the impact, the Waymo AVs Level 4 ADS was engaged in autonomous mode. Both vehicles sustained damage.
Waymo is reporting this crash under Request No. 1 of Standing General Order 2021-01 because a vehicle involved was towed away. Waymo may supplement or correct its reporting with additional information as it may become available.",No Injuries Reported,No,Yes,No Passengers in Vehicle,San Francisco,CA ,JAN-2024,17:15,Street, ,Y,Y, , , ,"Prior to June 16, 2025 (Amendment 2)",False,Stationary,Unclear,Other party,JAN-2024_17:15_San Francisco_Passenger Car
30270-7162,1,Waymo LLC,Passenger Car,Stopped,Making Left Turn,0.0,"On January [XXX], 2024 at 12:41 AM PT a Waymo Autonomous Vehicle (Waymo AV) operating in San Francisco, California was in a collision involving two passenger vehicles in the intersection of [XXX] at [XXX] and [XXX]. 
The Waymo AV was stopped on eastbound [XXX] at a red traffic light with vehicles behind it, preparing to make an unprotected left turn onto eastbound [XXX]. When the light turned green, the Waymo AV proceeded into the intersection on [XXX], then stopped to yield to approaching vehicles. A black passenger vehicle two vehicles behind the Waymo AV then overtook both the Waymo AV and the vehicle behind the Waymo AV, and made contact with the front passenger side corner of a white passenger vehicle turning left in the opposite direction (onto westbound [XXX]). The Waymo AV then moved slightly forward, then came to a stop as the white passenger vehicle then moved backward from the collision with the black passenger vehicle. The rear passenger side corner of the white passenger vehicle made contact with the front passenger side of the Waymo AV. The black passenger vehicle left the scene. At the time of the impact, the Waymo AVs Level 4 ADS was engaged in autonomous mode. The Waymo AV did not sustain damage, but the other two passenger vehicles sustained damage. 
Waymo is reporting this crash under Request No. 2 of Standing General Order 2021-01. Waymo may supplement or correct its reporting with additional information as it may become available.",No Injuries Reported,No,No,No Passengers in Vehicle,San Francisco,CA ,JAN-2024,00:41,Intersection, , ,Y, , , ,"Prior to June 16, 2025 (Amendment 2)",False,Stationary,Unclear,Other party,JAN-2024_00:41_San Francisco_Passenger Car
30270-7161,1,Waymo LLC,Bus,Stopped,Making Left Turn,0.0,"On January [XXX], 2024 at 8:12 PM PT a Waymo Autonomous Vehicle (Waymo AV) operating in San Francisco, California was in a collision involving a bus on westbound [XXX] at [XXX].
The Waymo AV was stopped at a stop sign on westbound [XXX] at the intersection with [XXX] when a bus traveling on southbound [XXX] started to make a left turn onto eastbound [XXX], a narrow road. As the bus performed the left turn onto [XXX], the Waymo AV slowly moved forward and to the right, but the left side of the bus made contact with the rear driver side corner of the Waymo AV. At the time of the impact, the Waymo AVs Level 4 ADS was engaged in autonomous mode.  Both vehicles sustained damage.
Waymo is reporting this crash under Request No. 2 of Standing General Order 2021-01. Waymo may supplement or correct its reporting with additional information as it may become available.",No Injuries Reported,No,No,Yes,San Francisco,CA ,JAN-2024,20:11,Intersection,Y, , , , , ,"Prior to June 16, 2025 (Amendment 2)",False,Stationary,Unclear,Other party,JAN-2024_20:11_San Francisco_Bus
30270-7157,3,Waymo LLC,SUV,Stopped,Proceeding Straight,0.0,"Waymo is submitting a second update to the report for this event, which Waymo submitted to NHTSA originally on February 15, 2024 and updated on April 30, 2024 [REDACTED, MAY CONTAIN CONFIDENTIAL BUSINESS INFORMATION]. Waymo is submitting this update because it has received a claim for injuries for three passengers in the SUV. The claim did not provide more specific information about the nature or severity of the injuries. This change is also reflected in the ""Highest Injury Severity Alleged"" field. Otherwise, the content of this report is unchanged from the previous report submitted. 
On January [XXX], 2023 at 12:05 PM PT a Waymo Autonomous Vehicle (""Waymo AV"") operating in Los Angeles, California was in a collision involving an SUV on [XXX] at [XXX].  
The Waymo AV was traveling northbound on [XXX] when it came to a stop to yield to an oncoming vehicle in a narrow roadway with parked vehicles on both sides of the street. As the oncoming SUV passed the Waymo AV, the driver's side rear of the SUV made contact with the driver's side rear of the Waymo AV. At the time of the impact, the Waymo AV's Level 4 ADS was engaged in autonomous mode, and the passengers were in the process of putting on their seatbelts just after entering the Waymo AV. The Waymo AV sustained damage and the SUV left the scene. 
Waymo is reporting this crash under Request No. 2 of Standing General Order 2021-01. Waymo may supplement or correct its reporting with additional information as it may become available.",Unknown,No,No,"No, see Narrative",Los Angeles,CA ,JAN-2024,12:04,Street,Y, , , , , ,"Prior to June 16, 2025 (Amendment 2)",False,Stationary,Unclear,Other party,JAN-2024_12:04_Los Angeles_SUV
30270-9765,1,Waymo LLC,Passenger Car,Stopped,Proceeding Straight,0.0,"On January [XXX], 2025 at 6:53 PM PT a Waymo Autonomous Vehicle (""Waymo AV"") operating in Los Angeles, California was in a collision involving a passenger car on the 1500 block of [XXX] near [XXX]. 
The Waymo AV was traveling south in the second to the right lane on [XXX] and came to a stop in a queue of traffic.   A passenger car approached the Waymo AV from behind, and the front of the passenger car made contact with the rear of the stationary Waymo AV. At the time of the impact, the Waymo AV's Level 4 ADS was engaged in autonomous mode. Both vehicles sustained damage.
Waymo is reporting this crash under Request No. 1 of Standing General Order 2021-01 because a vehicle involved was towed away. Waymo may supplement or correct its reporting with additional information as it may become available.",No Injuries Reported,No,Yes,Yes,Los Angeles,CA ,JAN-2025,18:53,Street, , ,Y, , , ,"Prior to June 16, 2025 (Amendment 2)",False,Stationary,Other party,Other party,JAN-2025_18:53_Los Angeles_Passenger Car
30270-9537,1,Waymo LLC,Passenger Car,Stopped,Proceeding Straight,0.0,"On January [XXX], 2025 at 10:48 PM PT a Waymo Autonomous Vehicle (""Waymo AV"") operating in San Francisco, California was in a collision involving a passenger car on [XXX] at [XXX]. 
The Waymo AV was parked at the curb facing east on [XXX] when a passenger car traveling east on [XXX] passed the Waymo AV.  As the passenger car passed the parked Waymo AV, the sideview mirror on the passenger side of the passenger car made contact with the sideview mirror on the driver side of the Waymo AV.  At the time of the impact, the Waymo AV's Level 4 ADS was engaged in autonomous mode. The Waymo AV sustained damage and the passenger car left the scene.
Waymo is reporting this crash under Request No. 1 of Standing General Order 2021-01. A vehicle involved was towed away. Waymo may supplement or correct its reporting with additional information as it may become available.",No Injuries Reported,No,Yes,No Passengers in Vehicle,San Francisco,CA ,JAN-2025,22:48,Street,Y, , , , , ,"Prior to June 16, 2025 (Amendment 2)",False,Stationary,Unclear,Other party,JAN-2025_22:48_San Francisco_Passenger Car
30270-9764,1,Waymo LLC,SUV,Proceeding Straight,Parked,17.0,"On January [XXX], 2025 at 2:22 AM PT a Waymo Autonomous Vehicle (""Waymo AV"") operating in San Francisco, California was in a collision involving an SUV on [XXX] near [XXX]. 
The Waymo AV was traveling northbound on a narrow portion of [XXX], with vehicles parked at the curb in both directions. As the Waymo AV passed a SUV double parked facing southbound on [XXX], the rear driver side door of the SUV opened and made contact with the driver side of the Waymo AV. At the time of the impact, the Waymo AV's Level 4 ADS was engaged in autonomous mode. Both vehicles sustained damage.
Waymo is reporting this crash under Request No. 1 of Standing General Order 2021-01 because a vehicle involved was towed away. Waymo may supplement or correct its reporting with additional information as it may become available.",No Injuries Reported,No,Yes,No Passengers in Vehicle,San Francisco,CA ,JAN-2025,02:22,Street,Y, , , , , ,"Prior to June 16, 2025 (Amendment 2)",False,Moving,Unclear,Other party,JAN-2025_02:22_San Francisco_SUV
30270-9763,1,Waymo LLC,"Other, see Narrative",Making Left Turn,"Other, see Narrative",9.0,"On January [XXX], 2025 at 10:48 PM PT a Waymo Autonomous Vehicle (""Waymo AV"") operating in West Hollywood, California made contact with the pavement at the elevated entrance of a parking lot near [XXX]. 
The Waymo AV was traveling westbound on [XXX] and turning left into a parking lot for a passenger pickup.  As the Waymo AV turned into the parking lot, the Waymo AV's undercarriage made contact with the raised pavement of the sidewalk and the paved entrance to the parking lot. At the time of the impact, the Waymo AV's Level 4 ADS was engaged in autonomous mode.  Waymo became aware that the Waymo AV sustained damage resulting in a tow at 12:40 AM PT on January 25th, 2025.
Waymo is reporting this crash under Request No. 1 of Standing General Order 2021-01 because a vehicle involved was towed away. Waymo may supplement or correct its reporting with additional information as it may become available.",No Injuries Reported,No,Yes,No Passengers in Vehicle,Los Angeles,CA ,JAN-2025,22:48,Parking Lot,Y, , , , , ,"Prior to June 16, 2025 (Amendment 2)",False,Moving,Unclear,Waymo,"JAN-2025_22:48_Los Angeles_Other, see Narrative"
30270-9565,1,Waymo LLC,Heavy Truck,Stopped,Proceeding Straight,0.0,"On January [XXX], 2025 at 8:09 AM PT a Waymo Autonomous Vehicle (Waymo AV) operating in Culver City, California was in a collision involving a heavy truck (garbage truck) near [XXX]. 
The Waymo AV was traveling northeast on [XXX] when it came to a stop to yield to an oncoming garbage truck in a narrow roadway with parked vehicles on both sides of the street. As the oncoming garbage truck passed the stopped Waymo AV, the driver side of the garbage truck made contact with the rear driver side of the Waymo AV. At the time of the impact, the Waymo AVs Level 4 ADS was engaged in autonomous mode. The Waymo AV sustained damage.
Waymo is reporting this crash under Request No. 1 of Standing General Order 2021-01 because a vehicle involved was towed away. Waymo may supplement or correct its reporting with additional information as it may become available.",No Injuries Reported,No,Yes,No Passengers in Vehicle,Culver City,CA ,JAN-2025,08:09,Street,Y, , , , , ,"Prior to June 16, 2025 (Amendment 2)",False,Stationary,Unclear,Other party,JAN-2025_08:09_Culver City_Heavy Truck
30270-9606,1,Waymo LLC,Heavy Truck,"Other, see Narrative","Other, see Narrative",1.0,"On January [XXX], 2025 at 9:21 AM PT a Waymo Autonomous Vehicle (Waymo AV) operating in San Francisco, California was in a collision involving a heavy truck on [XXX] near [XXX]. 
The Waymo AV was stopped on northwest [XXX] for a passenger drop off, with a heavy truck parked directly in front of it. After the Waymo AV completed the passenger drop off, the operator of the heavy truck began to lower the loading ramp attached to the rear of the heavy truck. The Waymo AV then proceeded to enter the rightmost lane of northwest [XXX] to maneuver around the left side of the heavy truck, but immediately came to a stop to yield to an SUV that was approaching in the rightmost lane. The Waymo AV then began to nudge to the left of the heavy truck at a low rate of speed as the ramp on the heavy truck continued to lower. As the Waymo AV was proceeding forward, the left corner of the ramp made contact with the passenger side of the Waymo AV. At the time of the impact, the Waymo AVs Level 4 ADS was engaged in autonomous mode. The Waymo AV sustained damage.
Waymo is reporting this crash under Request No. 1 of Standing General Order 2021-01 because a vehicle involved was towed away. Waymo may supplement or correct its reporting with additional information as it may become available.",No Injuries Reported,No,Yes,No Passengers in Vehicle,San Francisco,CA ,JAN-2025,09:21,Street,Y, , , , , ,"Prior to June 16, 2025 (Amendment 2)",False,Moving,Unclear,Other party,JAN-2025_09:21_San Francisco_Heavy Truck
30270-9738,1,Waymo LLC,Passenger Car,Stopped,Proceeding Straight,0.0,"On January [XXX], 2025 at 2:12 AM PT a Waymo Autonomous Vehicle (""Waymo AV"") operating in San Francisco, California was in a collision involving a passenger car on [XXX] at [XXX]. 
The Waymo AV was stopped for a red light on westbound [XXX] when a passenger car traveling at a high rate of speed approached the Waymo AV from behind. The front of the passenger car then made contact with the rear of the stationary Waymo AV. At the time of the impact, the Waymo AV's Level 4 ADS was engaged in autonomous mode. Both vehicles sustained damage.
Waymo is reporting this crash under Request No. 1 of Standing General Order 2021-01 because vehicles involved were towed away and because of airbag deployment. Waymo may supplement or correct its reporting with additional information as it may become available.",No Injuries Reported,No,Yes,No Passengers in Vehicle,San Francisco,CA ,JAN-2025,02:12,Street,Y, , , , , ,"Prior to June 16, 2025 (Amendment 2)",False,Stationary,Other party,Other party,JAN-2025_02:12_San Francisco_Passenger Car
30270-9737,1,Waymo LLC,Passenger Car,Stopped,Proceeding Straight,0.0,"On January [XXX], 2025 at 3:59 AM PT a Waymo Autonomous Vehicle (""Waymo AV"") operating in Los Angeles, California was in a collision involving a passenger car on [XXX] near [XXX]. 
The Waymo AV was stopped facing northeast on [XXX] after a passenger drop off. While the Waymo AV remained stopped, a passenger car approached the Waymo AV from behind. The front of the passenger car then made contact with the rear driver side of the Waymo AV. At the time of the impact, the Waymo AV's Level 4 ADS was engaged in autonomous mode. Both vehicles sustained damage. 
Waymo is reporting this crash under Request No. 1 of Standing General Order 2021-01 because a vehicle involved was towed away and because of airbag deployment. Waymo may supplement or correct its reporting with additional information as it may become available.",No Injuries Reported,No,Yes,No Passengers in Vehicle,Los Angeles,CA ,JAN-2025,03:59,Street,Y, , , , , ,"Prior to June 16, 2025 (Amendment 2)",False,Stationary,Unclear,Other party,JAN-2025_03:59_Los Angeles_Passenger Car
30270-9767,1,Waymo LLC,Passenger Car,Stopped,Proceeding Straight,0.0,"On January [XXX], 2025 at 11:28 PM PT a Waymo Autonomous Vehicle (""Waymo AV"") operating in Los Angeles, California was in a collision involving a passenger car on [XXX] at [XXX]. 
The Waymo AV was traveling eastbound in the second from the right lane on East [XXX] and came to a stop for a red light at the intersection of [XXX].  A passenger car approached the Waymo AV from behind, did not appreciably slow down, and the front of the passenger car made contact with the rear driver side of the Waymo AV.  At the time of the impact, the Waymo AV's Level 4 ADS was engaged in autonomous mode. Both vehicles sustained damage.
Waymo is reporting this crash under Request No. 1 of Standing General Order 2021-01 because a vehicle involved was towed away and because of airbag deployment. Waymo may supplement or correct its reporting with additional information as it may become available.",No Injuries Reported,No,Yes,No Passengers in Vehicle,Los Angeles,CA ,JAN-2025,23:28,Street,Y, , , , , ,"Prior to June 16, 2025 (Amendment 2)",False,Stationary,Unclear,Other party,JAN-2025_23:28_Los Angeles_Passenger Car
30270-9735,1,Waymo LLC,Passenger Car,Proceeding Straight,"Other, see Narrative",21.0,"On January [XXX], 2025 at 6:42 AM PT a Waymo Autonomous Vehicle (Waymo AV) operating in San Francisco, California was in a collision involving a passenger car on [XXX] near [XXX].
The Waymo AV was proceeding south on [XXX] when a passenger car in front of the Waymo AV entered the two-way center turn lane on its left. As the Waymo AV neared the passenger car, the passenger car began to maneuver out of the center turn lane and re-enter the singular lane of [XXX]. The passenger side of the passenger car then made contact with the driver side of the Waymo AV. At the time of the impact, the Waymo AVs Level 4 ADS was engaged in autonomous mode. Both vehicles sustained damage.
Waymo is reporting this crash under Request No. 1 of Standing General Order 2021-01 because a vehicle involved was towed away. Waymo may supplement or correct its reporting with additional information as it may become available.",No Injuries Reported,No,Yes,No Passengers in Vehicle,San Francisco,CA ,JAN-2025,06:42,Street,Y, , , , , ,"Prior to June 16, 2025 (Amendment 2)",False,Moving,Unclear,Other party,JAN-2025_06:42_San Francisco_Passenger Car
30270-9724,2,Waymo LLC,Passenger Car,Stopped,Stopped,0.0,"Since the initial report [REDACTED, MAY CONTAIN CONFIDENTIAL BUSINESS INFORMATION] was submitted on January 20, 2025, the content of the report has been clarified with changes pertaining to the other vehicles involved and the zip code at which the collision occurred.
On January [XXX], 2025 at 6:07 PM PT a Waymo Autonomous Vehicle (Waymo AV) operating in San Francisco, CA was in a collision involving a passenger vehicle near the intersection of [XXX] and [XXX].
The Waymo AV, which had no occupants, was traveling northwestbound in the middle of three lanes on [XXX] and came to a stop in a queue of traffic. Shortly after, a passenger vehicle came to a stop behind the Waymo AV. While the Waymo AV and the other passenger vehicle were stopped, an SUV approached from behind at an extreme rate of speed and made contact with the passenger vehicle behind the Waymo AV, which then made contact with the rear bumper of the Waymo AV. According to the San Francisco Police Department, the Waymo AV then began to rotate clockwise and, as it was rotating, the front of the SUV made contact with the passenger side of the Waymo AV. The rear of the Waymo AV then made contact with the rear driver side corner of another passenger car that had just begun to proceed straight on northbound [XXX]. According to the San Francisco Police Department, at least two other vehicles were involved in the crash and one of the occupants of the vehicles involved in the crash and a domestic animal were declared deceased at the scene. At the time of the impact, the Waymo AVs Level 4 ADS was engaged in autonomous mode. The Waymo AV, the passenger vehicle behind the Waymo AV, and the SUV sustained severe damage. The extent of the damage to the other three vehicles is currently unknown. Waymo received notice that five passengers in four of the vehicles involved sustained injuries of varying severity. 
Waymo is reporting this crash under Request No. 1 of Standing General Order 2021-01 because of a fatality. Waymo may supplement or correct its reporting with additional information as it may become available.",Fatality,No,Yes,No Passengers in Vehicle,San Francisco,CA ,JAN-2025,18:07,Street,Y, , , , , ,"Prior to June 16, 2025 (Amendment 2)",False,Stationary,Unclear,Other party,JAN-2025_18:07_San Francisco_Passenger Car
30270-9721,1,Waymo LLC,SUV,Proceeding Straight,Proceeding Straight,1.0,"On January [XXX], 2025 at 1:12 PM PT a Waymo Autonomous Vehicle (""Waymo AV"") operating in San Francisco, California was in a collision involving an SUV on [XXX] at [XXX]. 
The Waymo AV was traveling southbound on [XXX], approaching the five-way series of intersections with [XXX], [XXX], and [XXX] in order to proceed on [XXX]. The Waymo AV proceeded straight past the intersection where [XXX] intersects [XXX], with an SUV following behind. Then, the traffic light turned red before the Waymo AV began to cross [XXX]. The Waymo AV began slowing to stop within the crosswalk along [XXX], and the front of the trailing SUV made contact with the rear of the Waymo AV. At the time of the impact, the Waymo AV's Level 4 ADS was engaged in autonomous mode. Both vehicles sustained damage.
Waymo is reporting this crash under Request No. 1 of Standing General Order 2021-01 because a vehicle involved was towed away. Waymo may supplement or correct its reporting with additional information as it may become available.",No Injuries Reported,No,Yes,No Passengers in Vehicle,San Francisco,CA ,JAN-2025,13:12,Intersection,Y, , , , , ,"Prior to June 16, 2025 (Amendment 2)",False,Moving,Other party,Other party,JAN-2025_13:12_San Francisco_SUV
30270-9654,2,Waymo LLC,Non-Motorist: Cyclist,Stopped,Traveling Wrong Way,0.0,"The content of this report is unchanged from the initial report submitted on January 14, 2025 [REDACTED, MAY CONTAIN CONFIDENTIAL BUSINESS INFORMATION]. 
On January [XXX], 2025 at 3:32 PM PT a Waymo Autonomous Vehicle (""Waymo AV"") operating in San Francisco, California was in a collision involving a cyclist on [XXX] at [XXX].
The Waymo AV was traveling northbound on [XXX] in the rightmost lane, and came to a stop for a red light at the intersection with [XXX]. While the Waymo AV remained stopped at the intersection, a cyclist traveling southbound against traffic proceeded through the intersection, passing the Waymo AV on the left, and the cyclist made contact with the driver side of the stationary Waymo AV. At the time of the impact, the Waymo AV's Level 4 ADS was engaged in autonomous mode. The Waymo AV sustained damage.
Waymo is reporting this crash under Request No. 1 of Standing General Order 2021-01 because a vulnerable road user was involved. Waymo may supplement or correct its reporting with additional information as it may become available.",No Injuries Reported,No,No,Yes,San Francisco,CA ,JAN-2025,15:32,Intersection, ,Y, , , , ,"Prior to June 16, 2025 (Amendment 2)",False,Stationary,Unclear,Other party,JAN-2025_15:32_San Francisco_Non-Motorist: Cyclist
30270-9635,1,Waymo LLC,Passenger Car,Stopped,Proceeding Straight,0.0,"On January [XXX], 2025 at 8:17 AM PT a Waymo Autonomous Vehicle (Waymo AV) operating in San Francisco, California was in a collision involving a passenger car on [XXX] at [XXX]. 
The Waymo AV was traveling in the leftmost lane of westbound [XXX] when it slowed to a stop to yield to traffic ahead of it in the same lane. While the Waymo AV remained stopped, a passenger car traveling directly behind the Waymo AV approached the Waymo AV from behind. The front driver side of the passenger car made contact with the rear passenger side of the Waymo AV. At the time of the impact, the Waymo AVs Level 4 ADS was engaged in autonomous mode. Both vehicles sustained damage.
Waymo is reporting this crash under Request No. 1 of Standing General Order 2021-01 because a vehicle involved was towed away. Waymo may supplement or correct its reporting with additional information as it may become available.",No Injuries Reported,No,Yes,No Passengers in Vehicle,San Francisco,CA ,JAN-2025,08:17,Street,Y, , , , , ,"Prior to June 16, 2025 (Amendment 2)",False,Stationary,Unclear,Other party,JAN-2025_08:17_San Francisco_Passenger Car
30270-9880,1,Waymo LLC,Pickup Truck,Stopped,Proceeding Straight,0.0,"On January [XXX], 2025 at 3:58 PM PT a Waymo Autonomous Vehicle (""Waymo AV"") operating in San Francisco, California was in a collision involving a pickup truck on [XXX]. 
The Waymo AV was traveling north on [XXX] and stopped for a red light at the intersection of [XXX]. At the same time, a pickup truck was traveling east on [XXX] and turned right onto southbound [XXX] Street. As the oncoming pickup truck attempted to pass the stationary Waymo AV, the driver side of the pickup truck made contact with the rear driver side of the Waymo AV.  At the time of the impact, the Waymo AV's Level 4 ADS was engaged in autonomous mode. The pickup truck sustained damage.
Waymo is reporting this crash under Request No. 2 of Standing General Order 2021-01.  Waymo may supplement or correct its reporting with additional information as it may become available.",No Injuries Reported,No,No,Yes,San Francisco,CA ,JAN-2025,15:57,Intersection,Y, , , , , ,"Prior to June 16, 2025 (Amendment 2)",False,Stationary,Unclear,Other party,JAN-2025_15:57_San Francisco_Pickup Truck
30270-9807,2,Waymo LLC,Passenger Car,Stopped,Proceeding Straight,0.0,"This is an update to report [XXX], originally submitted on February [XXX], 2025. The original report indicated there were no reported injuries. Waymo has since received notice of a minor injury to the passenger in the Waymo AV. The narrative below remains unchanged.
On January [XXX], 2025 at 2:48 PM PT a Waymo Autonomous Vehicle (""Waymo AV') operating in San Francisco, California was in a collision involving a passenger car on [XXX]. 
The Waymo AV was traveling southbound on [XXX] and was slowing for a queue of traffic. A passenger car traveling southbound on [XXX] approached the Waymo AV from behind, and the front of the passenger car made contact with the rear of the Waymo AV.  At the time of the impact, the Waymo AV's Level 4 ADS was engaged in autonomous mode. Both vehicles sustained damage.
Waymo is reporting this crash under Request No. 1 of Standing General Order 2021-01 because a vehicle involved was towed away. Waymo may supplement or correct its reporting with additional information as it may become available.",Minor,No,Yes,Yes,San Francisco,CA ,JAN-2025,14:48,Street, , ,Y, , , ,"Prior to June 16, 2025 (Amendment 2)",False,Stationary,Other party,Other party,JAN-2025_14:48_San Francisco_Passenger Car
30270-9806,1,Waymo LLC,"Other, see Narrative",Proceeding Straight,Parked,23.0,"On January [XXX], 2025 at 6:42 PM PT a Waymo Autonomous Vehicle (""Waymo AV"") operating in San Francisco, California was in a collision involving a passenger car and a parked, unattended motorcycle on [XXX] near [XXX]. 
The Waymo AV was traveling westbound on [XXX] when the rear driver side wheel separated from the Waymo AV.  The wheel rolled a short distance and then made contact with a passenger car and a motorcycle that were both parked at the curb on the south side of [XXX]. At the time of the impact, the Waymo AV's Level 4 ADS was engaged in autonomous mode. The Waymo AV sustained damage from the wheel separation. The passenger car and the motorcycle sustained damage from contact with the separated wheel.
Waymo is reporting this crash under Request No. 1 of Standing General Order 2021-01 because a vehicle involved was towed away. Waymo may supplement or correct its reporting with additional information as it may become available.",No Injuries Reported,No,Yes,No Passengers in Vehicle,San Francisco,CA ,JAN-2025,18:42,Street,Y, , , , , ,"Prior to June 16, 2025 (Amendment 2)",False,Moving,Unclear,Unclear,"JAN-2025_18:42_San Francisco_Other, see Narrative"
30270-9874,1,Waymo LLC,Pickup Truck,Proceeding Straight,Proceeding Straight,4.0,"On January [XXX], 2025 at 5:08 PM PT a Waymo Autonomous Vehicle (""Waymo AV"") operating in San Francisco, California was in a collision involving a pickup truck on [XXX]. 
The Waymo AV was travelling southeast-bound in the rightmost lane of [XXX], stopped in a queue of traffic for the traffic light at [XXX]. When the light turned green, the Waymo AV began to proceed with the queue of traffic through the intersection, and the front of the pickup truck traveling directly behind the Waymo AV made contact with the rear of the Waymo AV. At the time of the impact, the Waymo AV's Level 4 ADS was engaged in autonomous mode. Both vehicles sustained damage.
Waymo is reporting this crash under Request No. 2 of Standing General Order 2021-01. Waymo may supplement or correct its reporting with additional information as it may become available.",No Injuries Reported,No,No,Yes,San Francisco,CA ,JAN-2025,17:08,Street,Y, , , , , ,"Prior to June 16, 2025 (Amendment 2)",False,Moving,Other party,Other party,JAN-2025_17:08_San Francisco_Pickup Truck
30270-9875,1,Waymo LLC,SUV,Stopped,Proceeding Straight,0.0,"On January [XXX], 2025 at 3:26 PM PT a Waymo Autonomous Vehicle (""Waymo AV"") operating in San Francisco, California was in a collision involving a SUV at the intersection of [XXX].
The Waymo AV was travelling northeast on [XXX], attempting to make a right turn onto[XXX]. During this turning maneuver, the Waymo AV came to a stop within the intersection, partially oriented within the right and center southeast-bound lanes of [XXX] due to a queue of traffic in the center lane. An SUV travelling in the center lane of [XXX] began proceeding straight, and the driver side of the SUV made contact with the front driver side of the stationary Waymo AV. At the time of the impact, the Waymo AV's Level 4 ADS was engaged in autonomous mode. The Waymo AV sustained damage.
Waymo is reporting this crash under Request No. 2 of Standing General Order 2021-01. Waymo may supplement or correct its reporting with additional information as it may become available.",No Injuries Reported,No,No,Yes,San Francisco,CA ,JAN-2025,15:26,Intersection,Y, , , , , ,"Prior to June 16, 2025 (Amendment 2)",False,Stationary,Unclear,Other party,JAN-2025_15:26_San Francisco_SUV
30270-9907,1,Waymo LLC,"Other, see Narrative",Proceeding Straight,"Other, see Narrative",13.0,"On January [XXX], 2025 at 7:44 PM PT a Waymo Autonomous Vehicle (""Waymo AV"") operating in San Francisco, California was in a collision involving a tire on [XXX]. 
The Waymo AV was traveling west in the rightmost lane of [XXX] when a tire that had been rolling south on [XXX] rolled into the middle of the Waymo AVs lane. The front of the Waymo AV then made contact with the tire. At the time of the impact, the Waymo AV's Level 4 ADS was engaged in autonomous mode. The Waymo AV sustained damage.
Waymo is reporting this crash under Request No. 2 of Standing General Order 2021-01. Waymo may supplement or correct its reporting with additional information as it may become available.",No Injuries Reported,No,No,Yes,San Francisco,CA ,JAN-2025,19:44,Street,Y, , , , , ,"Prior to June 16, 2025 (Amendment 2)",False,Moving,Unclear,Unclear,"JAN-2025_19:44_San Francisco_Other, see Narrative"