Report ID,Report Version,Reporting Entity,Crash With,SV Pre-Crash Movement,CP Pre-Crash Movement,SV Precrash Speed (MPH),Narrative,Highest Injury Severity Alleged,Any Air Bags Deployed?,Was Any Vehicle Towed?,Were All Passengers Belted?,City,State,Incident Date,Incident Time (24:00),Roadway Type,Weather - Clear,Weather - Cloudy,Weather - Rain,Weather - Snow,Weather - Severe Wind,Weather - Fog/Smoke/Haze,Data Period,Manual Mode at Impact,Waymo Status,Likely Fault,Contact Initiator,Incident_Key
30270-11358,1,Waymo LLC,First Responder Vehicle,Stopped,Proceeding Straight,0.0,"On July [XXX], 2025 at 11:03 AM PT a Waymo Autonomous Vehicle (""Waymo AV"") operating in San Francisco, California was in a collision involving a fire truck vehicle on [XXX] at [XXX]. 
The Waymo AV was traveling northbound on [XXX] with vehicles parked on both sides when it came to a stop to yield to a fire truck, which did not have lights or sirens activated, traveling southbound on [XXX]. As the fire truck passed the stationary Waymo AV, the driver side of the fire truck made contact with the rear driver side of the Waymo AV. At the time of the impact, the Waymo AV's Level 4 ADS was engaged in autonomous mode. The Waymo AV sustained damage.
Waymo is reporting this crash under Request No. 2 of Standing General Order 2021-01. Waymo may supplement or correct its reporting with additional information as it may become available.",Property Damage. No Injured Reported,"No Subject Vehicle, No Crash Partner","No Subject Vehicle, No Crash Partner",Subject Vehicle - No Passenger In Vehicle,San Francisco,CA,JUL-2025,11:03,Street, ,Y, , , , ,"After June 16, 2025 (Amendment 3)",False,Stationary,Unclear,Other party,JUL-2025_11:03_San Francisco_First Responder Vehicle
30270-11344,1,Waymo LLC,Bus,Parked,Proceeding Straight,0.0,"On July [XXX], 2025 at 10:04 PM PT a Waymo Autonomous Vehicle (""Waymo AV"") operating in West Hollywood, California was in a collision involving a bus on [XXX] at [XXX]. 
The Waymo AV was parked at the curb facing west on [XXX] for a passenger drop-off with its hazard lights activated. While the Waymo AV remained parked, a bus traveling in the adjacent lane on [XXX] passed the Waymo AV on the left and the passenger side of the bus made contact with the rear driver side of the stationary Waymo AV. At the time of the impact, the Waymo AV's Level 4 ADS was engaged in autonomous mode. The passenger in the Waymo AV was not belted at the time of the collision, as they were preparing to exit the Waymo AV. Both vehicles sustained damage.
Waymo is reporting this crash under Request No. 2 of Standing General Order 2021-01. Waymo may supplement or correct its reporting with additional information as it may become available.",Property Damage. No Injured Reported,"No Subject Vehicle, No Crash Partner","No Subject Vehicle, No Crash Partner",Subject Vehicle - Not Belted - see Narrative,West Hollywood,CA,JUL-2025,22:04,Street,Y, , , , , ,"After June 16, 2025 (Amendment 3)",False,Stationary,Unclear,Other party,JUL-2025_22:04_West Hollywood_Bus
30270-11333,1,Waymo LLC,Bus,Stopped,Proceeding Straight,0.0,"On July[XXX], 2025 at 11:55 AM PT a Waymo Autonomous Vehicle (""Waymo AV"") operating in San Francisco, California was in a collision involving a bus on [XXX] at [XXX]. 
The Waymo AV was stopped facing north on a narrow portion of [XXX] for a red light at the intersection at [XXX]. While the Waymo AV remained stopped, a bus that was traveling westbound on [XXX] made a left turn onto southbound [XXX]. As the bus proceeded to pass by the stationary Waymo AV and complete its turn, the rear driver side of the bus made contact with the rear driver side of the Waymo AV. At the time of the impact, the Waymo AV's Level 4 ADS was engaged in autonomous mode. Both vehicles sustained damage.
Waymo is reporting this crash under Request No. 2 of Standing General Order 2021-01. Waymo may supplement or correct its reporting with additional information as it may become available.",Property Damage. No Injured Reported,"No Subject Vehicle, No Crash Partner","No Subject Vehicle, No Crash Partner",Subject Vehicle - All Belted,San Francisco,CA,JUL-2025,11:55,Street,Y, , , , , ,"After June 16, 2025 (Amendment 3)",False,Stationary,Unclear,Other party,JUL-2025_11:55_San Francisco_Bus
30270-11329,1,Waymo LLC,Bus,Parked,Passing,0.0,"On July [XXX], 2025 at 6:47 PM PT a Waymo Autonomous Vehicle (""Waymo AV"") operating in San Francisco, California was in a collision involving a bus on [XXX] near [XXX]. 
The Waymo AV was parked in-lane for a passenger pick-up facing south on [XXX] with its hazard lights activated. A bus traveling southbound on [XXX] began to maneuver around the stationary Waymo AV by crossing the yellow center line, entering the opposing lane of travel. As the bus proceeded to the left of the stationary Waymo AV, the right side of the bus made contact with the rear left side of the Waymo AV. At the time of the impact, the Waymo AV's Level 4 ADS was engaged in autonomous mode. The Waymo AV sustained damage.
Waymo is reporting this crash under Request No. 1 of Standing General Order 2021-01 because a vehicle involved was towed away. Waymo may supplement or correct its reporting with additional information as it may become available.",Property Damage. No Injured Reported,"No Subject Vehicle, No Crash Partner","Yes Subject Vehicle, No Crash Partner",Subject Vehicle - No Passenger In Vehicle,San Francisco,CA,JUL-2025,18:47,Street, ,Y, , , , ,"After June 16, 2025 (Amendment 3)",False,Stationary,Unclear,Other party,JUL-2025_18:47_San Francisco_Bus
30270-11413,1,Waymo LLC,Heavy Truck,Parked,Proceeding Straight,0.0,"On July [XXX], 2025 at 9:02 AM PT a Waymo Autonomous Vehicle (""Waymo AV"") operating in San Francisco, California was in a collision involving a box truck on [XXX] near [XXX]. 
The Waymo was parked in-lane facing east on [XXX] with hazard lights activated to yield to construction blocking the intersection at [XXX]. While the Waymo AV was parked, a box truck traveling eastbound on [XXX] approached the Waymo AV from behind, and the front driver side of the box truck made contact with the rear passenger side of the stationary Waymo AV, as well as the passenger side of a pickup truck parked at the curb to the right of the Waymo AV. At the time of the impact, the Waymo AV's Level 4 ADS was engaged in autonomous mode. Both vehicles sustained damage.
Waymo is reporting this crash under Request No. 1 of Standing General Order 2021-01 because a vehicle involved was towed away. Waymo may supplement or correct its reporting with additional information as it may become available.",Property Damage. No Injured Reported,"No Subject Vehicle, No Crash Partner","Yes Subject Vehicle, No Crash Partner",Subject Vehicle - No Passenger In Vehicle,San Francisco,CA,JUL-2025,09:02,Street, ,Y, , , , ,"After June 16, 2025 (Amendment 3)",False,Stationary,Unclear,Other party,JUL-2025_09:02_San Francisco_Heavy Truck
30270-11414,1,Waymo LLC,Passenger Car,Stopped,Changing Lanes,0.0,"On July [XXX], 2025 at 7:35 AM PT a Waymo Autonomous Vehicle (""Waymo AV"") operating in Los Angeles, California was in a collision involving a passenger car on [XXX] at [XXX]. 
The Waymo AV was traveling northeastbound in the third from the right lane on [XXX] and attempting to merge into the left turn lane when it stopped to yield to a queue of traffic that filled the left turn lane at the intersection at [XXX]. A passenger car traveling northeastbound on [XXX] in the third from the right lane attempted to change lanes to the right as it approached the Waymo AV, and the front driver side of the passenger car made contact with the rear passenger side of the Waymo AV. At the time of the impact, the Waymo AV's Level 4 ADS was engaged in autonomous mode. Both vehicles sustained damage.
Waymo is reporting this crash under Request No. 2 of Standing General Order 2021-01. Waymo may supplement or correct its reporting with additional information as it may become available.",Property Damage. No Injured Reported,"No Subject Vehicle, No Crash Partner","No Subject Vehicle, No Crash Partner",Subject Vehicle - No Passenger In Vehicle,Los Angeles,CA,JUL-2025,07:35,Street,Y, , , , , ,"After June 16, 2025 (Amendment 3)",False,Stationary,Unclear,Other party,JUL-2025_07:35_Los Angeles_Passenger Car
30270-11415,1,Waymo LLC,Pickup Truck,Stopped,Proceeding Straight,0.0,"On July [XXX], 2025 at 8:05 AM PT a Waymo Autonomous Vehicle (""Waymo AV"") operating in San Mateo, California was in a collision involving a pickup truck on [XXX] at [XXX]. 
The Waymo AV was stopped facing northwest in the right lane on [XXX] for a red light in a queue of traffic at the intersection at [XXX]. While the Waymo AV was stopped, a pickup truck traveling northwestbound in the right lane on [XXX] approached the Waymo AV from behind and the front of the pickup truck made contact with the rear of the stationary Waymo AV. At the time of the impact, the Waymo AV's Level 4 ADS was engaged in autonomous mode. Both vehicles sustained damage.
Waymo is reporting this crash under Request No. 2 of Standing General Order 2021-01. Waymo may supplement or correct its reporting with additional information as it may become available.",Property Damage. No Injured Reported,"No Subject Vehicle, No Crash Partner","No Subject Vehicle, No Crash Partner",Subject Vehicle - No Passenger In Vehicle,San Mateo,CA,JUL-2025,08:05,Intersection, ,Y, , , , ,"After June 16, 2025 (Amendment 3)",False,Stationary,Other party,Other party,JUL-2025_08:05_San Mateo_Pickup Truck
30270-11418,1,Waymo LLC,SUV,Stopped,Backing,0.0,"July [XXX], 2025 at 9:58 AM PT a Waymo Autonomous Vehicle (""Waymo AV"") operating in Santa Monica, California was in a collision involving an SUV on [XXX] near [XXX]. 
The Waymo AV was traveling southwestbound on [XXX] and made a left turn onto [XXX]. After completing its turn, the Waymo AV came to a stop, yielding to an SUV stopped in-lane. The SUV began reversing and the rear of the SUV made contact with the front of the stationary Waymo AV. At the time of the impact, the Waymo AV's Level 4 ADS was engaged in autonomous mode. The Waymo AV sustained damage.
Waymo is reporting this crash under Request No. 2 of Standing General Order 2021-01. Waymo may supplement or correct its reporting with additional information as it may become available.",Property Damage. No Injured Reported,"No Subject Vehicle, No Crash Partner","No Subject Vehicle, No Crash Partner",Subject Vehicle - No Passenger In Vehicle,Santa Monica,CA,JUL-2025,09:58,Street, ,Y, , , , ,"After June 16, 2025 (Amendment 3)",False,Stationary,Other party,Other party,JUL-2025_09:58_Santa Monica_SUV
30270-11284,1,Waymo LLC,SUV,Stopped,Proceeding Straight,0.0,"On July [XXX], 2025 at 8:28 AM PT a Waymo Autonomous Vehicle (""Waymo AV"") operating in Los Angeles, California was in a collision involving an SUV on [XXX] at [XXX]. 
The Waymo AV was stopped in the rightmost lane facing eastbound on [XXX] at a red traffic light at the intersection with [XXX]. An SUV traveling southbound on [XXX] made a left turn onto [XXX]. As the SUV approached the Waymo AV, the SUV continued turning and moving forward, turning slightly into the center lane and the front passenger side of the SUV made contact with the rear driver side corner of the stationary Waymo AV, and the front driver side of the SUV made contact with the rear passenger side corner of a passenger car that was stopped in the center lane. At the time of the impact, the Waymo AV's Level 4 ADS was engaged in autonomous mode. Both the Waymo AV and the SUV sustained damage, and Waymo cannot confirm the presence or absence of damage to the passenger car as of the date of this submission.
Waymo is reporting this crash under Request No. 1 of Standing General Order 2021-01 because a vehicle involved was towed away. Waymo may supplement or correct its reporting with additional information as it may become available.",Property Damage. No Injured Reported,"No Subject Vehicle, No Crash Partner","Yes Subject Vehicle, No Crash Partner",Subject Vehicle - All Belted,Los Angeles,CA,JUL-2025,08:28,Intersection,Y, , , , , ,"After June 16, 2025 (Amendment 3)",False,Stationary,Unclear,Other party,JUL-2025_08:28_Los Angeles_SUV
30270-11378,1,Waymo LLC,Pickup Truck,Stopped,Proceeding Straight,0.0,"On July [XXX], 2025 at 4:46 PM PT a Waymo Autonomous Vehicle (""Waymo AV"") operating in San Francisco, California was in a collision involving a pickup truck on [XXX] near [XXX]. 
The Waymo AV was traveling westbound on [XXX] when it slowed to a stop for a queue of traffic yielding to a pedestrian that was crossing [XXX] inside the marked crosswalk ahead. An SUV travelling directly behind the Waymo AV was approached by a pickup truck from behind and the front driver side of the pickup truck made contact with the rear passenger side of the passenger car causing the passenger car to be pushed to the left onto the flush median. The pickup truck continued to proceed straight, and the front of the pickup truck made contact with the rear of the Waymo AV. At the time of the impact, the Waymo AV's Level 4 ADS was engaged in autonomous mode. Both vehicles sustained damage.
Waymo is reporting this crash under Request No. 1 of Standing General Order 2021-01 because a vehicle involved was towed away. Waymo may supplement or correct its reporting with additional information as it may become available.",Property Damage. No Injured Reported,"No Subject Vehicle, No Crash Partner","Yes Subject Vehicle, Yes Crash Partner",Subject Vehicle - All Belted,San Francisco,CA,JUL-2025,16:46,Street, ,Y, , , , ,"After June 16, 2025 (Amendment 3)",False,Stationary,Other party,Other party,JUL-2025_16:46_San Francisco_Pickup Truck
30270-11327,2,Waymo LLC,Passenger Car,Stopped,Proceeding Straight,0.0,"Other than an update to the highest severity injury alleged field to reflect a minor injury, the content of this report is unchanged from the initial report submitted on July 18, 2025 [REDACTED, MAY CONTAIN CONFIDENTIAL BUSINESS INFORMATION].
On July [XXX], 2025 at 1:05 AM PT a Waymo Autonomous Vehicle (""Waymo AV"") operating in Los Angeles, California was in a collision involving a passenger car on [XXX] and [XXX]. 
The Waymo AV was traveling southbound on [XXX] and came to a stop for a red traffic light at the intersection at [XXX]. A passenger car approached the Waymo AV from behind, and the front of the passenger car made contact with the rear of the stationary Waymo AV. At the time of the impact, the Waymo AV's Level 4 ADS was engaged in autonomous mode. Both vehicles sustained damage.
Waymo is reporting this crash under Request No. 1 of Standing General Order 2021-01 because a vehicle involved was towed away and because of airbag deployment. Waymo may supplement or correct its reporting with additional information as it may become available.",Minor W/O Hospitalization,"Yes Crash Partner, No Subject Vehicle","Yes Subject Vehicle, No Crash Partner",Subject Vehicle - All Belted,Los Angeles,CA,JUL-2025,01:05,Intersection,Y, , , , , ,"After June 16, 2025 (Amendment 3)",False,Stationary,Other party,Other party,JUL-2025_01:05_Los Angeles_Passenger Car
30270-11365,1,Waymo LLC,Passenger Car,Stopped,Proceeding Straight,0.0,"On July [XXX], 2025 at 9:19 AM PT a Waymo Autonomous Vehicle (""Waymo AV"") operating in San Francisco, California was in a collision involving a passenger car on [XXX] at [XXX]. 
The Waymo AV was stopped facing east in the second to the right lane of [XXX] in a queue of traffic for an active HAWK pedestrian beacon at the intersection at [XXX]. As the beacon changed to flashing and traffic ahead advanced, the Waymo AV proceeded forward and came to a stop before entering the crosswalk. A passenger car that was initially stopped directly behind the Waymo AV approached the Waymo AV from behind and the front of the passenger car made contact with the rear of the stationary Waymo AV. At the time of the impact, the Waymo AV's Level 4 ADS was engaged in autonomous mode. Both vehicles sustained damage.
Waymo is reporting this crash under Request No. 2 of Standing General Order 2021-01. Waymo may supplement or correct its reporting with additional information as it may become available.",Property Damage. No Injured Reported,"No Subject Vehicle, No Crash Partner","No Subject Vehicle, No Crash Partner",Subject Vehicle - All Belted,San Francisco,CA,JUL-2025,09:19,Intersection, ,Y, , , , ,"After June 16, 2025 (Amendment 3)",False,Stationary,Other party,Other party,JUL-2025_09:19_San Francisco_Passenger Car
30270-3255,2,Waymo LLC,"Other, see Narrative",Proceeding Straight,"Other, see Narrative",9.0," A Waymo Autonomous Vehicle (""Waymo AV"") operating in San Francisco, CA made contact with a parking lot driveway.
The Waymo AV approached a parking lot on [XXX] A Waymo Autonomous Vehicle (""Waymo AV"") operating in San Francisco, CA made contact with a parking lot driveway.
The Waymo AV approached a parking lot on [XXX] between [XXX] and [XXX]. As the Waymo AV turned left and into the parking lot, the Waymo AV's undercarriage made contact with the driveway pavement (the AV did not contact any vehicle or road user). At the time of the contact, the Waymo AV's Level 4 ADS was engaged in autonomous mode, and a test driver was present (in the driver's seating position). The Waymo AV sustained minor undercarriage damage.
Waymo is reporting this crash under Request No. 1 of Standing General Order 2021-01 because a vehicle involved was towed away. Waymo may supplement or correct its reporting with additional information as it may become available. This report was submitted from the Pacific time zone on the required date.",No Injuries Reported,No,Yes,Yes,San Francisco,CA ,JUN-2022,12:50,Parking Lot,Y, , , , , ,"Prior to June 16, 2025 (Amendment 2)",False,Moving,Unclear,Waymo,"JUN-2022_12:50_San Francisco_Other, see Narrative"
30270-3435,1,Waymo LLC,Pickup Truck,Stopped,Proceeding Straight,0.0,"On June [XXX], 2022 at 7:26 AM PST a Waymo Autonomous Vehicle (Waymo AV) operating in San Francisco, California was in a collision involving a pickup on [XXX] at [XXX].
While the Waymo AV was stopped at a red light on eastbound [XXX], a pickup that had previously been stopped behind the Waymo AV rolled forward and made contact with the rear of the Waymo AV. At the time of the impact, the Waymo AVs Level 4 ADS was engaged in autonomous mode, and a test driver was present (in the drivers seating position). The Waymo AV sustained minor damage.
Waymo is reporting this crash under Request No. 2 of Standing General Order 2021-01. Waymo may supplement or correct its reporting with additional information as it may become available. This report was submitted from the Eastern time zone on the required date.",No Injuries Reported,No,No,Yes,San Francisco,CA ,JUN-2022,07:26,Intersection,Y, , , , , ,"Prior to June 16, 2025 (Amendment 2)",False,Stationary,Other party,Other party,JUN-2022_07:26_San Francisco_Pickup Truck
30270-3655,1,Waymo LLC,"Other, see Narrative","Other, see Narrative","Other, see Narrative",18.0,"On June [XXX], 2022 at approximately 4:50 PM PST a Waymo Autonomous Vehicle (Waymo AV) operating in San Francisco, California allegedly contributed to a collision between a passenger vehicle and a pickup truck on [XXX] at [XXX], according to a claim by the driver of the passenger vehicle. 
The Waymo AV was in autonomous mode and preparing to enter southbound [XXX] via the slip lane at southbound [XXX]. The Waymo AV proceeded to merge onto [XXX] as a passenger vehicle on [XXX] approached from behind. A pickup truck was traveling next to the passenger vehicle in the adjacent left lane. As the passenger vehicle approached the Waymo AV from behind, the passenger vehicle entered the adjacent left lane that was occupied by the pickup truck and maneuvered around the Waymo AV. The pickup truck proceeded without stopping, and the passenger vehicles driver shortly after signaled to the Waymo AV test driver to pull over. The Waymo AV test driver then transitioned to manual mode and pulled over. Waymo has no data or knowledge of any contact between any of the three vehicles. There was no contact or collision between the Waymo AV and any other vehicle. However, the driver and passenger in the passenger vehicle have subsequently alleged injuries based on alleged contact between the pick-up truck and passenger vehicle, which contact their allegations attribute to the behavior of Waymos AV in a bodily injury claim under Waymos insurance policy.  Waymo received notice of this insurance claim on July [XXX].
Waymo is reporting this event under Request No. 2 of Standing General Order 2021-01. Waymo may supplement or correct its reporting with additional information as it may become available. This report was submitted from the Eastern time zone on the required date.",Minor,No,No,Yes,San Francisco,CA ,JUN-2022,16:50,Intersection,Y, , , , , ,"Prior to June 16, 2025 (Amendment 2)",False,Moving,Unclear,Unclear,"JUN-2022_16:50_San Francisco_Other, see Narrative"
30270-3437,1,Waymo LLC,Passenger Car,Stopped,Backing,0.0,"On June [XXX], 2022 at 10:07 AM PST a Waymo Autonomous Vehicle (Waymo AV) operating in San Francisco, California was in a collision involving a passenger vehicle on [XXX] and [XXX].
The Waymo AV was stopped in autonomous mode behind stopped traffic facing east on [XXX]. The passenger vehicle ahead of the Waymo AV transitioned into reverse and began to accelerate, making contact with the front sensor of the Waymo AV. At the time of the impact, the Waymo AVs Level 4 ADS was engaged in autonomous mode, and a test driver was present (in the drivers seating position). Both vehicles sustained minor damage.
Waymo is reporting this crash under Request No. 2 of Standing General Order 2021-01. Waymo may supplement or correct its reporting with additional information as it may become available. This report was submitted from the Eastern time zone on the required date.",No Injuries Reported,No,No,Yes,San Francisco,CA ,JUN-2022,10:07,Street, , ,Y, , , ,"Prior to June 16, 2025 (Amendment 2)",False,Stationary,Unclear,Other party,JUN-2022_10:07_San Francisco_Passenger Car
30270-5961,1,Waymo LLC,Pickup Truck,Stopped,Proceeding Straight,0.0,"On June [XXX], 2023 at 7:50 AM PT a Waymo Autonomous Vehicle (Waymo AV) operating in San Francisco, CA was in a collision involving a pickup truck on [XXX] at [XXX]. 
The Waymo AV was traveling eastbound on [XXX] and stopped at a stop sign at the intersection of [XXX]. While yielding to pedestrians crossing the street, a pickup truck traveling directly behind the Waymo AV made contact with the rear of the Waymo AV. At the time of the impact, the Waymo AVs Level 4 ADS was engaged in autonomous mode. The Waymo AV sustained damage. 
Waymo is reporting this crash under Request No. 2 of Standing General Order 2021-01. Waymo may supplement or correct its reporting with additional information as it may become available.",No Injuries Reported,No,No,Yes,San Francisco,CA ,JUN-2023,07:50,Intersection, ,Y, , , , ,"Prior to June 16, 2025 (Amendment 2)",False,Stationary,Other party,Other party,JUN-2023_07:50_San Francisco_Pickup Truck
30270-5960,1,Waymo LLC,Pickup Truck,Parked,Backing,0.0,"On June [XXX], 2023 at 9:19 PM PT a Waymo Autonomous Vehicle (Waymo AV) operating in San Francisco, California was in a collision involving a pickup truck on [XXX] near [XXX]. 
The Waymo AV was parallel parked along the curb on southbound [XXX] when a pickup truck that was initially parked directly behind the Waymo AV began to maneuver out of its parking spot. As the pickup truck pulled out of the parking spot, it initiated a multi-turn maneuver and reversed into the parked Waymo AV. The rear passenger's side corner of the pickup truck made contact with the driver side rear of the Waymo AV. At the time of the impact, the Waymo AVs Level 4 ADS was engaged in autonomous mode. The Waymo AV sustained damage. 
Waymo is reporting this crash under Request No. 2 of Standing General Order 2021-01. Waymo may supplement or correct its reporting with additional information as it may become available.",No Injuries Reported,No,No,No Passengers in Vehicle,San Francisco,CA ,JUN-2023,21:19,Street,Y, , , , , ,"Prior to June 16, 2025 (Amendment 2)",False,Stationary,Unclear,Other party,JUN-2023_21:19_San Francisco_Pickup Truck
30270-5959,1,Waymo LLC,Passenger Car,Making Left Turn,Proceeding Straight,1.0,"On June [XXX], 2023 at 5:06 PM PT a Waymo Autonomous Vehicle (Waymo AV) operating in San Francisco, California was in a collision involving a passenger vehicle on [XXX] at [XXX].
The Waymo AV was stopped for a red light on [XXX] at [XXX] with its turn signal activated to indicate intent to turn left onto [XXX]. The traffic light turned green, and the Waymo AV slowly moved forward, yielding to oncoming traffic, when the vehicle that had been previously stopped behind the Waymo AV proceeded forward, making contact with the rear bumper of the Waymo AV. The other party immediately left the scene of the event. At the time of the impact, the Waymo AVs Level 4 ADS was engaged in autonomous mode. Both vehicles sustained damage.
Waymo is reporting this crash under Request No. 2 of Standing General Order 2021-01. Waymo may supplement or correct its reporting with additional information as it may become available.",No Injuries Reported,No,No,Yes,San Francisco,CA ,JUN-2023,17:06,Intersection,Y, , , , , ,"Prior to June 16, 2025 (Amendment 2)",False,Moving,Unclear,Waymo,JUN-2023_17:06_San Francisco_Passenger Car
30270-5817,2,Waymo LLC,Pickup Truck,"Other, see Narrative","Other, see Narrative",0.0,"Other than adding the law enforcement investigation details, the content of this report is unchanged from the initial report submitted on July 4, 2023 [REDACTED, MAY CONTAIN CONFIDENTIAL BUSINESS INFORMATION]. 
On June [XXX], 2023 at 11:18 PM PT a Waymo Autonomous Vehicle (Waymo AV) operating in Los Angeles, California was in a collision involving a pick-up truck on [XXX] at [XXX]. 
The Waymo AV was traveling eastbound on [XXX] and stopped at a stop sign at the intersection of [XXX] when a pick-up truck approached the Waymo AV from behind and made contact with the rear of the Waymo AV. At the time of the impact, the Waymo AVs Level 4 ADS was engaged in autonomous mode, and a test driver was present (in the drivers seating position).
The Waymo AV test driver then took manual control of the Waymo AV and the pick-up truck then made contact with the rear of the Waymo AV again. The Waymo AV test driver pulled towards the side of the road and stopped. TThe pick-up truck then made contact with the rear of the Waymo AV again and when the test driver of the Waymo AV resumed movement, the pick-up truck followed the Waymo AV and repeatedly made further contact with the Waymo AV. At one point the pick-up truck driver verbally harassed the Waymo AV test driver. The Waymo AV test driver was eventually able to elude the pickup truck and wait nearby for law enforcement to arrive. The Waymo AV sustained damage.
Waymo is reporting this crash under Request No. 1 of Standing General Order 2021-01 because a vehicle involved was towed away. Waymo may supplement or correct its reporting with additional information as it may become available.",Minor,No,Yes,Yes,Los Angeles,CA ,JUN-2023,23:18,Intersection,Y, , , , , ,"Prior to June 16, 2025 (Amendment 2)",False,Moving,Other party,Other party,JUN-2023_23:18_Los Angeles_Pickup Truck
30270-5957,1,Waymo LLC,Van,Stopped,Backing,0.0,"On June [XXX], 2023 at 12:53 PM PT a Waymo Autonomous Vehicle (Waymo AV) operating in San Francisco, California was in a collision involving a van in a parking lot at [XXX].
The Waymo AV came to a stop while yielding to a pickup truck which was reversing into a perpendicular parking space in front of the Waymo AV. While the Waymo AV was stopped, a van which was in a parking space immediately to the right of the Waymo AV began reversing out of the parking space. The rear of the van made contact with the right side of the Waymo AV. The Waymo AV sustained damage. At the time of the impact, the Waymo AVs Level 4 ADS was engaged in autonomous mode.
Waymo is reporting this crash under Request No. 2 of Standing General Order 2021-01. Waymo may supplement or correct its reporting with additional information as it may become available.",No Injuries Reported,No,No,Yes,San Francisco,CA ,JUN-2023,12:35,Parking Lot, ,Y, , , , ,"Prior to June 16, 2025 (Amendment 2)",False,Stationary,Unclear,Other party,JUN-2023_12:35_San Francisco_Van
30270-5958,1,Waymo LLC,Passenger Car,Parked,Parking Maneuver,0.0,"On June [XXX], 2023 at 3:44 PM PT a Waymo Autonomous Vehicle (Waymo AV) operating in San Francisco, California was in a collision involving a passenger car on [XXX] near [XXX].
The Waymo AV was parallel parked along the curb on eastbound [XXX] when a passenger car pulled up behind the Waymo AV. The front of the passenger car made contact with the rear of the Waymo AV. At the time of the impact, the Waymo AVs Level 4 ADS was engaged in autonomous mode. The Waymo AV sustained damage. 
Waymo is reporting this crash under Request No. 2 of Standing General Order 2021-01. Waymo may supplement or correct its reporting with additional information as it may become available.",No Injuries Reported,No,No,No Passengers in Vehicle,San Francisco,CA ,JUN-2023,15:44,Street, ,Y, , , , ,"Prior to June 16, 2025 (Amendment 2)",False,Stationary,Other party,Other party,JUN-2023_15:44_San Francisco_Passenger Car
30270-7882,1,Waymo LLC,Heavy Truck,Stopped,Making Left Turn,0.0,"On June [XXX], 2024 at 12:41 PM PT a Waymo Autonomous Vehicle (""Waymo AV"") operating in San Francisco, California was in a collision involving a heavy truck on [XXX] near [XXX]. 
The Waymo AV was traveling north on [XXX] and came to a stop in its lane at the intersection with [XXX] as a heavy truck was making a left turn from westbound [XXX] onto southbound [XXX] in front of the Waymo AV. As the truck turned left, it partially crossed the centerline of [XXX] and the left side of the  truck body made contact with the driver side front corner of the Waymo AV.  At the time of the impact, the Waymo AV's Level 4 ADS was engaged in autonomous mode.  The Waymo AV sustained damage.
Waymo is reporting this crash under Request No. 1 of Standing General Order 2021-01 because a vehicle involved was towed away. Waymo may supplement or correct its reporting with additional information as it may become available.",No Injuries Reported,No,Yes,Yes,San Francisco,CA ,JUN-2024,12:41,Intersection, ,Y, , , , ,"Prior to June 16, 2025 (Amendment 2)",False,Stationary,Unclear,Other party,JUN-2024_12:41_San Francisco_Heavy Truck
30270-7959,1,Waymo LLC,Passenger Car,Proceeding Straight,Proceeding Straight,1.0,"On June [XXX], 2024 at 11:31 PM PT a Waymo Autonomous Vehicle (""Waymo AV"") operating in San Francisco, California was in a collision involving a passenger car on [XXX] at [XXX]. 
The Waymo AV was traveling south on [XXX] and stopped at a stop sign at [XXX].  After the stop as the Waymo AV started to enter the intersection, a passenger car traveling behind the Waymo AV made contact with the rear bumper of the Waymo AV.  At the time of the impact, the Waymo AV's Level 4 ADS was engaged in autonomous mode. Both vehicles sustained damage.  
Waymo is reporting this crash under Request No. 1 of Standing General Order 2021-01 a vehicle involved was towed away. Waymo may supplement or correct its reporting with additional information as it may become available.",Moderate,No,Yes,Yes,San Francisco,CA ,JUN-2024,23:31,Intersection,Y, , , , , ,"Prior to June 16, 2025 (Amendment 2)",False,Moving,Unclear,Other party,JUN-2024_23:31_San Francisco_Passenger Car
30270-7998,1,Waymo LLC,Passenger Car,Stopped,Proceeding Straight,0.0,"On June [XXX], 2024 at 12:33 AM PT a Waymo Autonomous Vehicle (""Waymo AV"") operating in San Francisco, California was in a collision involving an SUV on [XXX] near [XXX]. 
The Waymo AV was stopped partially in a curbside parking space conducting a rider dropoff facing east on the south side of [XXX] when the passenger side of an SUV traveling east in the rightmost lane of [XXX] made contact with the driver side mirror of the Waymo AV.  One of the passengers in the Waymo AV unbuckled their seatbelt shortly before the moment of impact, likely because the AV was at its dropoff location and the passenger was preparing to exit. At the time of the impact, the Waymo AV's Level 4 ADS was engaged in autonomous mode. The Waymo AV sustained damage.
Waymo is reporting this crash under Request No. 1 of Standing General Order 2021-01 because a vehicle involved was towed away. Waymo may supplement or correct its reporting with additional information as it may become available.",No Injuries Reported,No,Yes,"No, see Narrative",San Francisco,CA ,JUN-2024,00:33,Street,Y, , , , , ,"Prior to June 16, 2025 (Amendment 2)",False,Stationary,Unclear,Other party,JUN-2024_00:33_San Francisco_Passenger Car