Report ID,Report Version,Reporting Entity,Crash With,SV Pre-Crash Movement,CP Pre-Crash Movement,SV Precrash Speed (MPH),Narrative,Highest Injury Severity Alleged,Any Air Bags Deployed?,Was Any Vehicle Towed?,Were All Passengers Belted?,City,State,Incident Date,Incident Time (24:00),Roadway Type,Weather - Clear,Weather - Cloudy,Weather - Rain,Weather - Snow,Weather - Severe Wind,Weather - Fog/Smoke/Haze,Data Period,Manual Mode at Impact,Waymo Status,Likely Fault,Contact Initiator,Incident_Key
30270-10963,1,Waymo LLC,SUV,Parked,Backing,0.0,"On May [XXX], 2025 at 11:10 AM PT a Waymo Autonomous Vehicle (""Waymo AV"") operating in Los Angeles, California was in a collision involving an SUV in a parking lot at [XXX]. 
The Waymo AV was parked facing south for a passenger drop-off in a parking lot at [XXX]. Just after the passenger exited the vehicle, an SUV parked in a parking stall to the rear left of the Waymo AV reversed out of the parking stall, and the rear passenger side of the SUV made contact with the rear driver side of the stationary Waymo AV. At the time of the impact, the Waymo AV's Level 4 ADS was engaged in autonomous mode. Both vehicles sustained damage.
Waymo is reporting this crash under Request No. 2 of Standing General Order 2021-01. Waymo may supplement or correct its reporting with additional information as it may become available.",No Injuries Reported,No,No,No Passengers in Vehicle,Los Angeles,CA ,MAY-2025,11:10,Parking Lot,Y, , , , , ,"Prior to June 16, 2025 (Amendment 2)",False,Stationary,Unclear,Other party,MAY-2025_11:10_Los Angeles_SUV
30270-10964,1,Waymo LLC,Pickup Truck,Stopped,Passing,0.0,"On May [XXX], 2025 at 5:57 PM PT a Waymo Autonomous Vehicle (""Waymo AV"") operating in San Francisco, California was in a collision involving a pickup truck on [XXX] at [XXX]. 
The Waymo AV was stopped facing southeast in the leftmost lane on [XXX] in a queue of traffic after the intersection at [XXX]. A pickup truck that was traveling southeastbound on the leftmost lane on [XXX] proceeded along the curb to pass the Waymo AV, and the passenger side of the pickup truck made contact with the rear driver side of the stationary Waymo AV. At the time of the impact, the Waymo AV's Level 4 ADS was engaged in autonomous mode. Both vehicles sustained damage.
Waymo is reporting this crash under Request No. 2 of Standing General Order 2021-01. Waymo may supplement or correct its reporting with additional information as it may become available.",No Injuries Reported,No,No,Yes,San Francisco,CA ,MAY-2025,17:57,Intersection,Y, , , , , ,"Prior to June 16, 2025 (Amendment 2)",False,Stationary,Unclear,Other party,MAY-2025_17:57_San Francisco_Pickup Truck
30270-11067,1,Waymo LLC,Passenger Car,Stopped,Making Left Turn,0.0,"On May [XXX], 2025 at 9:25 PM PT a Waymo Autonomous Vehicle (""Waymo AV"") operating in San Francisco, California was in a collision involving a passenger car on [XXX] at [XXX]. 
The Waymo AV was stopped facing northeast on [XXX], yielding for a stop sign at the intersection at [XXX], in a narrow roadway with parked vehicles on the northwest side of the [XXX]. As the Waymo AV remained stopped, a passenger car that was traveling northwestbound on [XXX] made a left turn onto [XXX]. As the passenger car proceeded to pass the Waymo AV and complete its turn, the driver side of the passenger car made contact with the front driver side of the stationary Waymo AV. At the time of the impact, the Waymo AV's Level 4 ADS was engaged in autonomous mode. The Waymo AV sustained damage.
Waymo is reporting this crash under Request No. 2 of Standing General Order 2021-01. Waymo may supplement or correct its reporting with additional information as it may become available.",No Injuries Reported,No,No,No Passengers in Vehicle,San Francisco,CA ,MAY-2025,21:25,Street,Y, , , , , ,"Prior to June 16, 2025 (Amendment 2)",False,Stationary,Unclear,Other party,MAY-2025_21:25_San Francisco_Passenger Car
30270-10966,1,Waymo LLC,SUV,Stopped,Proceeding Straight,0.0,"On May [XXX], 2025 at 9:57 PM PT a Waymo Autonomous Vehicle (""Waymo AV"") operating in Los Angeles, California was in a collision involving a passenger car on [XXX] near [XXX]. 
The Waymo AV was stopped facing northwest on a narrow portion of [XXX] after a passenger drop-off when a passenger car traveling southeastbound on [XXX] approached the Waymo AV. As the Waymo AV remained stationary, the passenger car continued to slowly proceed forward and the front of the passenger car made contact with the front of the Waymo AV. At the time of the impact, the Waymo AV's Level 4 ADS was engaged in autonomous mode. The Waymo AV sustained damage.
Waymo is reporting this crash under Request No. 2 of Standing General Order 2021-01. Waymo may supplement or correct its reporting with additional information as it may become available.",No Injuries Reported,No,No,No Passengers in Vehicle,Los Angeles,CA ,MAY-2025,21:57,Street,Y, , , , , ,"Prior to June 16, 2025 (Amendment 2)",False,Stationary,Other party,Other party,MAY-2025_21:57_Los Angeles_SUV
30270-10968,1,Waymo LLC,Van,Stopped,Making Left Turn,0.0,"On May [XXX], 2025 at 6:43 PM PT a Waymo Autonomous Vehicle (""Waymo AV"") operating in San Francisco, California was in a collision involving a van on [XXX] at [XXX]. 
The Waymo AV was traveling northbound on [XXX] and came to a stop to yield to a queue of traffic for a red light at the intersection at [XXX]. While the Waymo AV remained stopped, a van that was parked facing west in a parking stall to the right of the Waymo AV proceeded to make a multi-point left turn onto southbound [XXX]. As the van was completing the left turn, the driver side of the van made contact with the front driver side of the stationary Waymo AV. At the time of the impact, the Waymo AV's Level 4 ADS was engaged in autonomous mode. The Waymo AV sustained damage.
Waymo is reporting this crash under Request No. 2 of Standing General Order 2021-01. Waymo may supplement or correct its reporting with additional information as it may become available.",No Injuries Reported,No,No,No Passengers in Vehicle,San Francisco,CA ,MAY-2025,18:43,Street,Y, , , , , ,"Prior to June 16, 2025 (Amendment 2)",False,Stationary,Unclear,Other party,MAY-2025_18:43_San Francisco_Van
30270-11002,1,Waymo LLC,Pickup Truck,Stopped,Proceeding Straight,0.0,"On May 2[XXX], 2025 at 11:31 PM PT a Waymo Autonomous Vehicle (""Waymo AV"") operating in San Francisco, California was in a collision involving a pickup truck on [XXX] at [XXX]. 
The Waymo AV was traveling southeastbound on [XXX] and stopped in a queue of traffic. While the Waymo remained stopped for traffic ahead, a pickup truck traveling directly behind the Waymo AV approached the Waymo AV and the front driver side of the pick up truck made contact with the rear of the stationary Waymo AV. At the time of the impact, the Waymo AV's Level 4 ADS was engaged in autonomous mode. The Waymo AV sustained damage.
Waymo is reporting this crash under Request No. 2 of Standing General Order 2021-01. Waymo may supplement or correct its reporting with additional information as it may become available.",No Injuries Reported,No,No,No Passengers in Vehicle,San Francisco,CA ,MAY-2025,23:31,Street,Y, , , , , ,"Prior to June 16, 2025 (Amendment 2)",False,Stationary,Other party,Other party,MAY-2025_23:31_San Francisco_Pickup Truck
30270-10975,1,Waymo LLC,SUV,Stopped,Proceeding Straight,0.0,"On May [XXX], 2025 at 6:07 PM PT a Waymo Autonomous Vehicle (""Waymo AV"") operating in Los Angeles, California was in a collision involving an SUV on [XXX] near [XXX]. 
The Waymo AV was stopped facing west after a passenger drop-off on Melrose Alley. An SUV traveling eastbound on [XXX] passed the stationary Waymo AV and the driver side mirror of the SUV made contact with the driver side mirror of the stationary Waymo AV. At the time of the impact, the Waymo AV's Level 4 ADS was engaged in autonomous mode. The Waymo AV sustained damage.
Waymo is reporting this crash under Request No. 2 of Standing General Order 2021-01. Waymo may supplement or correct its reporting with additional information as it may become available.",No Injuries Reported,No,No,No Passengers in Vehicle,Los Angeles,CA ,MAY-2025,18:07,Street,Y, , , , , ,"Prior to June 16, 2025 (Amendment 2)",False,Stationary,Unclear,Other party,MAY-2025_18:07_Los Angeles_SUV
30270-10917,1,Waymo LLC,SUV,Stopped,Backing,0.0,"On May [XXX], 2025 at 12:06 PM PT a Waymo Autonomous Vehicle (""Waymo AV"") operating in San Francisco, California was in a collision involving an SUV on [XXX] near [XXX]. 
The Waymo AV was traveling westbound on [XXX] and came to a stop as it approached an SUV reversing in-lane. The Waymo AV began to reverse with its hazard lights activated to give the reversing SUV space, and came to a stop to yield to a passenger vehicle stopped directly behind the Waymo AV. The SUV continued to reverse and the rear of the SUV made contact with the front of the stationary Waymo AV. At the time of the impact, the Waymo AV's Level 4 ADS was engaged in autonomous mode. The Waymo AV sustained damage.
Waymo is reporting this crash under Request No. 2 of Standing General Order 2021-01. Waymo may supplement or correct its reporting with additional information as it may become available.",No Injuries Reported,No,No,Yes,San Francisco,CA ,MAY-2025,12:06,Street,Y, , , , , ,"Prior to June 16, 2025 (Amendment 2)",False,Stationary,Other party,Other party,MAY-2025_12:06_San Francisco_SUV
30270-10915,1,Waymo LLC,SUV,Stopped,Proceeding Straight,0.0,"On May [XXX], 2025 at 7:07 PM PT a Waymo Autonomous Vehicle (""Waymo AV"") operating in Venice, California was in a collision involving an SUV on [XXX] near [XXX]. 
The Waymo AV was traveling southeastbound on a narrow portion of [XXX] when it came to a stop to yield to an SUV traveling northwestbound on [XXX]. The SUV proceeded to pass the Waymo AV and the driver side of the SUV made contact with the rear driver side of the stationary Waymo AV. At the time of the impact, the Waymo AV's Level 4 ADS was engaged in autonomous mode. Both vehicles sustained damage.
Waymo is reporting this crash under Request No. 2 of Standing General Order 2021-01. Waymo may supplement or correct its reporting with additional information as it may become available.",No Injuries Reported,No,No,Yes,Venice,CA ,MAY-2025,19:07,Street,Y, , , , , ,"Prior to June 16, 2025 (Amendment 2)",False,Stationary,Unclear,Other party,MAY-2025_19:07_Venice_SUV
30270-10909,1,Waymo LLC,"Other, see Narrative",Making Right Turn,"Other, see Narrative",10.0,"On May [XXX], 2025 at 1:49 PM PT a Waymo Autonomous Vehicle (""Waymo AV"") operating in San Francisco, California was in a collision involving a piece of debris on [XXX] at [XXX]. 
The Waymo AV was traveling westbound on [XXX] and making a right turn onto northbound [XXX]. As the Waymo AV was completing the right turn, the front passenger side tire of the Waymo AV made contact with a piece of debris in the roadway. At the time of the impact, the Waymo AV's Level 4 ADS was engaged in autonomous mode. The Waymo AV sustained damage.
Waymo is reporting this crash under Request No. 1 of Standing General Order 2021-01 because a vehicle involved was towed away. Waymo may supplement or correct its reporting with additional information as it may become available.",No Injuries Reported,No,Yes,Yes,San Francisco,CA ,MAY-2025,13:49,Street,Y, , , , , ,"Prior to June 16, 2025 (Amendment 2)",False,Moving,Unclear,Waymo,"MAY-2025_13:49_San Francisco_Other, see Narrative"
30270-10900,1,Waymo LLC,Passenger Car,Proceeding Straight,Proceeding Straight,2.0,"On May [XXX], 2025 at 2:54 AM PT a Waymo Autonomous Vehicle (""Waymo AV"") operating in San Francisco, California was in a collision involving a passenger car on [XXX] and [XXX]. 
The Waymo AV was traveling northbound on [XXX] and was slowing to stop for a red traffic light at the intersection with [XXX]. A passenger car traveling northbound on [XXX] approached the Waymo AV from behind and the front of the passenger car made contact with the rear of the Waymo AV. At the time of the impact, the Waymo AV's Level 4 ADS was engaged in autonomous mode. Both vehicles sustained damage.
Waymo is reporting this crash under Request No. 1 of Standing General Order 2021-01 because the airbags of a vehicle involved were deployed and a vehicle involved was towed away. Waymo may supplement or correct its reporting with additional information as it may become available.",No Injuries Reported,No,Yes,Yes,San Francisco,CA ,MAY-2025,02:54,Intersection,Y, , , , , ,"Prior to June 16, 2025 (Amendment 2)",False,Moving,Other party,Other party,MAY-2025_02:54_San Francisco_Passenger Car
30270-10899,1,Waymo LLC,Pickup Truck,Parked,"Other, see Narrative",0.0,"On May [XXX], 2025 at 6:14 PM PT a Waymo Autonomous Vehicle (""Waymo AV"") operating in San Francisco, California was in a collision involving a pickup truck on [XXX] near [XXX]. 
The Waymo AV was parked on the curb on [XXX] facing southwest with a pickup truck parked directly behind. A pickup truck traveling southeast on [XXX] made a right turn onto [XXX] and the front of the pickup truck made contact with the rear driver side of the parked pickup truck, and as a result of this contact, the front of the pickup truck then made contact with the rear of the stationary Waymo AV. At the time of the impact, the Waymo AV's Level 4 ADS was engaged in autonomous mode. All vehicles sustained damage.
Waymo is reporting this crash under Request No. 1 of Standing General Order 2021-01 because a vehicle involved was towed away. Waymo may supplement or correct its reporting with additional information as it may become available.",No Injuries Reported,No,Yes,No Passengers in Vehicle,San Francisco,CA ,MAY-2025,18:14,Street,Y, , , , , ,"Prior to June 16, 2025 (Amendment 2)",False,Stationary,Other party,Other party,MAY-2025_18:14_San Francisco_Pickup Truck
30270-10897,1,Waymo LLC,SUV,Proceeding Straight,Changing Lanes,24.0,"On May [XXX], 2025 at 7:37 AM PT a Waymo Autonomous Vehicle (""Waymo AV"") operating in Culver City, California was in a collision involving an SUV on [XXX] near [XXX]. 
The Waymo AV was traveling southwestbound on [XXX] in the leftmost lane when an SUV traveling southwestbound in the right adjacent lane crossed into the Waymo AV's lane of travel in the leftmost lane. The rear driver side of the SUV made contact with the front passenger side of the Waymo AV. At the time of the impact, the Waymo AV's Level 4 ADS was engaged in autonomous mode. Both vehicles sustained damage.
Waymo is reporting this crash under Request No. 2 of Standing General Order 2021-01. Waymo may supplement or correct its reporting with additional information as it may become available.",No Injuries Reported,No,No,Yes,Culver City,CA ,MAY-2025,07:37,Street,Y, , , , , ,"Prior to June 16, 2025 (Amendment 2)",False,Moving,Unclear,Other party,MAY-2025_07:37_Culver City_SUV
30270-10894,1,Waymo LLC,SUV,Passing,Proceeding Straight,9.0,"On May [XXX], 2025 at 4:17 PM PT a Waymo Autonomous Vehicle (""Waymo AV"") operating in Los Angeles, California was in a collision involving an SUV on [XXX] at [XXX]. 
The Waymo AV was traveling northeastbound in the second lane from the right on [XXX] and came to a stop for a queue of traffic ahead of the Waymo AV, in front of a marked ""Keep Clear"" area. As the Waymo AV was stopped, an SUV traveling northwestbound on [XXX] proceeded forward into the area marked ""Keep Clear"" and stopped across the Waymo AV's lane of travel on [XXX], waiting for southwestbound traffic to clear before making a left turn onto [XXX]. The traffic ahead of the Waymo AV proceeded, and the Waymo AV attempted to maneuver around the front of the stationary SUV to proceed straight on [XXX]. As the Waymo AV passed in front of the SUV, the SUV proceeded forward and the passenger side of the Waymo AV made contact with the front driver side of the SUV. At the time of the impact, the Waymo AV's Level 4 ADS was engaged in autonomous mode. Both vehicles sustained damage.
Waymo is reporting this crash under Request No. 2 of Standing General Order 2021-01. Waymo may supplement or correct its reporting with additional information as it may become available.",No Injuries Reported,No,No,Yes,Los Angeles,CA ,MAY-2025,16:17,Intersection,Y, , , , , ,"Prior to June 16, 2025 (Amendment 2)",False,Moving,Unclear,Waymo,MAY-2025_16:17_Los Angeles_SUV
30270-10893,1,Waymo LLC,Passenger Car,Proceeding Straight,Backing,8.0,"On May [XXX], 2025 at 8:51 PM PT a Waymo Autonomous Vehicle (""Waymo AV"") operating in Los Angeles, California was in a collision involving a passenger car on [XXX] near [XXX]. 
The Waymo AV was traveling northwestbound on [XXX] when a passenger car traveling in front of the Waymo AV turned left towards the driveway of [XXX] and stopped in-lane. As the Waymo AV passed behind the stopped passenger car, the passenger car began to reverse and the rear of the passenger car made contact with the driver side of the Waymo AV. At the time of the impact, the Waymo AV's Level 4 ADS was engaged in autonomous mode. Both vehicles sustained damage.
Waymo is reporting this crash under Request No. 2 of Standing General Order 2021-01. Waymo may supplement or correct its reporting with additional information as it may become available.",No Injuries Reported,No,No,No Passengers in Vehicle,Los Angeles,CA ,MAY-2025,20:51,Street,Y, , , , , ,"Prior to June 16, 2025 (Amendment 2)",False,Moving,Unclear,Other party,MAY-2025_20:51_Los Angeles_Passenger Car
30270-10892,2,Waymo LLC,Passenger Car,Stopped,Proceeding Straight,0.0,"The content of this report is unchanged from the initial report submitted on May 23, 2025 [REDACTED, MAY CONTAIN CONFIDENTIAL BUSINESS INFORMATION]. 
On May [XXX], 2025 at 11:04 AM PT a Waymo Autonomous Vehicle (""Waymo AV"") operating in Santa Monica, California was in a collision involving a passenger car on [XXX] at [XXX]. 
The Waymo AV was traveling northeast in the rightmost lane on [XXX] and stopped in a queue of traffic for a red light at the intersection with [XXX]. While the Waymo AV remained stopped, a passenger car traveling northeast approached the Waymo AV from behind and the front passenger side of the passenger car made contact with the rear of the Waymo AV. At the time of the impact, the Waymo AV's Level 4 ADS was engaged in autonomous mode. Both vehicles sustained damage.
Waymo is reporting this crash under Request No. 1 of Standing General Order 2021-01 because an individual involved was transported from the scene to a hospital for medical treatment. Waymo may supplement or correct its reporting with additional information as it may become available.",Minor,No,Yes,Yes,Santa Monica,CA ,MAY-2025,11:04,Street,Y, , , , , ,"Prior to June 16, 2025 (Amendment 2)",False,Stationary,Other party,Other party,MAY-2025_11:04_Santa Monica_Passenger Car
30270-10890,1,Waymo LLC,Passenger Car,Stopped,Proceeding Straight,0.0,"On May [XXX], 2025 at 4:05 PM PT a Waymo Autonomous Vehicle (""Waymo AV"") operating in Los Angeles, California was in a collision involving a passenger car on [XXX] and the on-ramp freeway entrance to South [XXX]. 
The Waymo AV was stopped facing east on [XXX] in the right lane yielding to a queue of stopped traffic facing eastbound ahead of the Waymo AV across the intersection with the on-ramp freeway entrance to South [XXX] and the traffic light was green. As the stationary Waymo AV was waiting to proceed straight, a passenger car traveling eastbound on [XXX] approached the Waymo AV from behind, and the front of the passenger car made contact with the rear of the Waymo AV. At the time of the impact, the Waymo AV's Level 4 ADS was engaged in autonomous mode. Both vehicles sustained damage.
Waymo is reporting this crash under Request No. 2 of Standing General Order 2021-01. Waymo may supplement or correct its reporting with additional information as it may become available.",No Injuries Reported,No,No,Yes,Los Angeles,CA ,MAY-2025,16:05,Intersection,Y, , , , , ,"Prior to June 16, 2025 (Amendment 2)",False,Stationary,Other party,Other party,MAY-2025_16:05_Los Angeles_Passenger Car
30270-10898,1,Waymo LLC,SUV,Proceeding Straight,Parked,3.0,"On May [XXX], 2025 at 3:11 PM PT a Waymo Autonomous Vehicle (""Waymo AV"") operating in San Francisco, California was in a collision involving an SUV on [XXX] near [XXX]. 
The Waymo AV was stopped facing south in the leftmost lane on [XXX] for a queue of traffic at a red light at the intersection with [XXX]. While the Waymo AV remained stopped, an SUV traveling southbound on [XXX] along the curb parked adjacent to the Waymo AV. As the Waymo AV proceeded forward for the green light, the passenger of the parked SUV opened the rear passenger side door and the rear passenger side door made contact with the rear driver side of the Waymo AV. At the time of the impact, the Waymo AV's Level 4 ADS was engaged in autonomous mode. The Waymo AV sustained damage.
Waymo is reporting this crash under Request No. 2 of Standing General Order 2021-01. Waymo may supplement or correct its reporting with additional information as it may become available.",No Injuries Reported,No,No,Yes,San Francisco,CA ,MAY-2025,15:11,Street,Y, , , , , ,"Prior to June 16, 2025 (Amendment 2)",False,Moving,Other party,Other party,MAY-2025_15:11_San Francisco_SUV
30270-10888,1,Waymo LLC,SUV,Stopped,Proceeding Straight,0.0,"On May [XXX], 2025 at 10:20 AM PT a Waymo Autonomous Vehicle (""Waymo AV"") operating in San Francisco, California was in a collision involving a passenger car on [XXX] near [XXX]. 
The Waymo AV was parked in-lane facing north on [XXX] for a passenger pick-up with its hazard lights activated. A passenger car traveling northbound passed the stationary Waymo AV on the left and the passenger side of the passenger car made contact with the driver side of the stationary Waymo AV. At the time of the impact, the Waymo AV's Level 4 ADS was engaged in autonomous mode. Both vehicles sustained damage.
Waymo is reporting this crash under Request No. 2 of Standing General Order 2021-01. Waymo may supplement or correct its reporting with additional information as it may become available.",No Injuries Reported,No,No,No Passengers in Vehicle,San Francisco,CA ,MAY-2025,10:20,Street,Y, , , , , ,"Prior to June 16, 2025 (Amendment 2)",False,Stationary,Unclear,Other party,MAY-2025_10:20_San Francisco_SUV
30270-10887,1,Waymo LLC,SUV,Stopped,Changing Lanes,0.0,"On May [XXX], 2025 at 9:34 PM PT a Waymo Autonomous Vehicle (""Waymo AV"") operating in San Francisco, California was in a collision involving an SUV on [XXX] near [XXX]. 
The Waymo AV was stopped in the center lane facing west on [XXX] in a queue of traffic. While the Waymo AV remained stopped, an SUV that was initially stopped behind the Waymo AV began to change lanes to the left lane, and the passenger side of the SUV made contact with the rear driver side of the stationary Waymo AV. At the time of the impact, the Waymo AV's Level 4 ADS was engaged in autonomous mode. The Waymo AV sustained damage.
Waymo is reporting this crash under Request No. 2 of Standing General Order 2021-01. Waymo may supplement or correct its reporting with additional information as it may become available.",No Injuries Reported,No,No,Yes,San Francisco,CA ,MAY-2025,21:34,Street,Y, , , , , ,"Prior to June 16, 2025 (Amendment 2)",False,Stationary,Unclear,Other party,MAY-2025_21:34_San Francisco_SUV
30270-10918,1,Waymo LLC,SUV,Proceeding Straight,Parked,2.0,"On May [XXX], 2025 at 3:25 PM PT a Waymo Autonomous Vehicle (""Waymo AV"") operating in Beverly Hills, California was in a collision involving an SUV on [XXX] near [XXX]. 
The Waymo AV was traveling northeastbound on [XXX] in the rightmost lane and came to a stop before the queue of traffic for the red light at the intersection at [XXX], yielding to an SUV that was parked facing northeast at the curb and partially in-lane. As the Waymo proceeded in its lane, passing the SUV on the left, a passenger in the SUV opened the rear driver side door and the rear driver side door made contact with the front passenger side of the Waymo AV. At the time of the impact, the Waymo AV's Level 4 ADS was engaged in autonomous mode. The SUV sustained damage.
Waymo is reporting this crash under Request No. 2 of Standing General Order 2021-01. Waymo may supplement or correct its reporting with additional information as it may become available.",No Injuries Reported,No,No,Yes,Beverly Hills,CA ,MAY-2025,15:25,Street,Y, , , , , ,"Prior to June 16, 2025 (Amendment 2)",False,Moving,Other party,Other party,MAY-2025_15:25_Beverly Hills_SUV
30270-10991,1,Waymo LLC,Passenger Car,Proceeding Straight,Proceeding Straight,14.0,"On May [XXX], 2025 at 7:51 PM PT a Waymo Autonomous Vehicle (""Waymo AV"") operating in San Francisco, California was in a collision involving a passenger car on [XXX] and [XXX]. 
The Waymo AV was traveling northbound on [XXX], proceeding through the intersection with [XXX]. A passenger car traveling westbound on [XXX] proceeded into the intersection without first stopping at the stop sign. The Waymo AV braked and maneuvered to the left in an attempt to avoid the passenger car. The front driver side of the passenger car made contact with the passenger side of the Waymo AV. At the time of the impact, the Waymo AV's Level 4 ADS was engaged in autonomous mode. Both vehicles sustained damage.
Waymo is reporting this crash under Request No. 1 of Standing General Order 2021-01 because a vehicle involved was towed away. Waymo may supplement or correct its reporting with additional information as it may become available.",No Injuries Reported,No,Yes,Yes,San Francisco,CA ,MAY-2025,19:51,Intersection,Y, , , , , ,"Prior to June 16, 2025 (Amendment 2)",False,Moving,Unclear,Other party,MAY-2025_19:51_San Francisco_Passenger Car
30270-10928,1,Waymo LLC,Passenger Car,Stopped,Stopped,0.0,"On May [XXX], 2025 at 4:12 PM PT a Waymo Autonomous Vehicle (""Waymo AV"") operating in San Francisco, California was in a collision involving a passenger car on [XXX] at [XXX]. 
The Waymo AV was traveling westbound on [XXX] in the left lane and came to a stop in a queue of traffic for a red light at the intersection at [XXX]. While the Waymo AV remained stopped, a passenger in a passenger car parked facing west by the curb opened the rear passenger side door and the rear passenger side door made contact with the front driver side of the stationary Waymo AV. At the time of the impact, the Waymo AV's Level 4 ADS was engaged in autonomous mode. The Waymo AV sustained damage.
Waymo is reporting this crash under Request No. 2 of Standing General Order 2021-01. Waymo may supplement or correct its reporting with additional information as it may become available.",No Injuries Reported,No,No,No Passengers in Vehicle,San Francisco,CA ,MAY-2025,16:12,Street,Y, , , , , ,"Prior to June 16, 2025 (Amendment 2)",False,Stationary,Other party,Other party,MAY-2025_16:12_San Francisco_Passenger Car
30270-10927,1,Waymo LLC,Heavy Truck,Passing,Backing,4.0,"On May [XXX], 2025 at 5:48 AM PT a Waymo Autonomous Vehicle (""Waymo AV"") operating in San Francisco, California was in a collision involving a heavy truck on [XXX] near [XXX]. 
The Waymo AV was traveling northbound on [XXX] and proceeded to pass a heavy truck that was facing north on the left-hand side of the roadway and reversing southbound. While the Waymo AV continued on the right-hand side of the roadway, attempting to pass the heavy truck, the heavy truck continued reversing and initiated a reversing turn into a garage entrance on the west side of [XXX]. The passenger side of the heavy truck reversed into the right-hand side of the roadway and made contact with the driver side of the Waymo AV. At the time of the impact, the Waymo AV's Level 4 ADS was engaged in autonomous mode. The Waymo AV sustained damage.
Waymo is reporting this crash under Request No. 1 of Standing General Order 2021-01 because a vehicle involved was towed away. Waymo may supplement or correct its reporting with additional information as it may become available.",No Injuries Reported,No,Yes,No Passengers in Vehicle,San Francisco,CA ,MAY-2025,05:48,Street,Y, , , , , ,"Prior to June 16, 2025 (Amendment 2)",False,Moving,Unclear,Other party,MAY-2025_05:48_San Francisco_Heavy Truck
30270-10976,1,Waymo LLC,Passenger Car,Stopped,Proceeding Straight,0.0,"On May [XXX], 2025 at 7:40 AM PT a Waymo Autonomous Vehicle (""Waymo AV"") operating in San Francisco, California was in a collision involving a passenger car on [XXX] near [XXX]. 
The Waymo AV was traveling northbound on [XXX] and came to a stop partially in-lane for a passenger pick-up. A passenger car traveling northbound on [XXX] passed the Waymo AV and the passenger side of the passenger car made contact with the rear driver side of the stationary Waymo AV. At the time of the impact, the Waymo AV's Level 4 ADS was engaged in autonomous mode. Both vehicles sustained damage.
Waymo is reporting this crash under Request No. 2 of Standing General Order 2021-01. Waymo may supplement or correct its reporting with additional information as it may become available.",No Injuries Reported,No,No,No Passengers in Vehicle,San Francisco,CA ,MAY-2025,07:40,Street,Y, , , , , ,"Prior to June 16, 2025 (Amendment 2)",False,Stationary,Unclear,Other party,MAY-2025_07:40_San Francisco_Passenger Car
30270-10926,1,Waymo LLC,Bus,Stopped,Changing Lanes,0.0,"On May [XXX], 2025 at 8:30 AM PT a Waymo Autonomous Vehicle (""Waymo AV"") operating in San Francisco, California was in a collision involving a bus on [XXX] at [XXX]. 
The Waymo AV was stopped facing southwest in a queue of traffic in the right turn lane for a red traffic light on [XXX] at the intersection at [XXX]. A bus that was stopped directly behind the Waymo AV began to merge into the adjacent Bus Only lane to the left of the Waymo AV. The Waymo AV momentarily proceeded forward as traffic ahead advanced, and came to a stop to yield to the vehicle directly in front of the Waymo AV. The bus continued to merge into the adjacent lane and the passenger side of the bus made contact with the rear driver side of the stationary Waymo AV. At the time of the impact, the Waymo AV's Level 4 ADS was engaged in autonomous mode. Both vehicles sustained damage.
Waymo is reporting this crash under Request No. 2 of Standing General Order 2021-01. Waymo may supplement or correct its reporting with additional information as it may become available.",No Injuries Reported,No,No,Yes,San Francisco,CA ,MAY-2025,08:30,Street,Y, , , , , ,"Prior to June 16, 2025 (Amendment 2)",False,Stationary,Unclear,Other party,MAY-2025_08:30_San Francisco_Bus
30270-10974,1,Waymo LLC,SUV,Stopped,Proceeding Straight,0.0,"On May [XXX], 2025 at 1:41 PM PT a Waymo Autonomous Vehicle (""Waymo AV"") operating in Los Angeles, California was in a collision involving an SUV on [XXX] near [XXX]. 
The Waymo AV was stopped in-lane facing southeast on a narrow portion of [XXX] for a passenger pick-up. The Waymo AV departed the passenger pick-up and moved forward a short distance when it came to a stop behind a car that was parked on the right side of the roadway. Shortly after the AV came to a stop, an SUV traveling southeastbound on [XXX] passed the stationary Waymo AV and the passenger side of the SUV made contact with the rear driver side of the Waymo AV. At the time of the impact, the Waymo AV's Level 4 ADS was engaged in autonomous mode. The SUV sustained damage.
Waymo is reporting this crash under Request No. 2 of Standing General Order 2021-01. Waymo may supplement or correct its reporting with additional information as it may become available.",No Injuries Reported,No,No,Yes,Los Angeles,CA ,MAY-2025,13:41,Street,Y, , , , , ,"Prior to June 16, 2025 (Amendment 2)",False,Stationary,Unclear,Other party,MAY-2025_13:41_Los Angeles_SUV
30270-10973,1,Waymo LLC,"Other, see Narrative",Proceeding Straight,"Other, see Narrative",12.0,"On May [XXX], 2025 at 9:47 AM PT a Waymo Autonomous Vehicle (""Waymo AV"") operating in San Francisco, California was in a collision involving a volleyball on the [XXX] of [XXX]. 
The Waymo AV was traveling westbound on [XXX] when a soccer ball rolled into the roadway and made contact with the passenger side front wheel of the Waymo AV. At the time of the impact, the Waymo AV's Level 4 ADS was engaged in autonomous mode. The volleyball sustained damage.
Waymo is reporting this crash under Request No. 2 of Standing General Order 2021-01. Waymo may supplement or correct its reporting with additional information as it may become available.",No Injuries Reported,No,No,No Passengers in Vehicle,San Francisco,CA ,MAY-2025,09:47,Street,Y, , , , , ,"Prior to June 16, 2025 (Amendment 2)",False,Moving,Unclear,Unclear,"MAY-2025_09:47_San Francisco_Other, see Narrative"
30270-10925,1,Waymo LLC,Pickup Truck,Stopped,Passing,0.0,"On May [XXX], 2025 at 8:31 PM PT a Waymo Autonomous Vehicle (""Waymo AV"") operating in Los Angeles, California was in a collision involving a pickup truck on [XXX] near [XXX]. 
The Waymo AV was traveling northbound on a narrow portion of [XXX] with vehicles parked at both curbs when it came to a stop yielding to a pickup truck traveling southbound on [XXX]. The pickup truck passed the stationary Waymo AV and the driver side of the pickup truck made contact with the rear driver side of the Waymo AV. At the time of the impact, the Waymo AV's Level 4 ADS was engaged in autonomous mode. The Waymo AV sustained damage.
Waymo is reporting this crash under Request No. 2 of Standing General Order 2021-01. Waymo may supplement or correct its reporting with additional information as it may become available.",No Injuries Reported,No,No,Yes,Los Angeles,CA ,MAY-2025,20:31,Street,Y, , , , , ,"Prior to June 16, 2025 (Amendment 2)",False,Stationary,Unclear,Other party,MAY-2025_20:31_Los Angeles_Pickup Truck