Report ID,Report Version,Reporting Entity,Crash With,SV Pre-Crash Movement,CP Pre-Crash Movement,SV Precrash Speed (MPH),Narrative,Highest Injury Severity Alleged,Any Air Bags Deployed?,Was Any Vehicle Towed?,Were All Passengers Belted?,City,State,Incident Date,Incident Time (24:00),Roadway Type,Weather - Clear,Weather - Cloudy,Weather - Rain,Weather - Snow,Weather - Severe Wind,Weather - Fog/Smoke/Haze,Data Period,Manual Mode at Impact,Waymo Status,Likely Fault,Contact Initiator,Incident_Key
30270-8822,1,Waymo LLC,Passenger Car,Stopped,Proceeding Straight,0.0,"On September [XXX], 2024 at 12:22 PM PT a Waymo Autonomous Vehicle (Waymo AV) operating in San Francisco, California was in a collision involving a SUV on [XXX] at [XXX]. 
The Waymo AV was traveling northwest on [XXX] and came to a stop in traffic to yield to a red traffic light at the intersection with [XXX]. While the Waymo AV remained stopped, an SUV approached the Waymo AV from behind and the front bumper of the SUV made contact with the rear bumper of the Waymo AV. At the time of the impact, the Waymo AVs Level 4 ADS was engaged in autonomous mode. Both vehicles sustained damage.
Waymo is reporting this crash under Request No. 2 of Standing General Order 2021-01.",Minor,No,No,Yes,San Francisco,CA ,SEP-2024,12:22,Street,Y, , , , , ,"Prior to June 16, 2025 (Amendment 2)",False,Stationary,Unclear,Other party,SEP-2024_12:22_San Francisco_Passenger Car
30270-8687,1,Waymo LLC,Heavy Truck,Stopped,Proceeding Straight,0.0,"On September [XXX], 2024 at 8:16 AM PT a Waymo Autonomous Vehicle (""Waymo AV"") operating in San Francisco, California was in a collision involving a garbage truck on [XXX] north of [XXX]. 
The Waymo AV was traveling northbound on [XXX], which is a narrow street with rows of parked cars on both sides of the street. The AV slowed to a stop to yield to an oncoming garbage truck. As the oncoming garbage truck passed the stopped Waymo AV, the driver side of the garbage truck made contact with the rear driver side of the Waymo AV. At the time of the impact, the Waymo's Level 4 ADS was engaged in autonomous mode. The Waymo AV sustained damage.
Waymo is reporting this crash under Request No. 1 of Standing General Order 2021-01 because a vehicle involved was towed away. Waymo may supplement or correct its reporting with additional information as it may become available",No Injuries Reported,No,Yes,No Passengers in Vehicle,San Francisco,CA ,SEP-2024,08:16,Street, ,Y, , , , ,"Prior to June 16, 2025 (Amendment 2)",False,Stationary,Unclear,Other party,SEP-2024_08:16_San Francisco_Heavy Truck
30270-8639,1,Waymo LLC,Passenger Car,Stopped,Proceeding Straight,0.0,"On September [XXX], 2024 at 9:22 PM PT a Waymo Autonomous Vehicle (""Waymo AV"") operating in San Francisco, California was in a collision involving a passenger car on [XXX] at [XXX].
The Waymo AV was traveling southbound on [XXX] when it approached the intersection with [XXX] and came to a stop for a four way stop sign. While the Waymo AV remained stopped, a passenger car approached the Waymo AV from behind at a high rate of speed and did not stop as it approached the stationary Waymo AV. The front passenger side corner of the passenger car made contact with the rear driver side of the Waymo AV. At the time of the impact, the Waymo AV's Level 4 ADS was engaged in autonomous mode. Both vehicles sustained damage.
Waymo is reporting this crash under Request No. 1 of Standing General Order 2021-01 because a vehicle involved was towed away. Waymo may supplement or correct its reporting with additional information as it may become available.",No Injuries Reported,No,Yes,No Passengers in Vehicle,San Francisco,CA ,SEP-2024,21:22,Intersection,Y, , , , , ,"Prior to June 16, 2025 (Amendment 2)",False,Stationary,Unclear,Other party,SEP-2024_21:22_San Francisco_Passenger Car
30270-8828,2,Waymo LLC,Passenger Car,Stopped,Passing,0.0,"Waymo is submitting this updated report to correct an erroneously reported VIN for the Waymo AV. This updated report is being submitted the same day the original report was submitted, on the monthly reporting due date of October 15, 2024. The remainder of the report and narrative is unchanged.
On September [XXX], 2024 at 8:51 PM PT a Waymo Autonomous Vehicle (Waymo AV) operating in San Francisco, California was in a collision involving a passenger car on [XXX] at [XXX]. 
The Waymo AV was traveling southeastbound in the left lane on [XXX]. The Waymo AV came to a stop to yield to oncoming traffic before making a left turn onto northbound [XXX] when a passenger car on the right side of the Waymo AV attempted to pass between the right side of the Waymo AV and a double parked car. The driver side of the passenger car made contact with the passenger side front bumper of the Waymo AV. At the time of the impact, the Waymo AVs Level 4 ADS was engaged in autonomous mode. The Waymo vehicle sustained damage.
Waymo is reporting this crash under Request No. 2 of Standing General Order 2021-01. Waymo may supplement or correct its reporting with additional information as it may become available.",No Injuries Reported,No,No,Yes,San Francisco,CA ,SEP-2024,20:51,Intersection,Y, , , , , ,"Prior to June 16, 2025 (Amendment 2)",False,Stationary,Unclear,Other party,SEP-2024_20:51_San Francisco_Passenger Car
30270-8842,2,Waymo LLC,SUV,Stopped,Backing,0.0,"Waymo is submitting this updated report to correct an erroneously reported VIN for the Waymo AV. This updated report is being submitted the same day the original report was submitted, on the monthly reporting due date of October 15, 2024. The remainder of the report and narrative is unchanged.
On September [XXX], 2024 at 8:12 PM PT a Waymo Autonomous Vehicle (Waymo AV) operating in San Francisco, California was in a collision involving an SUV on [XXX] near [XXX]. 
The Waymo AV was pulled over on eastbound [XXX] for a passenger pick-up when a SUV on the passenger side of the Waymo AV reversed out of a residential garage. The rear of the SUV then made contact with the rear passenger side of the stopped Waymo AV. At the time of the impact, the Waymo AVs Level 4 ADS was engaged in autonomous mode. The Waymo AV sustained damage.
Waymo is reporting this crash under Request No. 2 of Standing General Order 2021-01. Waymo may supplement or correct its reporting with additional information as it may become available.",No Injuries Reported,No,No,No Passengers in Vehicle,San Francisco,CA ,SEP-2024,20:12,Street,Y, , , , , ,"Prior to June 16, 2025 (Amendment 2)",False,Stationary,Unclear,Other party,SEP-2024_20:12_San Francisco_SUV
30270-8685,2,Waymo LLC,Non-Motorist: Cyclist,Parked,Proceeding Straight,0.0,"The content of this report is unchanged from the initial report submitted on September 24, 2024 [REDACTED, MAY CONTAIN CONFIDENTIAL BUSINESS INFORMATION]. 
On September [XXX], 2024 at 9:14 PM PT a Waymo Autonomous Vehicle (""Waymo AV"") operating in San Francisco, California was in a collision involving a cyclist on [XXX] near [XXX].
The Waymo AV was traveling northeastbound on [XXX] and came to a stop for a passenger drop off. A rider in the Waymo AV opened the rear passenger side door as a cyclist was approaching from the rear in the bicycle lane to the right side of the Waymo AV. The cyclist made contact with the Waymo AV's rear passenger side door. The passengers in the vehicle were not belted at the time of impact, likely because the vehicle was at a dropoff location and they were preparing to exit. At the time of the impact, the Waymo AV's Level 4 ADS was engaged in autonomous mode. Waymo received notice that the cyclist independently sought medical assistance at an urgent care facility.  
Waymo is reporting this crash under Request No. 1 of Standing General Order 2021-01 because a vulnerable road user was involved. Waymo may supplement or correct its reporting with additional information as it may become available.",Unknown,No,No,"No, see Narrative",San Francisco,CA ,SEP-2024,21:14,Street,Y, , , , , ,"Prior to June 16, 2025 (Amendment 2)",False,Stationary,Unclear,Waymo,SEP-2024_21:14_San Francisco_Non-Motorist: Cyclist
30270-8844,1,Waymo LLC,Passenger Car,Stopped,Proceeding Straight,0.0,"On September [XXX], 2024 at 11:27 AM PT a Waymo Autonomous Vehicle (Waymo AV) operating in San Francisco, California was in a collision involving a passenger car on [XXX] at [XXX].
The Waymo AV was traveling south westbound in the right turn lane on [XXX] with its right turn signal activated, and came to a stop for a red traffic light at the intersection with [XXX]. As the light turned to a flashing yellow arrow, a passenger car approached the Waymo AV from behind, and the front bumper of the passenger car made contact with the rear bumper of the Waymo AV. At the time of the impact, the Waymo AVs Level 4 ADS was engaged in autonomous mode. Both vehicles sustained damage.
Waymo is reporting this crash under Request No.  2 of Standing General Order 2021-01. Waymo may supplement or correct its reporting with additional information as it may become available.",No Injuries Reported,No,No,Yes,San Francisco,CA ,SEP-2024,11:27,Intersection, ,Y, , , , ,"Prior to June 16, 2025 (Amendment 2)",False,Stationary,Unclear,Other party,SEP-2024_11:27_San Francisco_Passenger Car
30270-8851,2,Waymo LLC,Passenger Car,Stopped,Passing,0.0,"This is an update to report [XXX], originally submitted on October [XXX], 2024. Since submission, Waymo became aware that the conditions resulting in the AV coming to a stop prior to the collision differed from what was originally described. An updated narrative follows below.
On September 26, 2024 at 11:27 PM PT a Waymo Autonomous Vehicle (""Waymo AV"") operating in San Francisco, California was in a collision involving a passenger car on [XXX] at [XXX].
The Waymo AV was traveling northeastbound on [XXX] when it encountered a stationary garbage truck in the dedicated right turn lane at [XXX].  The AV maneuvered to the left of the garbage truck and into the through lane and continued on [XXX] onto a segment of the road where private vehicle traffic is restricted.  The Waymo AV continued traveling on [XXX], where no turns are permitted, and came to a stop at the intersection at [XXX] because the intersection was excluded from the available area for Waymo AV traversal due to the private vehicle restriction.  While the Waymo AV remained stopped with its hazards on, a passenger car traveling northeast on [XXX] passed by the Waymo AV.  As the passenger car passed by Waymo AV, the passenger side of the passenger car made contact with the rear driver side of the Waymo AV. At the time of the impact, the Waymo AV's Level 4 ADS was engaged in autonomous mode. The Waymo AV sustained damage.
Waymo is reporting this crash under Request No. 2 of Standing General Order 2021-01. Waymo may supplement or correct its reporting with additional information as it may become available.",No Injuries Reported,No,No,No Passengers in Vehicle,San Francisco,CA ,SEP-2024,23:27,Intersection,Y, , , , , ,"Prior to June 16, 2025 (Amendment 2)",False,Stationary,Unclear,Other party,SEP-2024_23:27_San Francisco_Passenger Car
30270-11852,1,Waymo LLC,Heavy Truck,Stopped,Backing,0.0,"On September 23, 2025 at 2:59 PM PT a Waymo Autonomous Vehicle (""Waymo AV"") operating in San Francisco, California was in a collision involving a tow truck on Palou Avenue near Industrial Street. 
The Waymo AV was traveling northwestbound on Palou Avenue and slowed to a stop to yield to a tow truck that stopped in the Waymo AV's lane of travel. The Waymo AV momentarily proceeded forward, but came to a stop again as the tow truck began to reverse. While the Waymo AV remained stopped, the tow truck continued to reverse and the rear of the tow truck made contact with the front of the stationary Waymo AV. At the time of the impact, the Waymo AV's Level 4 ADS was engaged in autonomous mode. The Waymo AV sustained damage.
Waymo is reporting this crash under Request No. 2 of Standing General Order 2021-01. Waymo may supplement or correct its reporting with additional information as it may become available.",Property Damage. No Injured Reported,"No Subject Vehicle, No Crash Partner","No Subject Vehicle, No Crash Partner",Subject Vehicle - No Passenger In Vehicle,San Francisco,CA ,SEP-2025,14:59,Street,Y, , , , , ,"After June 16, 2025 (Amendment 3)",False,Stationary,Other party,Other party,SEP-2025_14:59_San Francisco_Heavy Truck
30270-11795,1,Waymo LLC,Passenger Car,Proceeding Straight,Changing Lanes,32.0,"On September 26, 2025 at 12:49 AM PT a Waymo Autonomous Vehicle (""Waymo AV"") operating in Daly City, California was in a collision involving a passenger car on Mission Street at E. Market Street. 
The Waymo AV was traveling southbound on Mission Street in the second to the rightmost lane and crossing the intersection with E. Market Street at a green light. While the Waymo AV was crossing the intersection, a passenger car traveling ahead of the Waymo AV in the adjacent third to the right lane crossed the dashed lane line into the Waymo AV's lane of travel and the right side of the passenger car made contact with the front left side of the Waymo AV. At the time of the impact, the Waymo AV's Level 4 ADS was engaged in autonomous mode. Both vehicles sustained damage.
Waymo is reporting this crash under Request No. 2 of Standing General Order 2021-01. Waymo may supplement or correct its reporting with additional information as it may become available.",Property Damage. No Injured Reported,"No Subject Vehicle, No Crash Partner","No Subject Vehicle, No Crash Partner",Subject Vehicle - No Passenger In Vehicle,Daly City,CA ,SEP-2025,00:49,Intersection,Y, , , , , ,"After June 16, 2025 (Amendment 3)",False,Moving,Unclear,Other party,SEP-2025_00:49_Daly City_Passenger Car
30270-11821,1,Waymo LLC,SUV,Stopped,Backing,0.0,"On September 28, 2025 at 4:51 AM PT a Waymo Autonomous Vehicle (""Waymo AV"") operating in Los Angeles, California was in a collision involving an SUV on Beverly Boulevard at W. Temple Street. 
The Waymo AV was stopped in a queue of traffic facing northwest in the left lane on Beverly Boulevard for the red light at the intersection with W. Temple Street. An SUV that was stopped directly in front of the Waymo AV activated its hazard lights. The SUV then reversed and the rear of the SUV made contact with the front of the stationary Waymo AV. The driver and passenger of the SUV then exited their vehicle and at 4:54 AM the passenger of the SUV tore off the Waymo AV's right side mirror. At the time of the impact, the Waymo AV's Level 4 ADS was engaged in autonomous mode. Both vehicles sustained damage.
Waymo is reporting this crash under Request No. 1 of Standing General Order 2021-01 because a vehicle involved was towed away. Waymo may supplement or correct its reporting with additional information as it may become available.",Property Damage. No Injured Reported,"No Subject Vehicle, No Crash Partner","Yes Subject Vehicle, No Crash Partner",Subject Vehicle - No Passenger In Vehicle,Los Angeles,CA ,SEP-2025,04:51,Street,Y, , , , , ,"After June 16, 2025 (Amendment 3)",False,Stationary,Other party,Other party,SEP-2025_04:51_Los Angeles_SUV
30270-11839,1,Waymo LLC,Passenger Car,Stopped,Proceeding Straight,0.0,"On September 6, 2025 at 5:41 PM PT a Waymo Autonomous Vehicle (""Waymo AV"") operating in San Francisco, California was in a collision involving a passenger car on Divisadero Street at Chestnut Street. 
The Waymo AV was stopped facing north on Divisadero Street for a stop sign at the intersection at Chestnut Street. While the Waymo AV remained stopped to yield to pedestrians crossing the street, a passenger car with hazard lights activated approached the Waymo AV from behind and the front of the passenger car made contact with the rear of the stationary Waymo AV. At the time of the impact, the Waymo AV's Level 4 ADS was engaged in autonomous mode. Both vehicles sustained damage.
Waymo is reporting this crash under Request No. 2 of Standing General Order 2021-01. Waymo may supplement or correct its reporting with additional information as it may become available.",Property Damage. No Injured Reported,"No Subject Vehicle, No Crash Partner","No Subject Vehicle, No Crash Partner",Subject Vehicle - All Belted,San Francisco,CA ,SEP-2025,17:41,Intersection,Y, , , , , ,"After June 16, 2025 (Amendment 3)",False,Stationary,Other party,Other party,SEP-2025_17:41_San Francisco_Passenger Car
30270-11853,1,Waymo LLC,Heavy Truck,Stopped,Passing,0.0,"On September 18, 2025 at 1:08 PM PT a Waymo Autonomous Vehicle (""Waymo AV"") operating in San Francisco, California was in a collision involving a heavy truck on Florida Street near 24th Street.
The Waymo AV was traveling southbound on a narrow portion of Florida Street with vehicles parked at the curb in both directions when it slowed to a stop to yield to a heavy truck traveling northbound on Florida Street. As the heavy truck passed the stationary Waymo AV, the left side of the heavy truck trailer made contact with the rear left side of the Waymo AV. At the time of the impact, the Waymo AV's Level 4 ADS was engaged in autonomous mode. The Waymo AV sustained damage.
Waymo is reporting this crash under Request No. 2 of Standing General Order 2021-01. Waymo may supplement or correct its reporting with additional information as it may become available.",Property Damage. No Injured Reported,"No Subject Vehicle, No Crash Partner","No Subject Vehicle, No Crash Partner",Subject Vehicle - No Passenger In Vehicle,San Francisco,CA ,SEP-2025,13:08,Street,Y, , , , , ,"After June 16, 2025 (Amendment 3)",False,Stationary,Unclear,Other party,SEP-2025_13:08_San Francisco_Heavy Truck
30270-11851,1,Waymo LLC,Passenger Car,Stopped,Proceeding Straight,0.0,"On September 23, 2025 at 10:35 AM PT a Waymo Autonomous Vehicle (""Waymo AV"") operating in South San Francisco, California was in a collision involving a passenger car on San Mateo Avenue near Lowrie Avenue. 
The Waymo AV was traveling southbound on San Mateo Avenue when it came to a stop behind a heavy truck that was parked in-lane, yielding to oncoming northbound traffic before passing the heavy truck. After traffic cleared, the Waymo AV began to maneuver around the heavy truck, but stopped as a forklift operating at the rear of the heavy truck and to the right of the Waymo AV began to move. A passenger car that was traveling directly behind the Waymo AV approached the Waymo AV from behind and the front right of the passenger car made contact with the rear left of the stationary Waymo AV. At the time of the impact, the Waymo AV's Level 4 ADS was engaged in autonomous mode. The passenger car sustained damage.
Waymo is reporting this crash under Request No. 2 of Standing General Order 2021-01. Waymo may supplement or correct its reporting with additional information as it may become available.",Property Damage. No Injured Reported,"No Subject Vehicle, No Crash Partner","No Subject Vehicle, No Crash Partner",Subject Vehicle - No Passenger In Vehicle,South San Francisco,CA ,SEP-2025,10:35,Street,Y, , , , , ,"After June 16, 2025 (Amendment 3)",False,Stationary,Unclear,Other party,SEP-2025_10:35_South San Francisco_Passenger Car
30270-11791,1,Waymo LLC,Passenger Car,Stopped,Stopped,0.0,"On September 27, 2025 at 10:29 PM PT a Waymo Autonomous Vehicle (""Waymo AV"") operating in Los Angeles, California was in a collision involving a passenger car on Franklin Avenue at Highland Avenue. 
The Waymo AV was stopped facing west on Franklin Avenue in the second to the left designated left turn lane for a red light at the intersection at Highland Avenue. While the Waymo AV was stopped, a passenger car that was traveling northbound in the rightmost lane on Highland Avenue attempted to make a right turn onto eastbound Franklin Avenue. As the passenger car was making the right turn, the passenger car crossed the double yellow lane line and the front of the passenger car made contact with the left side of a second passenger car that was stopped facing west in the leftmost designated left turn lane on Franklin Avenue. The right side of the second passenger car then made contact with the left side of the stationary Waymo AV. At the time of the impact, the Waymo AV's Level 4 ADS was engaged in autonomous mode. The Waymo AV, the first passenger car, and the second passenger car sustained damage. 
Waymo is reporting this crash under Request No. 1 of Standing General Order 2021-01 because a vehicle involved was towed away and because of airbag deployment. Waymo may supplement or correct its reporting with additional information as it may become available.",Property Damage. No Injured Reported,"Yes Crash Partner, No Subject Vehicle","Yes Subject Vehicle, Yes Crash Partner",Subject Vehicle - All Belted,Los Angeles,CA ,SEP-2025,22:29,Intersection,Y, , , , , ,"After June 16, 2025 (Amendment 3)",False,Stationary,Unclear,Unclear,SEP-2025_22:29_Los Angeles_Passenger Car
30270-11758,1,Waymo LLC,SUV,Stopped,Proceeding Straight,0.0,"On September[XXX], 2025 at 9:55 AM PT a Waymo Autonomous Vehicle (""Waymo AV"") operating in San Francisco, California was in a collision involving an SUV on [XXX] near [XXX]. 
The Waymo AV was stopped facing southwest on [XXX] in a queue of traffic for a red light at the intersection at 4th Street[XXX]. The SUV stopped in front of the Waymo AV proceeded forward a short distance to close the distance with the vehicle in front of it, which was stopped at the red light. The Waymo AV followed by proceeding forward a short distance before both vehicles came to a stop. While the Waymo AV was proceeding forward, the SUV behind the Waymo AV proceeded forward as well, but did not stop when the Waymo AV came to a stop and the front of the SUV made contact with the rear of the stationary Waymo AV. At the time of the impact, the Waymo AV's Level 4 ADS was engaged in autonomous mode. Both vehicles sustained damage.
Waymo is reporting this crash under Request No. 1 of Standing General Order 2021-01 because a vehicle involved was towed away. Waymo may supplement or correct its reporting with additional information as it may become available.",Property Damage. No Injured Reported,"No Subject Vehicle, No Crash Partner","Yes Subject Vehicle, No Crash Partner",Subject Vehicle - No Passenger In Vehicle,San Francisco,CA ,SEP-2025,9:55,Street,Y, , , , , ,"After June 16, 2025 (Amendment 3)",False,Stationary,Other party,Other party,SEP-2025_9:55_San Francisco_SUV
30270-11789,1,Waymo LLC,SUV,Stopped,Crossing into Opposing Lane,0.0,"On September 25, 2025 at 10:30 AM PT a Waymo Autonomous Vehicle (""Waymo AV"") operating in Los Angeles, California was in a collision involving an SUV on S. Burlington Avenue at Wilshire Boulevard.
The Waymo AV was stopped facing northeastbound on S. Burlington Avenue in a queue of traffic for a red light at the intersection with Wilshire Boulevard. An SUV traveling northwest on Wilshire Boulevard made a left turn onto southwestbound S. Burlington Boulevard. After the SUV had completed the left turn, it began to cross the dividing double yellow line, and the front left of the SUV made contact with the front left of the stationary Waymo AV. At the time of the impact, the Waymo AV's Level 4 ADS was engaged in autonomous mode. Both vehicles sustained damage, and a passenger in the Waymo AV alleged minor injuries. 
Waymo is reporting this crash under Request No. 1 of Standing General Order 2021-01 because an individual involved was transported from the scene to a hospital for medical treatment. Waymo may supplement or correct its reporting with additional information as it may become available.",Minor W/ Hospitalization,"No Subject Vehicle, No Crash Partner","No Subject Vehicle, No Crash Partner",Subject Vehicle - All Belted,Los Angeles,CA ,SEP-2025,10:30,Street, ,Y, , , , ,"After June 16, 2025 (Amendment 3)",False,Stationary,Unclear,Other party,SEP-2025_10:30_Los Angeles_SUV
30270-11702,1,Waymo LLC,SUV,Stopped,Proceeding Straight,0.0,"On September 9, 2025 at 7:37 AM PT a Waymo Autonomous Vehicle (""Waymo AV"") operating in San Francisco, California was in a collision involving an SUV on 13th Street at Harrison Street. 
The Waymo AV was stopped facing west in the left turn lane on 13th Street for a red light at the intersection at Harrison Street, preparing to make a protected left turn. While the Waymo AV remained stopped, an SUV approached the Waymo AV from behind and the front of the SUV made contact with the rear of the stationary Waymo AV. At the time of the impact, the Waymo AV's Level 4 ADS was engaged in autonomous mode. Both vehicles sustained damage.
Waymo is reporting this crash under Request No. 2 of Standing General Order 2021-01. Waymo may supplement or correct its reporting with additional information as it may become available.",Property Damage. No Injured Reported,"No Subject Vehicle, No Crash Partner","No Subject Vehicle, No Crash Partner",Subject Vehicle - All Belted,San Francisco,CA ,SEP-2025,07:37,Intersection,Y, , , , , ,"After June 16, 2025 (Amendment 3)",False,Stationary,Other party,Other party,SEP-2025_07:37_San Francisco_SUV
30270-11701,1,Waymo LLC,Passenger Car,Stopped,Proceeding Straight,0.0,"On September 9, 2025 at 5:10 PM PT a Waymo Autonomous Vehicle (""Waymo AV"") operating in Los Angeles, California was in a collision involving a passenger car on Sawtelle Boulevard at the off-ramp freeway exit 51 of Interstate 405.
The Waymo AV was traveling southeastbound on Sawtelle Boulevard in the left lane when it came to a stop just before entering the intersection with the off-ramp freeway exit 51 of Interstate 405 to yield to a queue of traffic stopped across the intersection. As the stationary Waymo AV was waiting for traffic to clear before proceeding straight, a passenger car traveling directly behind the Waymo AV approached the Waymo AV from behind and the front of the passenger car made contact with the rear of the Waymo AV. At the time of the impact, the Waymo AV's Level 4 ADS was engaged in autonomous mode. The Waymo AV sustained damage.
Waymo is reporting this crash under Request No. 2 of Standing General Order 2021-01.  Waymo may supplement or correct its reporting with additional information as it may become available.",Property Damage. No Injured Reported,"No Subject Vehicle, No Crash Partner","No Subject Vehicle, No Crash Partner",Subject Vehicle - All Belted,Los Angeles,CA ,SEP-2025,17:10,Intersection,Y, , , , , ,"After June 16, 2025 (Amendment 3)",False,Stationary,Other party,Other party,SEP-2025_17:10_Los Angeles_Passenger Car
30270-11695,1,Waymo LLC,Passenger Car,Stopped,Backing,0.0,"On September 8, 2025 at 8:59 PM PT a Waymo Autonomous Vehicle (""Waymo AV"") operating in San Francisco, California was in a collision involving a passenger car on Powell Street at Bush Street. 
The Waymo AV was stopped facing north on Powell Street in a queue of traffic for a red light at the intersection at Bush Street. When the light turned green, the Waymo AV and the passenger car that was stopped in front of the Waymo AV initially proceeded forward. Before entering the intersection, the passenger car came to a stop and the Waymo AV stopped to yield to the passenger car. The passenger car then reversed and the rear of the passenger car made contact with the front of the stationary Waymo AV. At the time of the impact, the Waymo AV's Level 4 ADS was engaged in autonomous mode. Both vehicles sustained damage.
Waymo is reporting this crash under Request No. 2 of Standing General Order 2021-01. Waymo may supplement or correct its reporting with additional information as it may become available.",Property Damage. No Injured Reported,"No Subject Vehicle, No Crash Partner","No Subject Vehicle, No Crash Partner",Subject Vehicle - No Passenger In Vehicle,San Francisco,CA,SEP-2025,20:59,Street,Y, , , , , ,"After June 16, 2025 (Amendment 3)",False,Stationary,Other party,Other party,SEP-2025_20:59_San Francisco_Passenger Car
30270-11689,1,Waymo LLC,Other Fixed Object,Proceeding Straight,,11.0,"On September [XXX], 2025 at 4:32 PM PT a Waymo Autonomous Vehicle (""Waymo AV"") operating in San Francisco, California made contact with the pavement at the parking lot entrance of [XXX]. 
The Waymo AV was in autonomous mode traveling eastbound on [XXX] when it began to turn left into a parking lot at [XXX]. As the Waymo AV proceeded northbound into the entrance of the parking lot, the Waymo AV's undercarriage made contact with the pavement at the entrance of the parking lot. At the time of the impact, the Waymo AV's Level 4 ADS was engaged in autonomous mode, and a test driver was present (in the driver's seating position). The test driver of the Waymo AV alleged minor injuries.
Waymo is reporting this crash under Request No. 1 of Standing General Order 2021-01 because a vehicle involved was towed away. Waymo may supplement or correct its reporting with additional information as it may become available.",Minor W/O Hospitalization,"No Subject Vehicle, No Crash Partner","Yes Subject Vehicle, No Crash Partner",Subject Vehicle - All Belted,San Francisco,CA,SEP-2025,16:32,Parking Lot,Y, , , , , ,"After June 16, 2025 (Amendment 3)",False,Moving,Unclear,Waymo,SEP-2025_16:32_San Francisco_Other Fixed Object
30270-11664,1,Waymo LLC,SUV,Proceeding Straight,Stopped,2.0,"On September [XXX], 2025 at 8:16 PM PT a Waymo Autonomous Vehicle (""Waymo AV"") operating in San Francisco, California was in a collision involving an SUV on [XXX] at [XXX]. 
The Waymo AV was traveling westbound in the middle of three lanes on [XXX] and came to a stop for a red light at the intersection with [XXX]. An SUV was stopped facing west in the left lane with its hazard lights activated. While the Waymo AV remained stopped, passengers entering the stationary SUV opened the rear right side door. The traffic light then turned green and the Waymo AV remained stopped for the passenger of the SUV standing to the left of the Waymo AV. Once the passengers entered the SUV, the Waymo AV proceeded forward, and the opened rear right door made contact with the rear left side of the Waymo AV. At the time of the impact, the Waymo AV's Level 4 ADS was engaged in autonomous mode. Both vehicles sustained damage.
Waymo is reporting this crash under Request No. 1 of Standing General Order 2021-01 because a vehicle involved was towed away. Waymo may supplement or correct its reporting with additional information as it may become available.",Property Damage. No Injured Reported,"No Subject Vehicle, No Crash Partner","Yes Subject Vehicle, No Crash Partner",Subject Vehicle - All Belted,San Francisco,CA,SEP-2025,20:16,Intersection,Y, , , , , ,"After June 16, 2025 (Amendment 3)",False,Moving,Other party,Other party,SEP-2025_20:16_San Francisco_SUV
30270-11629,1,Waymo LLC,"Other, see Narrative",Proceeding Straight,"Other, see Narrative",3.0,"On September [XXX], 2025 at 3:13 PM PT a Waymo Autonomous Vehicle (""Waymo AV"") operating in Santa Monica, California was in a collision involving one-way traffic spikes at the exit of a parking lot located at [XXX]. 
The Waymo AV was traveling northwestbound on [XXX] when it turned left to enter a parking lot located at [XXX] to complete a multi-point turn. As the Waymo AV proceeded straight through a exit-only gate opening to the parking lot, the front left tire of the Waymo AV made contact with a strip of one-way traffic spikes. At the time of the impact, the Waymo AV's Level 4 ADS was engaged in autonomous mode. The Waymo AV sustained damage.
Waymo is reporting this crash under Request No. 1 of Standing General Order 2021-01 because a vehicle involved was towed away. Waymo may supplement or correct its reporting with additional information as it may become available.",Property Damage. No Injured Reported,"No Subject Vehicle, No Crash Partner","Yes Subject Vehicle, No Crash Partner",Subject Vehicle - All Belted,Santa Monica,CA,SEP-2025,15:13,Parking Lot,Y, , , , , ,"After June 16, 2025 (Amendment 3)",False,Moving,Unclear,Waymo,"SEP-2025_15:13_Santa Monica_Other, see Narrative"
30270-11625,1,Waymo LLC,Motorcycle,Proceeding Straight,Proceeding Straight,1.0,"On September [XXX], 2025 at 11:08 PM PT a Waymo Autonomous Vehicle (""Waymo AV"") operating in San Francisco, California was in a collision involving a motorcycle on [XXX] at [XXX]. 
The Waymo AV was traveling southwestbound on [XXX] when it slowed to a stop to yield to a vehicle stopped in-lane facing southwest on [XXX].  A motorcycle that was traveling behind the Waymo AV approached the Waymo AV from behind and the front of the motorcycle made contact with the rear of the stationary Waymo AV. At the time of the impact, the Waymo AV's Level 4 ADS was engaged in autonomous mode. Both vehicles sustained damage.
Waymo is reporting this crash under Request No. 1 of Standing General Order 2021-01 because a vehicle involved was towed away. Waymo may supplement or correct its reporting with additional information as it may become available.",Property Damage. No Injured Reported,"No Subject Vehicle, No Crash Partner","Yes Subject Vehicle, No Crash Partner",Subject Vehicle - No Passenger In Vehicle,San Francisco,CA,SEP-2025,23:08,Street,Y, , , , , ,"After June 16, 2025 (Amendment 3)",False,Moving,Other party,Other party,SEP-2025_23:08_San Francisco_Motorcycle